,crackles
mfcc_13_mean,-0.1576879109268442
mfcc_4_mean,0.12820151509615968
peak_to_peak,0.12545743188611946
mfcc_6_mean,-0.1097831908515513
mfcc_11_mean,-0.09781712307799961
band_energy_500_1000,-0.08294933102191386
min,-0.0826548858195401
wavelet_entropy,-0.08041132520832531
spectral_flatness,-0.07856815342121617
mfcc_7_mean,-0.0759337456887017
band_energy_0_500,0.07349823854552555
spectral_entropy,0.07231996113405985
mfcc_12_mean,-0.07201963609200268
spectral_rolloff,-0.06964101237609593
mfcc_1_mean,0.06489929915993507
zero_crossing_rate,-0.062055717937466955
max,0.062009826226974804
mfcc_9_mean,-0.05977368513630819
mfcc_3_mean,0.05685722076391279
mfcc_5_mean,0.05620968752968438
mfcc_10_mean,0.04775517687563757
band_energy_1000_1500,-0.047555982901509315
spectral_centroid,-0.039089975237753136
mfcc_2_mean,0.03898607415387692
mfcc_8_mean,-0.038931465672207115
dominant_frequency,0.03526260627173996
band_energy_1500_2000,-0.03243902586801682
energy,0.027248117611881964
wavelet_energy,0.02715621873806059
spectral_bandwidth,0.02506106369883924
mean,0.01964669049918049
variance,0.01709866969525457
skewness,-0.015421624426285873
median,0.015074475537467151
spectral_energy,0.01456520802065369
std,0.014381226699003866
rms,0.011883576902608148
wavelet_std,0.011206894117920946
kurtosis,0.0027061647426488795
