feature,mean,std,coefficient_of_variation
median,-0.00041068440141730394,0.03145006167348205,76.57963508807687
mean,-0.0005847334589090403,0.027665571688913666,47.31313253942618
skewness,0.012682060479903052,0.5031045534825622,39.67056885118542
band_energy_1500_2000,0.0007336898890897825,0.012894738974299642,17.575189665925063
band_energy_1000_1500,0.001312856616127315,0.013035200711725323,9.928883734651754
band_energy_500_1000,0.0037952163354268266,0.019123085278643214,5.038733917510347
spectral_flatness,0.0023323623077989197,0.008126348276733026,3.4841706393882665
kurtosis,2.7213785513068838,6.623437797917352,2.4338538990594136
spectral_energy,369133.2764999429,551157.7704003283,1.4931132073117597
mfcc_13_mean,3.3202705729258497,4.760991395105053,1.4339166915870336
mfcc_11_mean,4.241676251908676,5.3222834597203965,1.2547594732917704
energy,849.467527055137,1030.0895309141188,1.2126296745976222
wavelet_energy,856.081756440755,1033.241878284487,1.2069429940667018
wavelet_entropy,0.2728207455611377,0.3224602299807028,1.1819490827806538
dominant_frequency,13.092563061757032,15.437309570510722,1.1790899534103787
zero_crossing_rate,0.023662380397947415,0.022347462819563835,0.9444300380091062
spectral_rolloff,228.04873323920987,185.17011659767405,0.8119760805837959
mfcc_9_mean,7.522178740538342,6.094203392370802,0.8101646614068421
variance,0.07798438226708097,0.06115214141443677,0.7841588230348315
mfcc_7_mean,12.514881372349443,8.778488283065387,0.7014439867132902
spectral_centroid,129.21921915320823,76.83690501624092,0.5946244337317885
mfcc_5_mean,21.72897075264653,11.865255387147856,0.5460569449982878
mfcc_10_mean,9.917211167430075,5.2333199414109535,0.5277007671872108
mfcc_12_mean,8.508208577134466,3.628558160585596,0.42647733981707986
mfcc_3_mean,47.93289780492764,18.06064821528279,0.3767902430765562
wavelet_std,0.2646030747818545,0.09604778996074738,0.36298818537754574
rms,0.26380080814568935,0.0957102851794357,0.3628127064956334
std,0.26251668376536397,0.09524015952071026,0.36279659697923283
spectral_bandwidth,233.56334520780547,83.80388977031319,0.3588058292954788
mfcc_4_mean,42.28252730849633,13.875011449521766,0.3281500026781362
mfcc_8_mean,15.668918514658834,5.075572473110931,0.32392615153127685
mfcc_6_mean,25.751385643382665,7.859935155167035,0.30522377568395037
mfcc_1_mean,-357.13416089317565,81.0005352206751,0.22680702125525143
spectral_entropy,2.661041846932652,0.5970913736951373,0.22438255692339912
mfcc_2_mean,126.70489175867847,26.406072742834198,0.20840610316077512
min,-0.9273392745604477,0.12454077992336911,0.13429904603389764
max,0.9343781995234126,0.11595040560752642,0.12409365465348379
peak_to_peak,1.8617174740838605,0.13936175947697696,0.07485655660265055
band_energy_0_500,0.9941582299674276,0.03570756220952203,0.03591738330291349
