,count,mean,std,min,25%,50%,75%,max,missing,infinite
mean,6898.0,-0.0005847334589090403,0.027665571688913666,-0.2888474627858192,-0.00183855242567415,4.603238969115368e-05,0.002007063500138125,0.4152777765838193,0,0
std,6898.0,0.26251668376536397,0.09524015952071026,0.0462652751928068,0.19993675554584545,0.25324707774154576,0.3104635727439885,0.8806713883971375,0,0
variance,6898.0,0.07798438226708097,0.06115214141443677,0.0021404756886661,0.03997470626177935,0.0641340823854364,0.09638763031451662,0.7755820943413418,0,0
rms,6898.0,0.26380080814568935,0.0957102851794357,0.0462657429087433,0.2003535070303951,0.25431755952983115,0.3130628562760046,0.8888527599334245,0,0
max,6898.0,0.9343781995234126,0.11595040560752642,0.299835205078125,0.9054031372070312,0.999969482421875,0.999969482421875,0.999969482421875,0,0
min,6898.0,-0.9273392745604477,0.12454077992336911,-1.0,-1.0,-0.999969482421875,-0.8962631225585938,-0.22705078125,0,0
peak_to_peak,6898.0,1.8617174740838605,0.13936175947697696,1.227020263671875,1.782440185546875,1.900543212890625,1.9864120483398438,1.999969482421875,0,0
median,6898.0,-0.00041068440141730394,0.03145006167348205,-0.30902099609375,-0.0062713623046875,-1.52587890625e-05,0.006496429443359375,0.42413330078125,0,0
skewness,6898.0,0.012682060479903052,0.5031045534825622,-5.220785178449242,-0.15023181154128457,0.00017300207641335,0.15609450512103284,7.292108302313294,0,0
kurtosis,6898.0,2.7213785513068838,6.623437797917352,-1.748945118711564,0.23009832658816373,0.9379834125765607,2.5065137668985296,113.79767800895266,0,0
energy,6898.0,849.467527055137,1030.0895309141188,13.85761142335832,360.9276121251751,630.4311473034322,1029.749964379007,51078.90926304553,0,0
zero_crossing_rate,6898.0,0.023662380397947415,0.022347462819563835,0.0011034387303149,0.012354046365489126,0.019443609775640948,0.027292039659288125,0.3929578993055556,0,0
spectral_centroid,6898.0,129.21921915320823,76.83690501624092,12.070566969018506,82.01246733553845,112.9028554622601,153.45614188477475,994.3500803328852,0,0
spectral_bandwidth,6898.0,233.56334520780547,83.80388977031319,33.84345846703743,174.72876921535138,221.80768475300124,276.74128571174134,629.6973418947762,0,0
spectral_rolloff,6898.0,228.04873323920987,185.17011659767405,19.901803359683793,123.11886849647266,175.46670582273816,266.8688725490196,1669.921875,0,0
spectral_flatness,6898.0,0.0023323623077989197,0.008126348276733026,5.996114727550615e-06,0.00031326613596377505,0.0006523021709621,0.0014773290303015001,0.1593141246215916,0,0
spectral_energy,6898.0,369133.2764999429,551157.7704003283,5538.811290104258,148170.48884117784,261837.78801514913,445961.8316535295,32591935.797335215,0,0
dominant_frequency,6898.0,13.092563061757032,15.437309570510722,0.0,7.8125,7.8125,15.625,640.625,0,0
spectral_entropy,6898.0,2.661041846932652,0.5970913736951373,0.9121641507386974,2.2663906035542745,2.683636815932434,3.0092513333714583,5.64497768816761,0,0
band_energy_0_500,6898.0,0.9941582299674276,0.03570756220952203,0.0859659562909555,0.9982319897300463,0.9995212287700412,0.999817477571914,0.9999988068637772,0,0
band_energy_500_1000,6898.0,0.0037952163354268266,0.019123085278643214,1.0349890329039011e-06,0.000129351673634875,0.00034602498544615,0.001359123137317825,0.5037899475361748,0,0
band_energy_1000_1500,6898.0,0.001312856616127315,0.013035200711725323,4.18443051926586e-08,1.9008894397780503e-05,5.43045133374665e-05,0.000159685215252125,0.3867748115688918,0,0
band_energy_1500_2000,6898.0,0.0007336898890897825,0.012894738974299642,1.9335997259391953e-09,7.790471564593323e-06,2.230044646300892e-05,5.9971757384836724e-05,0.6540039956922031,0,0
mfcc_1_mean,6898.0,-357.13416089317565,81.0005352206751,-585.4572143554688,-417.3583526611328,-356.45538330078125,-297.70909881591797,-55.8979606628418,0,0
mfcc_2_mean,6898.0,126.70489175867847,26.406072742834198,-14.618852615356444,110.25274467468262,126.79425048828125,143.38617324829102,225.58294677734375,0,0
mfcc_3_mean,6898.0,47.93289780492764,18.06064821528279,-41.749080657958984,37.311500549316406,49.32198905944824,59.47251224517822,99.68482971191406,0,0
mfcc_4_mean,6898.0,42.28252730849633,13.875011449521766,-24.912757873535156,35.724440574645996,44.252498626708984,51.029093742370605,85.3432846069336,0,0
mfcc_5_mean,6898.0,21.72897075264653,11.865255387147856,-30.33547592163086,14.788360595703123,21.92678928375244,28.751373767852783,64.83521270751953,0,0
mfcc_6_mean,6898.0,25.751385643382665,7.859935155167035,-1.7533116340637207,21.043694496154785,25.49799346923828,30.222103595733643,61.55561828613281,0,0
mfcc_7_mean,6898.0,12.514881372349443,8.778488283065387,-24.324769973754883,6.8181445598602295,11.668414115905762,17.418618202209473,47.31793975830078,0,0
mfcc_8_mean,6898.0,15.668918514658834,5.075572473110931,-7.633002281188965,12.655144929885864,15.866830825805664,18.848388671875,35.20166778564453,0,0
mfcc_9_mean,6898.0,7.522178740538342,6.094203392370802,-24.728042602539062,3.626971960067749,7.151792526245117,11.36453914642334,26.88910865783691,0,0
mfcc_10_mean,6898.0,9.917211167430075,5.2333199414109535,-11.0650053024292,7.01856803894043,10.14627742767334,13.076606512069702,30.671371459960938,0,0
mfcc_11_mean,6898.0,4.241676251908676,5.3222834597203965,-17.93178367614746,0.7923747301101685,4.322709321975708,7.940571188926697,21.606098175048828,0,0
mfcc_12_mean,6898.0,8.508208577134466,3.628558160585596,-5.247417449951172,6.324895739555359,8.605790615081787,10.754133701324463,27.1170597076416,0,0
mfcc_13_mean,6898.0,3.3202705729258497,4.760991395105053,-18.44251823425293,-0.05601496808230875,3.240453362464905,6.936301231384277,21.101741790771484,0,0
wavelet_energy,6898.0,856.081756440755,1033.241878284487,14.076640308800815,364.5673544710771,635.4319980206997,1034.0145397323527,51084.287629142826,0,0
wavelet_entropy,6898.0,0.2728207455611377,0.3224602299807028,0.0007036859630273,0.06640910602537348,0.1593027702481285,0.34893786727802917,2.114375543593404,0,0
wavelet_std,6898.0,0.2646030747818545,0.09604778996074738,0.0462492327543855,0.20066071611446176,0.2551698796338741,0.31382729602242215,0.8882099754123671,0,0
