feature,variance
spectral_energy,303774887872.6611
wavelet_energy,1067588.7790408547
energy,1061084.4416988695
spectral_rolloff,34287.97208079621
spectral_bandwidth,7023.091940634803
mfcc_1_mean,6561.086706035828
spectral_centroid,5903.909972474829
mfcc_2_mean,697.2806776998513
mfcc_3_mean,326.18701395619746
dominant_frequency,238.31052677578194
mfcc_4_mean,192.5159427243601
mfcc_5_mean,140.78428540224124
mfcc_7_mean,77.06185653591629
mfcc_6_mean,61.77858064343064
kurtosis,43.86992826288026
mfcc_9_mean,37.13931498758379
mfcc_11_mean,28.326701225613316
mfcc_10_mean,27.387637609169545
mfcc_8_mean,25.761435929801415
mfcc_13_mean,22.667039064264365
mfcc_12_mean,13.166434324752322
spectral_entropy,0.3565181085411462
skewness,0.2531141917348883
wavelet_entropy,0.10398059991920774
peak_to_peak,0.019421700004518778
min,0.01551040586392106
max,0.013444496560549895
wavelet_std,0.009225177956343845
rms,0.009160458689128908
std,0.009070687985530337
variance,0.003739584399571273
band_energy_0_500,0.001275029998946886
median,0.0009891063792658245
mean,0.0007653838568744214
zero_crossing_rate,0.000499409094471788
band_energy_500_1000,0.0003656923905742608
band_energy_1000_1500,0.00016991645759496438
band_energy_1500_2000,0.00016627429321532217
spectral_flatness,6.603753631476181e-05
