feature_1,feature_2,correlation,absolute_correlation
energy,wavelet_energy,0.9999406860358472,0.9999406860358472
rms,wavelet_std,0.9996667153358126,0.9996667153358126
std,wavelet_std,0.9964748996874295,0.9964748996874295
std,rms,0.9963800996808932,0.9963800996808932
energy,spectral_energy,0.9768858274864264,0.9768858274864264
spectral_energy,wavelet_energy,0.9764680399438824,0.9764680399438824
spectral_centroid,spectral_rolloff,0.9749912264163076,0.9749912264163076
std,variance,0.9644962766214038,0.9644962766214038
variance,rms,0.9598266708765634,0.9598266708765634
variance,wavelet_std,0.9594864077528056,0.9594864077528056
