,wheezes
mfcc_2_mean,0.15323851368516714
wavelet_entropy,0.12144712980329686
mfcc_10_mean,-0.11981920348793153
dominant_frequency,0.10259942289370129
mfcc_8_mean,-0.09490975185719783
mfcc_12_mean,-0.0925578071151063
spectral_entropy,0.0888861368019898
mfcc_11_mean,-0.07269205485770437
spectral_bandwidth,-0.06042117365206736
zero_crossing_rate,0.05980944479876101
peak_to_peak,0.05944211893883482
band_energy_500_1000,0.05022451360157427
min,-0.04686723007935984
band_energy_0_500,-0.04574150880981556
mfcc_9_mean,-0.040810343920243485
mfcc_7_mean,0.03407928980766343
band_energy_1000_1500,0.0328656018021965
wavelet_energy,0.03192277622120547
energy,0.0319032612272412
mean,-0.03017509728390823
mfcc_5_mean,-0.028420971364669645
spectral_flatness,-0.024891993076269527
median,-0.023195619006790635
skewness,-0.021196179517061757
max,0.021104513456444273
mfcc_4_mean,-0.02041907841165052
band_energy_1500_2000,0.01895820448827608
spectral_energy,0.01625432382771304
variance,0.014075840380642024
mfcc_6_mean,0.011739628140934716
std,0.011289388538511259
mfcc_3_mean,0.010732633671053192
mfcc_13_mean,-0.010227024709671163
rms,0.00987175648157159
wavelet_std,0.009591610132953099
spectral_rolloff,0.006045551455140827
mfcc_1_mean,0.0043219198219839
kurtosis,-0.0039364664996770025
spectral_centroid,0.0032869020589828073
