patient_id,predicted_label,true_label,true_disease,predicted_disease
101,2,7,URTI,Bronchiolitis
106,3,3,COPD,COPD
107,3,3,COPD,COPD
119,4,7,URTI,Healthy
121,7,4,Healthy,URTI
122,3,6,Pneumonia,COPD
125,7,4,Healthy,URTI
145,3,3,COPD,COPD
147,3,3,COPD,COPD
150,2,7,URTI,Bronchiolitis
152,7,4,Healthy,URTI
158,3,3,COPD,COPD
159,2,4,Healthy,Bronchiolitis
161,2,2,Bronchiolitis,Bronchiolitis
169,3,1,Bronchiectasis,COPD
172,3,3,COPD,COPD
175,3,3,COPD,COPD
177,3,3,COPD,COPD
179,7,4,Healthy,URTI
185,3,3,COPD,COPD
196,3,1,Bronchiectasis,COPD
203,3,3,COPD,COPD
218,3,3,COPD,COPD
222,3,3,COPD,COPD
223,3,3,COPD,COPD
