patient_id,prob_Asthma,prob_Bronchiectasis,prob_Bronchiolitis,prob_COPD,prob_Healthy,prob_LRTI,prob_Pneumonia,prob_URTI,predicted_label,predicted_disease,true_label,true_disease
101,0.0028197186,0.005588793,0.28877905,0.12948881,0.20661359,0.0889344,0.07685365,0.20092201,2,Bronchiolitis,7,URTI
106,0.0018824512,0.08799937,0.011705482,0.5663111,0.010962584,0.0017944028,0.31235513,0.006989446,3,COPD,3,COPD
107,0.0006795193,0.07455683,0.12937918,0.51730216,0.12075288,0.016768906,0.03368577,0.10687479,3,COPD,3,COPD
119,0.0014100623,0.003331961,0.029993627,0.036841325,0.8373479,0.011624688,0.011217779,0.068232626,4,Healthy,7,URTI
121,0.0002304994,0.011546833,0.039150022,0.15709238,0.22126795,0.008848088,0.01508596,0.54677826,7,URTI,4,Healthy
122,0.003678292,0.0051004165,0.0068086665,0.45452765,0.23340353,0.0071508014,0.26839587,0.020934789,3,COPD,6,Pneumonia
125,0.00043546033,0.024495922,0.03311057,0.13005172,0.07507325,0.021286154,0.01952512,0.6960218,7,URTI,4,Healthy
145,0.00023701022,0.04311144,0.01537757,0.7777062,0.12932363,0.0011981953,0.009967137,0.023078812,3,COPD,3,COPD
147,0.00026429293,0.18927445,0.047749475,0.5960575,0.03773239,0.00593292,0.015246659,0.1077424,3,COPD,3,COPD
150,0.0016954998,0.007635404,0.44561374,0.042262148,0.12790938,0.18771821,0.019004473,0.16816115,2,Bronchiolitis,7,URTI
152,0.0058554322,0.012811727,0.015183767,0.23037808,0.22114386,0.012740346,0.128409,0.37347785,7,URTI,4,Healthy
158,0.0007701602,0.20393774,0.036485348,0.5939709,0.07332213,0.007533809,0.036731362,0.047248602,3,COPD,3,COPD
159,0.004998783,0.003052562,0.33732954,0.06420438,0.15479998,0.1199452,0.059801992,0.2558676,2,Bronchiolitis,4,Healthy
161,0.0017856151,0.0038270527,0.3879193,0.04898222,0.093950085,0.12935348,0.02889376,0.30528846,2,Bronchiolitis,2,Bronchiolitis
169,0.0006756845,0.2556122,0.064656116,0.52947044,0.020077204,0.013999487,0.025467763,0.09004112,3,COPD,1,Bronchiectasis
172,0.0020152982,0.093033746,0.044834986,0.7433561,0.05182785,0.0059904736,0.016690267,0.042251315,3,COPD,3,COPD
175,5.9492373e-05,0.045580145,0.29735714,0.53737813,0.0072883815,0.019206876,0.0035500417,0.089579776,3,COPD,3,COPD
177,0.0005270514,0.03359513,0.0075606583,0.8619992,0.05071358,0.0024306742,0.017949058,0.025224596,3,COPD,3,COPD
179,0.016043667,0.00072384404,0.119012706,0.041143086,0.26997367,0.099558845,0.083985,0.36955923,7,URTI,4,Healthy
185,0.001734602,0.093451306,0.17368062,0.457056,0.032306187,0.055843785,0.08552791,0.100399606,3,COPD,3,COPD
196,2.763317e-08,0.46740368,1.0507988e-05,0.5319113,0.00051718234,2.9262461e-08,0.00013766486,1.958575e-05,3,COPD,1,Bronchiectasis
203,0.00055749767,0.17724523,0.039822433,0.5788076,0.10628984,0.00722725,0.034560483,0.05548971,3,COPD,3,COPD
218,0.0013179744,0.03694366,0.023621486,0.61830574,0.08829265,0.0050330875,0.10153834,0.12494708,3,COPD,3,COPD
222,0.0010950817,0.0071960567,0.016297014,0.7963114,0.07767939,0.0038645465,0.030240122,0.06731647,3,COPD,3,COPD
223,0.0365969,0.00141003,0.015617458,0.3929512,0.17677492,0.01323669,0.2660467,0.09736615,3,COPD,3,COPD
