file,sample_rate,frames,duration
101_1b1_Al_sc_Meditron.wav,44100,882000,20.0
101_1b1_Pr_sc_Meditron.wav,44100,882000,20.0
102_1b1_Ar_sc_Meditron.wav,44100,882000,20.0
103_2b2_Ar_mc_LittC2SE.wav,44100,882000,20.0
104_1b1_Al_sc_Litt3200.wav,4000,63424,15.856
104_1b1_Ar_sc_Litt3200.wav,4000,102336,25.584
104_1b1_Ll_sc_Litt3200.wav,4000,73920,18.48
104_1b1_Lr_sc_Litt3200.wav,4000,60096,15.024
104_1b1_Pl_sc_Litt3200.wav,4000,91840,22.96
104_1b1_Pr_sc_Litt3200.wav,4000,94912,23.728
105_1b1_Tc_sc_Meditron.wav,44100,882000,20.0
106_2b1_Pl_mc_LittC2SE.wav,44100,882000,20.0
106_2b1_Pr_mc_LittC2SE.wav,44100,882000,20.0
107_2b3_Al_mc_AKGC417L.wav,44100,882000,20.0
107_2b3_Ar_mc_AKGC417L.wav,44100,882000,20.0
107_2b3_Ll_mc_AKGC417L.wav,44100,882000,20.0
107_2b3_Lr_mc_AKGC417L.wav,44100,882000,20.0
107_2b3_Pl_mc_AKGC417L.wav,44100,882000,20.0
107_2b3_Pr_mc_AKGC417L.wav,44100,882000,20.0
107_2b3_Tc_mc_AKGC417L.wav,44100,882000,20.0
107_2b4_Al_mc_AKGC417L.wav,44100,882000,20.0
107_2b4_Ar_mc_AKGC417L.wav,44100,882000,20.0
107_2b4_Ll_mc_AKGC417L.wav,44100,882000,20.0
107_2b4_Lr_mc_AKGC417L.wav,44100,882000,20.0
107_2b4_Pl_mc_AKGC417L.wav,44100,882000,20.0
107_2b4_Pr_mc_AKGC417L.wav,44100,882000,20.0
107_2b4_Tc_mc_AKGC417L.wav,44100,882000,20.0
107_2b5_Al_mc_AKGC417L.wav,44100,882000,20.0
107_2b5_Ar_mc_AKGC417L.wav,44100,882000,20.0
107_2b5_Ll_mc_AKGC417L.wav,44100,882000,20.0
107_2b5_Lr_mc_AKGC417L.wav,44100,882000,20.0
107_2b5_Pl_mc_AKGC417L.wav,44100,882000,20.0
107_2b5_Pr_mc_AKGC417L.wav,44100,882000,20.0
107_2b5_Tc_mc_AKGC417L.wav,44100,882000,20.0
107_3p2_Al_mc_AKGC417L.wav,44100,882000,20.0
107_3p2_Ar_mc_AKGC417L.wav,44100,882000,20.0
107_3p2_Ll_mc_AKGC417L.wav,44100,882000,20.0
107_3p2_Lr_mc_AKGC417L.wav,44100,882000,20.0
107_3p2_Pl_mc_AKGC417L.wav,44100,882000,20.0
107_3p2_Pr_mc_AKGC417L.wav,44100,882000,20.0
107_3p2_Tc_mc_AKGC417L.wav,44100,882000,20.0
108_1b1_Al_sc_Meditron.wav,44100,882000,20.0
109_1b1_Al_sc_Litt3200.wav,4000,81344,20.336
109_1b1_Ar_sc_Litt3200.wav,4000,79808,19.952
109_1b1_Ll_sc_Litt3200.wav,4000,67776,16.944
109_1b1_Lr_sc_Litt3200.wav,4000,69824,17.456
109_1b1_Pl_sc_Litt3200.wav,4000,70592,17.648
109_1b1_Pr_sc_Litt3200.wav,4000,120000,30.0
110_1b1_Pr_sc_Meditron.wav,4000,285800,71.45
110_1p1_Al_sc_Meditron.wav,4000,129200,32.3
110_1p1_Ll_sc_Meditron.wav,4000,129600,32.4
110_1p1_Lr_sc_Meditron.wav,4000,129600,32.4
110_1p1_Pr_sc_Meditron.wav,4000,301000,75.25
111_1b2_Tc_sc_Meditron.wav,44100,882001,20.00002267573696
111_1b3_Tc_sc_Meditron.wav,44100,882001,20.00002267573696
112_1b1_Ar_sc_Meditron.wav,4000,271400,67.85
112_1b1_Lr_sc_Meditron.wav,4000,134400,33.6
112_1p1_Ll_sc_Litt3200.wav,4000,117440,29.36
112_1p1_Pl_sc_Litt3200.wav,4000,120000,30.0
112_1p1_Pr_sc_Litt3200.wav,4000,120000,30.0
113_1b1_Al_sc_Litt3200.wav,4000,58304,14.576
113_1b1_Ar_sc_Litt3200.wav,4000,62912,15.728
113_1b1_Ll_sc_Litt3200.wav,4000,83392,20.848
113_1b1_Lr_sc_Litt3200.wav,4000,58304,14.576
113_1b1_Pl_sc_Litt3200.wav,4000,78528,19.632
113_1b1_Pr_sc_Litt3200.wav,4000,87744,21.936
114_1b4_Al_mc_AKGC417L.wav,44100,882000,20.0
114_1b4_Ar_mc_AKGC417L.wav,44100,882000,20.0
114_1b4_Lr_mc_AKGC417L.wav,44100,882000,20.0
114_1b4_Pl_mc_AKGC417L.wav,44100,882000,20.0
114_1b4_Pr_mc_AKGC417L.wav,44100,882000,20.0
115_1b1_Ar_sc_Meditron.wav,44100,882000,20.0
116_1b2_Pl_sc_Meditron.wav,44100,882001,20.00002267573696
116_1b2_Tc_sc_Meditron.wav,44100,882001,20.00002267573696
117_1b2_Tc_mc_LittC2SE.wav,44100,882000,20.0
117_1b3_Tc_mc_LittC2SE.wav,44100,882000,20.0
118_1b1_Al_sc_Litt3200.wav,4000,61888,15.472
118_1b1_Ar_sc_Litt3200.wav,4000,73408,18.352
118_1b1_Ll_sc_Litt3200.wav,4000,50112,12.528
118_1b1_Lr_sc_Litt3200.wav,4000,80320,20.08
118_1b1_Pl_sc_Litt3200.wav,4000,49856,12.464
118_1b1_Pr_sc_Litt3200.wav,4000,49856,12.464
119_1b1_Ar_sc_Meditron.wav,44100,882000,20.0
120_1b1_Al_sc_Meditron.wav,4000,267000,66.75
120_1b1_Ar_sc_Meditron.wav,4000,267000,66.75
120_1b1_Lr_sc_Meditron.wav,4000,344800,86.2
120_1b1_Pl_sc_Meditron.wav,4000,269600,67.4
120_1b1_Pr_sc_Meditron.wav,4000,269600,67.4
121_1b1_Tc_sc_Meditron.wav,44100,882000,20.0
121_1p1_Tc_sc_Meditron.wav,44100,882000,20.0
122_2b1_Al_mc_LittC2SE.wav,44100,882000,20.0
122_2b1_Ar_mc_LittC2SE.wav,44100,882000,20.0
122_2b1_Tc_mc_LittC2SE.wav,44100,882000,20.0
122_2b2_Al_mc_LittC2SE.wav,44100,882000,20.0
122_2b2_Ar_mc_LittC2SE.wav,44100,882000,20.0
122_2b2_Tc_mc_LittC2SE.wav,44100,882000,20.0
122_2b3_Al_mc_LittC2SE.wav,44100,882000,20.0
122_2b3_Ar_mc_LittC2SE.wav,44100,882000,20.0
122_2b3_Tc_mc_LittC2SE.wav,44100,882000,20.0
123_1b1_Al_sc_Meditron.wav,44100,882000,20.0
124_1b1_Al_sc_Litt3200.wav,4000,50112,12.528
124_1b1_Ar_sc_Litt3200.wav,4000,44992,11.248
124_1b1_Ll_sc_Litt3200.wav,4000,72896,18.224
124_1b1_Lr_sc_Litt3200.wav,4000,69056,17.264
124_1b1_Pl_sc_Litt3200.wav,4000,38336,9.584
124_1b1_Pr_sc_Litt3200.wav,4000,31424,7.856
125_1b1_Tc_sc_Meditron.wav,44100,882000,20.0
126_1b1_Al_sc_Meditron.wav,44100,882000,20.0
127_1b1_Ar_sc_Meditron.wav,44100,880677,19.97
128_1b3_Tc_mc_LittC2SE.wav,44100,882000,20.0
129_1b1_Ar_sc_Meditron.wav,44100,882000,20.0
130_1p2_Al_mc_AKGC417L.wav,44100,882000,20.0
130_1p2_Ar_mc_AKGC417L.wav,44100,882000,20.0
130_1p2_Ll_mc_AKGC417L.wav,44100,882000,20.0
130_1p2_Lr_mc_AKGC417L.wav,44100,882000,20.0
130_1p2_Pl_mc_AKGC417L.wav,44100,882000,20.0
130_1p2_Pr_mc_AKGC417L.wav,44100,882000,20.0
130_1p2_Tc_mc_AKGC417L.wav,44100,882000,20.0
130_1p3_Al_mc_AKGC417L.wav,44100,882000,20.0
130_1p3_Ar_mc_AKGC417L.wav,44100,882000,20.0
130_1p3_Ll_mc_AKGC417L.wav,44100,882000,20.0
130_1p3_Lr_mc_AKGC417L.wav,44100,882000,20.0
130_1p3_Pl_mc_AKGC417L.wav,44100,882000,20.0
130_1p3_Pr_mc_AKGC417L.wav,44100,882000,20.0
130_1p3_Tc_mc_AKGC417L.wav,44100,882000,20.0
130_1p4_Al_mc_AKGC417L.wav,44100,882000,20.0
130_1p4_Ar_mc_AKGC417L.wav,44100,882000,20.0
130_1p4_Ll_mc_AKGC417L.wav,44100,882000,20.0
130_1p4_Lr_mc_AKGC417L.wav,44100,882000,20.0
130_1p4_Pl_mc_AKGC417L.wav,44100,882000,20.0
130_1p4_Pr_mc_AKGC417L.wav,44100,882000,20.0
130_1p4_Tc_mc_AKGC417L.wav,44100,882000,20.0
130_2b2_Al_mc_AKGC417L.wav,44100,882000,20.0
130_2b2_Ar_mc_AKGC417L.wav,44100,882000,20.0
130_2b2_Ll_mc_AKGC417L.wav,44100,882000,20.0
130_2b2_Lr_mc_AKGC417L.wav,44100,882000,20.0
130_2b2_Pl_mc_AKGC417L.wav,44100,882000,20.0
130_2b2_Pr_mc_AKGC417L.wav,44100,882000,20.0
130_2b2_Tc_mc_AKGC417L.wav,44100,882000,20.0
130_2b3_Al_mc_AKGC417L.wav,44100,882000,20.0
130_2b3_Ar_mc_AKGC417L.wav,44100,882000,20.0
130_2b3_Ll_mc_AKGC417L.wav,44100,882000,20.0
130_2b3_Lr_mc_AKGC417L.wav,44100,882000,20.0
130_2b3_Pl_mc_AKGC417L.wav,44100,882000,20.0
130_2b3_Pr_mc_AKGC417L.wav,44100,882000,20.0
130_2b3_Tc_mc_AKGC417L.wav,44100,882000,20.0
130_2b4_Al_mc_AKGC417L.wav,44100,882000,20.0
130_2b4_Ar_mc_AKGC417L.wav,44100,882000,20.0
130_2b4_Ll_mc_AKGC417L.wav,44100,882000,20.0
130_2b4_Lr_mc_AKGC417L.wav,44100,882000,20.0
130_2b4_Pl_mc_AKGC417L.wav,44100,882000,20.0
130_2p3_Pl_mc_AKGC417L.wav,44100,882000,20.0
130_2p5_Al_mc_AKGC417L.wav,44100,882000,20.0
130_2p5_Ar_mc_AKGC417L.wav,44100,882000,20.0
130_2p5_Lr_mc_AKGC417L.wav,44100,882000,20.0
130_2p5_Pl_mc_AKGC417L.wav,44100,882000,20.0
130_2p5_Pr_mc_AKGC417L.wav,44100,882000,20.0
130_2p5_Tc_mc_AKGC417L.wav,44100,882000,20.0
130_3b3_Ll_mc_AKGC417L.wav,44100,882000,20.0
130_3b4_Al_mc_AKGC417L.wav,44100,882000,20.0
130_3b4_Ar_mc_AKGC417L.wav,44100,882000,20.0
130_3b4_Lr_mc_AKGC417L.wav,44100,882000,20.0
130_3b4_Pl_mc_AKGC417L.wav,44100,882000,20.0
130_3b4_Pr_mc_AKGC417L.wav,44100,882000,20.0
130_3p2_Al_mc_AKGC417L.wav,44100,882000,20.0
130_3p2_Ar_mc_AKGC417L.wav,44100,882000,20.0
130_3p2_Pl_mc_AKGC417L.wav,44100,882000,20.0
130_3p2_Pr_mc_AKGC417L.wav,44100,882000,20.0
130_3p2_Tc_mc_AKGC417L.wav,44100,882000,20.0
130_3p3_Al_mc_AKGC417L.wav,44100,882000,20.0
130_3p3_Pl_mc_AKGC417L.wav,44100,882000,20.0
130_3p3_Pr_mc_AKGC417L.wav,44100,882000,20.0
130_3p3_Tc_mc_AKGC417L.wav,44100,882000,20.0
130_3p4_Al_mc_AKGC417L.wav,44100,882000,20.0
130_3p4_Pl_mc_AKGC417L.wav,44100,882000,20.0
130_3p4_Pr_mc_AKGC417L.wav,44100,882000,20.0
130_3p4_Tc_mc_AKGC417L.wav,44100,882000,20.0
131_1b1_Al_sc_Meditron.wav,44100,882000,20.0
132_2b1_Lr_mc_LittC2SE.wav,44100,882000,20.0
132_2b2_Lr_mc_LittC2SE.wav,44100,882000,20.0
133_2p2_Al_mc_AKGC417L.wav,44100,882000,20.0
133_2p2_Ar_mc_AKGC417L.wav,44100,882000,20.0
133_2p2_Pl_mc_AKGC417L.wav,44100,882000,20.0
133_2p2_Tc_mc_AKGC417L.wav,44100,882000,20.0
133_2p3_Al_mc_AKGC417L.wav,44100,882000,20.0
133_2p3_Ar_mc_AKGC417L.wav,44100,882000,20.0
133_2p3_Pl_mc_AKGC417L.wav,44100,882000,20.0
133_2p3_Pr_mc_AKGC417L.wav,44100,882000,20.0
133_2p3_Tc_mc_AKGC417L.wav,44100,882000,20.0
133_2p4_Al_mc_AKGC417L.wav,44100,882000,20.0
133_2p4_Ar_mc_AKGC417L.wav,44100,882000,20.0
133_2p4_Pl_mc_AKGC417L.wav,44100,882000,20.0
133_2p4_Pr_mc_AKGC417L.wav,44100,882000,20.0
133_2p4_Tc_mc_AKGC417L.wav,44100,882000,20.0
133_3p2_Al_mc_AKGC417L.wav,44100,882000,20.0
133_3p2_Ar_mc_AKGC417L.wav,44100,882000,20.0
133_3p2_Pl_mc_AKGC417L.wav,44100,882000,20.0
133_3p2_Pr_mc_AKGC417L.wav,44100,882000,20.0
133_3p4_Tc_mc_AKGC417L.wav,44100,882000,20.0
134_2b1_Al_mc_LittC2SE.wav,44100,882000,20.0
134_2b1_Ar_mc_LittC2SE.wav,44100,882000,20.0
134_2b2_Al_mc_LittC2SE.wav,44100,882000,20.0
134_2b2_Ar_mc_LittC2SE.wav,44100,882000,20.0
134_2b3_Ar_mc_LittC2SE.wav,44100,882000,20.0
135_2b1_Al_mc_LittC2SE.wav,44100,882000,20.0
135_2b1_Ar_mc_LittC2SE.wav,44100,882000,20.0
135_2b1_Pl_mc_LittC2SE.wav,44100,882000,20.0
135_2b1_Tc_mc_LittC2SE.wav,44100,882000,20.0
135_2b2_Al_mc_LittC2SE.wav,44100,882000,20.0
135_2b2_Ar_mc_LittC2SE.wav,44100,882000,20.0
135_2b2_Pl_mc_LittC2SE.wav,44100,882000,20.0
135_2b2_Tc_mc_LittC2SE.wav,44100,882000,20.0
135_2b3_Al_mc_LittC2SE.wav,44100,882000,20.0
135_2b3_Ar_mc_LittC2SE.wav,44100,882000,20.0
135_2b3_Pl_mc_LittC2SE.wav,44100,882000,20.0
135_2b3_Pr_mc_LittC2SE.wav,44100,882000,20.0
135_2b3_Tc_mc_LittC2SE.wav,44100,882000,20.0
136_1b1_Ar_sc_Meditron.wav,44100,882000,20.0
137_1b1_Ar_sc_Meditron.wav,44100,882000,20.0
137_1b1_Ll_sc_Meditron.wav,44100,882000,20.0
138_1p2_Al_mc_AKGC417L.wav,44100,882000,20.0
138_1p2_Ar_mc_AKGC417L.wav,44100,882000,20.0
138_1p2_Ll_mc_AKGC417L.wav,44100,882000,20.0
138_1p2_Lr_mc_AKGC417L.wav,44100,882000,20.0
138_1p2_Pl_mc_AKGC417L.wav,44100,882000,20.0
138_1p2_Pr_mc_AKGC417L.wav,44100,882000,20.0
138_1p2_Tc_mc_AKGC417L.wav,44100,882000,20.0
138_1p3_Al_mc_AKGC417L.wav,44100,882000,20.0
138_1p3_Ar_mc_AKGC417L.wav,44100,882000,20.0
138_1p3_Ll_mc_AKGC417L.wav,44100,882000,20.0
138_1p3_Lr_mc_AKGC417L.wav,44100,882000,20.0
138_1p3_Pl_mc_AKGC417L.wav,44100,882000,20.0
138_1p3_Pr_mc_AKGC417L.wav,44100,882000,20.0
138_1p3_Tc_mc_AKGC417L.wav,44100,882000,20.0
138_1p4_Ar_mc_AKGC417L.wav,44100,882000,20.0
138_1p4_Ll_mc_AKGC417L.wav,44100,882000,20.0
138_1p4_Lr_mc_AKGC417L.wav,44100,882000,20.0
138_1p4_Pl_mc_AKGC417L.wav,44100,882000,20.0
138_1p4_Pr_mc_AKGC417L.wav,44100,882000,20.0
138_1p4_Tc_mc_AKGC417L.wav,44100,882000,20.0
138_2p2_Al_mc_AKGC417L.wav,44100,882000,20.0
138_2p2_Ar_mc_AKGC417L.wav,44100,882000,20.0
138_2p2_Ll_mc_AKGC417L.wav,44100,882000,20.0
138_2p2_Lr_mc_AKGC417L.wav,44100,882000,20.0
138_2p2_Pl_mc_AKGC417L.wav,44100,882000,20.0
138_2p2_Pr_mc_AKGC417L.wav,44100,882000,20.0
138_2p2_Tc_mc_AKGC417L.wav,44100,882000,20.0
139_1b1_Al_sc_Litt3200.wav,4000,78528,19.632
139_1b1_Ar_sc_Litt3200.wav,4000,67776,16.944
139_1b1_Ll_sc_Litt3200.wav,4000,83392,20.848
139_1b1_Lr_sc_Litt3200.wav,4000,58304,14.576
139_1b1_Pl_sc_Litt3200.wav,4000,58304,14.576
139_1b1_Pr_sc_Litt3200.wav,4000,64960,16.24
140_2b2_Ll_mc_LittC2SE.wav,44100,882000,20.0
140_2b2_Tc_mc_LittC2SE.wav,44100,882000,20.0
140_2b3_Ll_mc_LittC2SE.wav,44100,882000,20.0
140_2b3_Tc_mc_LittC2SE.wav,44100,882000,20.0
141_1b1_Pr_mc_LittC2SE.wav,44100,882000,20.0
141_1b2_Ar_mc_LittC2SE.wav,44100,882000,20.0
141_1b2_Lr_mc_LittC2SE.wav,44100,882000,20.0
141_1b2_Pr_mc_LittC2SE.wav,44100,882000,20.0
141_1b2_Tc_mc_LittC2SE.wav,44100,882000,20.0
141_1b3_Al_mc_LittC2SE.wav,44100,882000,20.0
141_1b3_Ar_mc_LittC2SE.wav,44100,882000,20.0
141_1b3_Pr_mc_LittC2SE.wav,44100,882000,20.0
142_1b1_Pl_mc_LittC2SE.wav,44100,882000,20.0
143_1b1_Al_sc_Meditron.wav,44100,882000,20.0
144_1b1_Al_sc_Meditron.wav,44100,881118,19.98
144_1b1_Tc_sc_Meditron.wav,44100,882000,20.0
145_2b2_Al_mc_AKGC417L.wav,44100,882000,20.0
145_2b2_Ar_mc_AKGC417L.wav,44100,882000,20.0
145_2b2_Lr_mc_AKGC417L.wav,44100,882000,20.0
145_2b2_Pr_mc_AKGC417L.wav,44100,882000,20.0
145_3b2_Ar_mc_AKGC417L.wav,44100,882000,20.0
145_3b2_Lr_mc_AKGC417L.wav,44100,882000,20.0
145_3b4_Pl_mc_AKGC417L.wav,44100,882000,20.0
146_2b2_Pl_mc_AKGC417L.wav,44100,882000,20.0
146_2b4_Al_mc_AKGC417L.wav,44100,882000,20.0
146_2b4_Ar_mc_AKGC417L.wav,44100,882000,20.0
146_2b4_Ll_mc_AKGC417L.wav,44100,882000,20.0
146_2b4_Lr_mc_AKGC417L.wav,44100,882000,20.0
146_2b4_Pr_mc_AKGC417L.wav,44100,882000,20.0
146_8p3_Al_mc_AKGC417L.wav,44100,882000,20.0
146_8p3_Ar_mc_AKGC417L.wav,44100,882000,20.0
146_8p3_Lr_mc_AKGC417L.wav,44100,882000,20.0
146_8p3_Pl_mc_AKGC417L.wav,44100,882000,20.0
146_8p3_Pr_mc_AKGC417L.wav,44100,882000,20.0
147_1b2_Tc_mc_AKGC417L.wav,44100,882000,20.0
147_1b3_Tc_mc_AKGC417L.wav,44100,882000,20.0
147_1b4_Tc_mc_AKGC417L.wav,44100,882000,20.0
147_2b2_Al_mc_AKGC417L.wav,44100,882000,20.0
147_2b2_Ar_mc_AKGC417L.wav,44100,882000,20.0
147_2b2_Pl_mc_AKGC417L.wav,44100,882000,20.0
147_2b3_Al_mc_AKGC417L.wav,44100,882000,20.0
147_2b3_Ar_mc_AKGC417L.wav,44100,882000,20.0
147_2b3_Ll_mc_AKGC417L.wav,44100,882000,20.0
147_2b3_Lr_mc_AKGC417L.wav,44100,882000,20.0
147_2b3_Pl_mc_AKGC417L.wav,44100,882000,20.0
147_2b4_Al_mc_AKGC417L.wav,44100,882000,20.0
147_2b4_Ar_mc_AKGC417L.wav,44100,882000,20.0
147_2b4_Ll_mc_AKGC417L.wav,44100,882000,20.0
147_2b4_Lr_mc_AKGC417L.wav,44100,882000,20.0
147_2b4_Pl_mc_AKGC417L.wav,44100,882000,20.0
148_1b1_Al_sc_Meditron.wav,44100,882000,20.0
149_1b1_Al_sc_Meditron.wav,44100,882000,20.0
149_1b1_Lr_sc_Meditron.wav,44100,882000,20.0
149_1b1_Pl_sc_Meditron.wav,44100,882000,20.0
150_1b2_Al_sc_Meditron.wav,44100,882000,20.0
151_2p2_Al_mc_AKGC417L.wav,44100,882000,20.0
151_2p2_Ar_mc_AKGC417L.wav,44100,882000,20.0
151_2p2_Ll_mc_AKGC417L.wav,44100,882000,20.0
151_2p2_Lr_mc_AKGC417L.wav,44100,882000,20.0
151_2p2_Pl_mc_AKGC417L.wav,44100,882000,20.0
151_2p2_Pr_mc_AKGC417L.wav,44100,882000,20.0
151_2p2_Tc_mc_AKGC417L.wav,44100,882000,20.0
151_2p3_Al_mc_AKGC417L.wav,44100,882000,20.0
151_2p3_Ar_mc_AKGC417L.wav,44100,882000,20.0
151_2p3_Ll_mc_AKGC417L.wav,44100,882000,20.0
151_2p3_Lr_mc_AKGC417L.wav,44100,882000,20.0
151_2p3_Pl_mc_AKGC417L.wav,44100,882000,20.0
151_2p3_Pr_mc_AKGC417L.wav,44100,882000,20.0
151_2p3_Tc_mc_AKGC417L.wav,44100,882000,20.0
151_2p4_Al_mc_AKGC417L.wav,44100,882000,20.0
151_2p4_Ar_mc_AKGC417L.wav,44100,882000,20.0
151_2p4_Ll_mc_AKGC417L.wav,44100,882000,20.0
151_2p4_Lr_mc_AKGC417L.wav,44100,882000,20.0
151_2p4_Pl_mc_AKGC417L.wav,44100,882000,20.0
151_2p4_Pr_mc_AKGC417L.wav,44100,882000,20.0
151_2p4_Tc_mc_AKGC417L.wav,44100,882000,20.0
151_3p2_Al_mc_AKGC417L.wav,44100,882000,20.0
151_3p2_Ar_mc_AKGC417L.wav,44100,882000,20.0
151_3p2_Lr_mc_AKGC417L.wav,44100,882000,20.0
151_3p2_Pl_mc_AKGC417L.wav,44100,882000,20.0
151_3p2_Pr_mc_AKGC417L.wav,44100,882000,20.0
151_3p2_Tc_mc_AKGC417L.wav,44100,882000,20.0
151_3p3_Ll_mc_AKGC417L.wav,44100,882000,20.0
152_1b1_Al_sc_Meditron.wav,44100,882000,20.0
153_1b1_Al_sc_Meditron.wav,44100,882000,20.0
154_1b3_Al_mc_AKGC417L.wav,44100,882000,20.0
154_1b3_Ar_mc_AKGC417L.wav,44100,882000,20.0
154_1b3_Ll_mc_AKGC417L.wav,44100,882000,20.0
154_1b3_Lr_mc_AKGC417L.wav,44100,882000,20.0
154_1b3_Pl_mc_AKGC417L.wav,44100,882000,20.0
154_1b3_Pr_mc_AKGC417L.wav,44100,882000,20.0
154_1b3_Tc_mc_AKGC417L.wav,44100,882000,20.0
154_2b4_Al_mc_AKGC417L.wav,44100,882000,20.0
154_2b4_Ar_mc_AKGC417L.wav,44100,882000,20.0
154_2b4_Ll_mc_AKGC417L.wav,44100,882000,20.0
154_2b4_Lr_mc_AKGC417L.wav,44100,882000,20.0
154_2b4_Pl_mc_AKGC417L.wav,44100,882000,20.0
154_2b4_Pr_mc_AKGC417L.wav,44100,882000,20.0
154_2b4_Tc_mc_AKGC417L.wav,44100,882000,20.0
154_3b3_Al_mc_AKGC417L.wav,44100,882000,20.0
154_3b3_Ar_mc_AKGC417L.wav,44100,882000,20.0
154_3b3_Ll_mc_AKGC417L.wav,44100,882000,20.0
154_4b4_Al_mc_AKGC417L.wav,44100,882000,20.0
154_4b4_Ar_mc_AKGC417L.wav,44100,882000,20.0
154_4b4_Ll_mc_AKGC417L.wav,44100,882000,20.0
154_4b4_Lr_mc_AKGC417L.wav,44100,882000,20.0
154_4b4_Pl_mc_AKGC417L.wav,44100,882000,20.0
154_4b4_Pr_mc_AKGC417L.wav,44100,882000,20.0
155_2b1_Al_mc_LittC2SE.wav,44100,882000,20.0
156_2b3_Al_mc_AKGC417L.wav,44100,882000,20.0
156_2b3_Ar_mc_AKGC417L.wav,44100,882000,20.0
156_2b3_Ll_mc_AKGC417L.wav,44100,882000,20.0
156_2b3_Lr_mc_AKGC417L.wav,44100,882000,20.0
156_2b3_Pl_mc_AKGC417L.wav,44100,882000,20.0
156_2b3_Pr_mc_AKGC417L.wav,44100,882000,20.0
156_5b3_Al_mc_AKGC417L.wav,44100,882000,20.0
156_5b3_Ar_mc_AKGC417L.wav,44100,882000,20.0
156_5b3_Ll_mc_AKGC417L.wav,44100,882000,20.0
156_5b3_Lr_mc_AKGC417L.wav,44100,882000,20.0
156_5b3_Pl_mc_AKGC417L.wav,44100,882000,20.0
156_5b3_Pr_mc_AKGC417L.wav,44100,882000,20.0
156_8b3_Al_mc_AKGC417L.wav,44100,882000,20.0
156_8b3_Ar_mc_AKGC417L.wav,44100,882000,20.0
156_8b3_Ll_mc_AKGC417L.wav,44100,882000,20.0
156_8b3_Lr_mc_AKGC417L.wav,44100,882000,20.0
156_8b3_Pl_mc_AKGC417L.wav,44100,882000,20.0
157_1b1_Al_sc_Meditron.wav,4000,260200,65.05
157_1b1_Ar_sc_Meditron.wav,4000,260200,65.05
157_1b1_Lr_sc_Meditron.wav,4000,266000,66.5
157_1b1_Pl_sc_Meditron.wav,4000,252400,63.1
157_1b1_Pr_sc_Meditron.wav,4000,252400,63.1
158_1b3_Ar_mc_LittC2SE.wav,44100,882000,20.0
158_1p2_Al_mc_AKGC417L.wav,44100,882000,20.0
158_1p2_Ar_mc_AKGC417L.wav,44100,882000,20.0
158_1p2_Ll_mc_AKGC417L.wav,44100,882000,20.0
158_1p2_Lr_mc_AKGC417L.wav,44100,882000,20.0
158_1p2_Pl_mc_AKGC417L.wav,44100,882000,20.0
158_1p2_Pr_mc_AKGC417L.wav,44100,882000,20.0
158_1p2_Tc_mc_AKGC417L.wav,44100,882000,20.0
158_1p3_Al_mc_AKGC417L.wav,44100,882000,20.0
158_1p3_Ar_mc_AKGC417L.wav,44100,882000,20.0
158_1p3_Ll_mc_AKGC417L.wav,44100,882000,20.0
158_1p3_Lr_mc_AKGC417L.wav,44100,882000,20.0
158_1p3_Pl_mc_AKGC417L.wav,44100,882000,20.0
158_1p3_Pr_mc_AKGC417L.wav,44100,882000,20.0
158_1p3_Tc_mc_AKGC417L.wav,44100,882000,20.0
158_1p4_Al_mc_AKGC417L.wav,44100,882000,20.0
158_1p4_Ar_mc_AKGC417L.wav,44100,882000,20.0
158_1p4_Lr_mc_AKGC417L.wav,44100,882000,20.0
158_1p4_Pl_mc_AKGC417L.wav,44100,882000,20.0
158_1p4_Pr_mc_AKGC417L.wav,44100,882000,20.0
158_1p4_Tc_mc_AKGC417L.wav,44100,882000,20.0
158_2p2_Ar_mc_AKGC417L.wav,44100,882000,20.0
158_2p3_Lr_mc_AKGC417L.wav,44100,882000,20.0
158_2p3_Tc_mc_AKGC417L.wav,44100,882000,20.0
159_1b1_Al_sc_Meditron.wav,44100,882000,20.0
159_1b1_Ar_sc_Meditron.wav,44100,882000,20.0
159_1b1_Ll_sc_Meditron.wav,44100,882000,20.0
159_1b1_Pr_sc_Meditron.wav,44100,882000,20.0
160_1b2_Al_mc_AKGC417L.wav,44100,882000,20.0
160_1b2_Ar_mc_AKGC417L.wav,44100,882000,20.0
160_1b2_Lr_mc_AKGC417L.wav,44100,882000,20.0
160_1b2_Pl_mc_AKGC417L.wav,44100,882000,20.0
160_1b2_Pr_mc_AKGC417L.wav,44100,882000,20.0
160_1b2_Tc_mc_AKGC417L.wav,44100,882000,20.0
160_1b3_Al_mc_AKGC417L.wav,44100,882000,20.0
160_1b3_Ar_mc_AKGC417L.wav,44100,882000,20.0
160_1b3_Lr_mc_AKGC417L.wav,44100,882000,20.0
160_1b3_Pl_mc_AKGC417L.wav,44100,882000,20.0
160_1b3_Pr_mc_AKGC417L.wav,44100,882000,20.0
160_1b3_Tc_mc_AKGC417L.wav,44100,882000,20.0
160_1b4_Al_mc_AKGC417L.wav,44100,882000,20.0
160_1b4_Ar_mc_AKGC417L.wav,44100,882000,20.0
160_1b4_Lr_mc_AKGC417L.wav,44100,882000,20.0
160_1b4_Pl_mc_AKGC417L.wav,44100,882000,20.0
160_1b4_Pr_mc_AKGC417L.wav,44100,882000,20.0
160_1b4_Tc_mc_AKGC417L.wav,44100,882000,20.0
160_2b3_Lr_mc_AKGC417L.wav,44100,882000,20.0
160_2b4_Ar_mc_AKGC417L.wav,44100,882000,20.0
160_2b4_Pl_mc_AKGC417L.wav,44100,882000,20.0
160_2b4_Pr_mc_AKGC417L.wav,44100,882000,20.0
160_2b4_Tc_mc_AKGC417L.wav,44100,882000,20.0
161_1b1_Al_sc_Meditron.wav,44100,882000,20.0
161_1b1_Pl_sc_Meditron.wav,44100,882000,20.0
162_1b2_Al_mc_AKGC417L.wav,44100,882000,20.0
162_1b2_Ar_mc_AKGC417L.wav,44100,882000,20.0
162_1b2_Ll_mc_AKGC417L.wav,44100,882000,20.0
162_1b2_Lr_mc_AKGC417L.wav,44100,882000,20.0
162_1b2_Pl_mc_AKGC417L.wav,44100,882000,20.0
162_1b2_Pr_mc_AKGC417L.wav,44100,882000,20.0
162_1b2_Tc_mc_AKGC417L.wav,44100,882000,20.0
162_2b2_Al_mc_AKGC417L.wav,44100,882000,20.0
162_2b2_Ar_mc_AKGC417L.wav,44100,882000,20.0
162_2b2_Pl_mc_AKGC417L.wav,44100,882000,20.0
162_2b2_Pr_mc_AKGC417L.wav,44100,882000,20.0
162_2b2_Tc_mc_AKGC417L.wav,44100,882000,20.0
162_2b3_Al_mc_AKGC417L.wav,44100,882000,20.0
162_2b3_Ar_mc_AKGC417L.wav,44100,882000,20.0
162_2b3_Lr_mc_AKGC417L.wav,44100,882000,20.0
162_2b3_Pl_mc_AKGC417L.wav,44100,882000,20.0
162_2b3_Pr_mc_AKGC417L.wav,44100,882000,20.0
162_2b3_Tc_mc_AKGC417L.wav,44100,882000,20.0
162_2b4_Al_mc_AKGC417L.wav,44100,882000,20.0
162_2b4_Ar_mc_AKGC417L.wav,44100,882000,20.0
162_2b4_Lr_mc_AKGC417L.wav,44100,882000,20.0
162_2b4_Pl_mc_AKGC417L.wav,44100,882000,20.0
162_2b4_Pr_mc_AKGC417L.wav,44100,882000,20.0
162_2b4_Tc_mc_AKGC417L.wav,44100,882000,20.0
163_2b2_Al_mc_AKGC417L.wav,44100,882000,20.0
163_2b2_Ar_mc_AKGC417L.wav,44100,882000,20.0
163_2b2_Ll_mc_AKGC417L.wav,44100,882000,20.0
163_2b2_Lr_mc_AKGC417L.wav,44100,882000,20.0
163_2b2_Pl_mc_AKGC417L.wav,44100,882000,20.0
163_2b2_Pr_mc_AKGC417L.wav,44100,882000,20.0
163_2b2_Tc_mc_AKGC417L.wav,44100,882000,20.0
163_8b3_Al_mc_AKGC417L.wav,44100,882000,20.0
163_8b3_Ar_mc_AKGC417L.wav,44100,882000,20.0
163_8b3_Ll_mc_AKGC417L.wav,44100,882000,20.0
163_8b3_Lr_mc_AKGC417L.wav,44100,882000,20.0
163_8b3_Pl_mc_AKGC417L.wav,44100,882000,20.0
163_8b3_Pr_mc_AKGC417L.wav,44100,882000,20.0
164_1b1_Ll_sc_Meditron.wav,44100,882000,20.0
165_1b1_Ar_sc_Meditron.wav,44100,874503,19.83
165_1b1_Pl_sc_Meditron.wav,44100,882000,20.0
165_1b1_Pr_sc_Meditron.wav,44100,882000,20.0
166_1p1_Al_sc_Meditron.wav,4000,248200,62.05
166_1p1_Ar_sc_Meditron.wav,4000,248200,62.05
166_1p1_Ll_sc_Meditron.wav,4000,231200,57.8
166_1p1_Pl_sc_Meditron.wav,4000,250000,62.5
166_1p1_Pr_sc_Meditron.wav,4000,250000,62.5
167_1b1_Al_sc_Meditron.wav,44100,882000,20.0
167_1b1_Pr_sc_Meditron.wav,44100,882000,20.0
168_1b1_Al_sc_Meditron.wav,44100,882001,20.00002267573696
169_1b1_Lr_sc_Meditron.wav,44100,882001,20.00002267573696
169_1b2_Ll_sc_Meditron.wav,44100,882001,20.00002267573696
170_1b2_Al_mc_AKGC417L.wav,44100,882000,20.0
170_1b2_Ar_mc_AKGC417L.wav,44100,882000,20.0
170_1b2_Lr_mc_AKGC417L.wav,44100,882000,20.0
170_1b2_Pl_mc_AKGC417L.wav,44100,882000,20.0
170_1b2_Pr_mc_AKGC417L.wav,44100,882000,20.0
170_1b2_Tc_mc_AKGC417L.wav,44100,882000,20.0
170_1b3_Al_mc_AKGC417L.wav,44100,882000,20.0
170_1b3_Ar_mc_AKGC417L.wav,44100,882000,20.0
170_1b3_Ll_mc_AKGC417L.wav,44100,882000,20.0
170_1b3_Lr_mc_AKGC417L.wav,44100,882000,20.0
170_1b3_Pl_mc_AKGC417L.wav,44100,882000,20.0
170_1b3_Pr_mc_AKGC417L.wav,44100,882000,20.0
170_1b3_Tc_mc_AKGC417L.wav,44100,882000,20.0
170_1b4_Al_mc_AKGC417L.wav,44100,882000,20.0
170_1b4_Ar_mc_AKGC417L.wav,44100,882000,20.0
170_1b4_Lr_mc_AKGC417L.wav,44100,882000,20.0
170_1b4_Pl_mc_AKGC417L.wav,44100,882000,20.0
170_1b4_Pr_mc_AKGC417L.wav,44100,882000,20.0
170_1b4_Tc_mc_AKGC417L.wav,44100,882000,20.0
170_2b2_Al_mc_AKGC417L.wav,44100,882000,20.0
170_2b2_Ar_mc_AKGC417L.wav,44100,882000,20.0
170_2b2_Lr_mc_AKGC417L.wav,44100,882000,20.0
170_2b2_Pl_mc_AKGC417L.wav,44100,882000,20.0
170_2b2_Pr_mc_AKGC417L.wav,44100,882000,20.0
170_2b2_Tc_mc_AKGC417L.wav,44100,882000,20.0
171_1b1_Al_sc_Meditron.wav,44100,882000,20.0
172_1b3_Al_mc_AKGC417L.wav,44100,882000,20.0
172_1b3_Ar_mc_AKGC417L.wav,44100,882000,20.0
172_1b3_Ll_mc_AKGC417L.wav,44100,882000,20.0
172_1b3_Lr_mc_AKGC417L.wav,44100,882000,20.0
172_1b3_Pl_mc_AKGC417L.wav,44100,882000,20.0
172_1b3_Pr_mc_AKGC417L.wav,44100,882000,20.0
172_1b3_Tc_mc_AKGC417L.wav,44100,882000,20.0
172_1b4_Al_mc_AKGC417L.wav,44100,882000,20.0
172_1b4_Ar_mc_AKGC417L.wav,44100,882000,20.0
172_1b4_Ll_mc_AKGC417L.wav,44100,882000,20.0
172_1b4_Lr_mc_AKGC417L.wav,44100,882000,20.0
172_1b4_Pl_mc_AKGC417L.wav,44100,882000,20.0
172_1b4_Pr_mc_AKGC417L.wav,44100,882000,20.0
172_1b4_Tc_mc_AKGC417L.wav,44100,882000,20.0
172_1b5_Al_mc_AKGC417L.wav,44100,882000,20.0
172_1b5_Ar_mc_AKGC417L.wav,44100,882000,20.0
172_1b5_Ll_mc_AKGC417L.wav,44100,882000,20.0
172_1b5_Lr_mc_AKGC417L.wav,44100,882000,20.0
172_1b5_Pl_mc_AKGC417L.wav,44100,882000,20.0
172_1b5_Pr_mc_AKGC417L.wav,44100,882000,20.0
172_1b5_Tc_mc_AKGC417L.wav,44100,882000,20.0
172_2b5_Al_mc_AKGC417L.wav,44100,882000,20.0
172_2b5_Ar_mc_AKGC417L.wav,44100,882000,20.0
172_2b5_Lr_mc_AKGC417L.wav,44100,882000,20.0
172_2b5_Pl_mc_AKGC417L.wav,44100,882000,20.0
172_2b5_Pr_mc_AKGC417L.wav,44100,882000,20.0
172_2b5_Tc_mc_AKGC417L.wav,44100,882000,20.0
173_1b1_Al_sc_Meditron.wav,44100,882000,20.0
174_1p2_Ar_mc_AKGC417L.wav,44100,882000,20.0
174_1p2_Ll_mc_AKGC417L.wav,44100,882000,20.0
174_1p2_Lr_mc_AKGC417L.wav,44100,882000,20.0
174_1p2_Pl_mc_AKGC417L.wav,44100,882000,20.0
174_1p2_Pr_mc_AKGC417L.wav,44100,882000,20.0
174_1p2_Tc_mc_AKGC417L.wav,44100,882000,20.0
174_1p3_Ar_mc_AKGC417L.wav,44100,882000,20.0
174_1p3_Ll_mc_AKGC417L.wav,44100,882000,20.0
174_1p3_Lr_mc_AKGC417L.wav,44100,882000,20.0
174_1p3_Pl_mc_AKGC417L.wav,44100,882000,20.0
174_1p3_Pr_mc_AKGC417L.wav,44100,882000,20.0
174_1p3_Tc_mc_AKGC417L.wav,44100,882000,20.0
174_1p4_Ar_mc_AKGC417L.wav,44100,882000,20.0
174_1p4_Ll_mc_AKGC417L.wav,44100,882000,20.0
174_1p4_Lr_mc_AKGC417L.wav,44100,882000,20.0
174_1p4_Pl_mc_AKGC417L.wav,44100,882000,20.0
174_1p4_Pr_mc_AKGC417L.wav,44100,882000,20.0
174_1p4_Tc_mc_AKGC417L.wav,44100,882000,20.0
174_2p3_Al_mc_AKGC417L.wav,44100,882000,20.0
174_2p3_Ar_mc_AKGC417L.wav,44100,882000,20.0
174_2p3_Pl_mc_AKGC417L.wav,44100,882000,20.0
174_2p3_Pr_mc_AKGC417L.wav,44100,882000,20.0
174_2p3_Tc_mc_AKGC417L.wav,44100,882000,20.0
175_1b1_Al_sc_Litt3200.wav,4000,75456,18.864
175_1b1_Ar_sc_Litt3200.wav,4000,65472,16.368
175_1b1_Ll_sc_Litt3200.wav,4000,72896,18.224
175_1b1_Lr_sc_Litt3200.wav,4000,69056,17.264
175_1b1_Pl_sc_Litt3200.wav,4000,86720,21.68
175_1b1_Pr_sc_Litt3200.wav,4000,67008,16.752
176_1b3_Al_mc_AKGC417L.wav,44100,882000,20.0
176_1b3_Ar_mc_AKGC417L.wav,44100,882000,20.0
176_1b3_Ll_mc_AKGC417L.wav,44100,882000,20.0
176_1b3_Lr_mc_AKGC417L.wav,44100,882000,20.0
176_1b3_Pl_mc_AKGC417L.wav,44100,882000,20.0
176_1b3_Pr_mc_AKGC417L.wav,44100,882000,20.0
176_1b3_Tc_mc_AKGC417L.wav,44100,882000,20.0
176_1b4_Al_mc_AKGC417L.wav,44100,882000,20.0
176_1b4_Ar_mc_AKGC417L.wav,44100,882000,20.0
176_1b4_Ll_mc_AKGC417L.wav,44100,882000,20.0
176_1b4_Lr_mc_AKGC417L.wav,44100,882000,20.0
176_1b4_Pl_mc_AKGC417L.wav,44100,882000,20.0
176_1b4_Pr_mc_AKGC417L.wav,44100,882000,20.0
176_1b4_Tc_mc_AKGC417L.wav,44100,882000,20.0
176_2b3_Al_mc_AKGC417L.wav,44100,882000,20.0
176_2b3_Ar_mc_AKGC417L.wav,44100,882000,20.0
176_2b3_Ll_mc_AKGC417L.wav,44100,882000,20.0
176_2b3_Lr_mc_AKGC417L.wav,44100,882000,20.0
176_2b3_Pl_mc_AKGC417L.wav,44100,882000,20.0
176_2b3_Pr_mc_AKGC417L.wav,44100,882000,20.0
176_2b3_Tc_mc_AKGC417L.wav,44100,882000,20.0
177_1b2_Al_mc_AKGC417L.wav,44100,882000,20.0
177_1b2_Ar_mc_AKGC417L.wav,44100,882000,20.0
177_1b2_Lr_mc_AKGC417L.wav,44100,882000,20.0
177_1b2_Pl_mc_AKGC417L.wav,44100,882000,20.0
177_1b2_Pr_mc_AKGC417L.wav,44100,882000,20.0
177_1b2_Tc_mc_AKGC417L.wav,44100,882000,20.0
177_1b4_Al_mc_AKGC417L.wav,44100,882000,20.0
177_1b4_Ar_mc_AKGC417L.wav,44100,882000,20.0
177_1b4_Lr_mc_AKGC417L.wav,44100,882000,20.0
177_1b4_Pl_mc_AKGC417L.wav,44100,882000,20.0
177_1b4_Pr_mc_AKGC417L.wav,44100,882000,20.0
177_1b4_Tc_mc_AKGC417L.wav,44100,882000,20.0
177_2b4_Al_mc_AKGC417L.wav,44100,882000,20.0
177_2b4_Lr_mc_AKGC417L.wav,44100,882000,20.0
177_2b4_Pl_mc_AKGC417L.wav,44100,882000,20.0
177_2b4_Pr_mc_AKGC417L.wav,44100,882000,20.0
177_2b4_Tc_mc_AKGC417L.wav,44100,882000,20.0
178_1b2_Al_mc_AKGC417L.wav,44100,882000,20.0
178_1b2_Ar_mc_AKGC417L.wav,44100,882000,20.0
178_1b2_Lr_mc_AKGC417L.wav,44100,882000,20.0
178_1b2_Pl_mc_AKGC417L.wav,44100,882000,20.0
178_1b2_Pr_mc_AKGC417L.wav,44100,882000,20.0
178_1b2_Tc_mc_AKGC417L.wav,44100,882000,20.0
178_1b3_Al_mc_AKGC417L.wav,44100,882000,20.0
178_1b3_Ar_mc_AKGC417L.wav,44100,882000,20.0
178_1b3_Lr_mc_AKGC417L.wav,44100,882000,20.0
178_1b3_Pl_mc_AKGC417L.wav,44100,882000,20.0
178_1b3_Pr_mc_AKGC417L.wav,44100,882000,20.0
178_1b3_Tc_mc_AKGC417L.wav,44100,882000,20.0
178_1b6_Al_mc_AKGC417L.wav,44100,882000,20.0
178_1b6_Ar_mc_AKGC417L.wav,44100,882000,20.0
178_1b6_Ll_mc_AKGC417L.wav,44100,882000,20.0
178_1b6_Lr_mc_AKGC417L.wav,44100,882000,20.0
178_1b6_Pl_mc_AKGC417L.wav,44100,882000,20.0
178_1b6_Pr_mc_AKGC417L.wav,44100,882000,20.0
178_1b6_Tc_mc_AKGC417L.wav,44100,882000,20.0
178_2b2_Al_mc_AKGC417L.wav,44100,882000,20.0
178_2b2_Ar_mc_AKGC417L.wav,44100,882000,20.0
178_2b2_Lr_mc_AKGC417L.wav,44100,882000,20.0
178_2b2_Pr_mc_AKGC417L.wav,44100,882000,20.0
178_2b2_Tc_mc_AKGC417L.wav,44100,882000,20.0
179_1b1_Al_sc_Meditron.wav,44100,882000,20.0
179_1b1_Tc_sc_Meditron.wav,44100,882000,20.0
180_1b4_Al_mc_AKGC417L.wav,44100,882000,20.0
180_1b4_Ar_mc_AKGC417L.wav,44100,882000,20.0
180_1b4_Lr_mc_AKGC417L.wav,44100,882000,20.0
180_1b4_Pl_mc_AKGC417L.wav,44100,882000,20.0
180_1b4_Pr_mc_AKGC417L.wav,44100,882000,20.0
181_1b1_Ar_mc_LittC2SE.wav,44100,882000,20.0
181_1b1_Tc_mc_LittC2SE.wav,44100,882000,20.0
181_1b2_Ar_mc_LittC2SE.wav,44100,882000,20.0
181_1b3_Tc_mc_LittC2SE.wav,44100,882000,20.0
182_1b1_Tc_sc_Meditron.wav,44100,882000,20.0
183_1b1_Pl_sc_Meditron.wav,44100,882000,20.0
183_1b1_Tc_sc_Meditron.wav,44100,882000,20.0
184_1b1_Ar_sc_Meditron.wav,44100,882000,20.0
185_1b1_Al_sc_Litt3200.wav,4000,74688,18.672
185_1b1_Ar_sc_Litt3200.wav,4000,92096,23.024
185_1b1_Ll_sc_Litt3200.wav,4000,77504,19.376
185_1b1_Lr_sc_Litt3200.wav,4000,78528,19.632
185_1b1_Pl_sc_Litt3200.wav,4000,74944,18.736
185_1b1_Pr_sc_Litt3200.wav,4000,96960,24.24
186_2b2_Al_mc_AKGC417L.wav,44100,882000,20.0
186_2b2_Ar_mc_AKGC417L.wav,44100,882000,20.0
186_2b2_Lr_mc_AKGC417L.wav,44100,882000,20.0
186_2b2_Pl_mc_AKGC417L.wav,44100,882000,20.0
186_2b2_Pr_mc_AKGC417L.wav,44100,882000,20.0
186_2b2_Tc_mc_AKGC417L.wav,44100,882000,20.0
186_2b3_Al_mc_AKGC417L.wav,44100,882000,20.0
186_2b3_Ar_mc_AKGC417L.wav,44100,882000,20.0
186_2b3_Lr_mc_AKGC417L.wav,44100,882000,20.0
186_2b3_Pl_mc_AKGC417L.wav,44100,882000,20.0
186_2b3_Pr_mc_AKGC417L.wav,44100,882000,20.0
186_2b3_Tc_mc_AKGC417L.wav,44100,882000,20.0
186_2b4_Al_mc_AKGC417L.wav,44100,882000,20.0
186_2b4_Ar_mc_AKGC417L.wav,44100,882000,20.0
186_2b4_Lr_mc_AKGC417L.wav,44100,882000,20.0
186_2b4_Pl_mc_AKGC417L.wav,44100,882000,20.0
186_2b4_Pr_mc_AKGC417L.wav,44100,882000,20.0
186_2b4_Tc_mc_AKGC417L.wav,44100,882000,20.0
186_3b3_Al_mc_AKGC417L.wav,44100,882000,20.0
186_3b3_Ar_mc_AKGC417L.wav,44100,882000,20.0
186_3b3_Lr_mc_AKGC417L.wav,44100,882000,20.0
186_3b3_Pl_mc_AKGC417L.wav,44100,882000,20.0
186_3b3_Pr_mc_AKGC417L.wav,44100,882000,20.0
186_3b3_Tc_mc_AKGC417L.wav,44100,882000,20.0
187_1b1_Ll_sc_Meditron.wav,44100,882000,20.0
188_1b1_Al_sc_Meditron.wav,44100,882000,20.0
188_1b1_Ar_sc_Meditron.wav,44100,882000,20.0
188_1b1_Pl_sc_Meditron.wav,44100,882000,20.0
188_1b1_Tc_sc_Meditron.wav,44100,882000,20.0
189_1b2_Lr_mc_LittC2SE.wav,44100,882000,20.0
190_1b1_Tc_sc_Meditron.wav,44100,882000,20.0
191_2b1_Pl_mc_LittC2SE.wav,44100,882000,20.0
191_2b1_Pr_mc_LittC2SE.wav,44100,882000,20.0
191_2b2_Tc_mc_LittC2SE.wav,44100,882000,20.0
192_2b1_Al_mc_LittC2SE.wav,44100,882000,20.0
192_2b1_Ar_mc_LittC2SE.wav,44100,882000,20.0
192_2b2_Al_mc_LittC2SE.wav,44100,882000,20.0
192_2b2_Ar_mc_LittC2SE.wav,44100,882000,20.0
192_2b3_Al_mc_LittC2SE.wav,44100,882000,20.0
192_2b3_Ar_mc_LittC2SE.wav,44100,882000,20.0
193_1b2_Al_mc_AKGC417L.wav,44100,882000,20.0
193_1b2_Ar_mc_AKGC417L.wav,44100,882000,20.0
193_1b2_Ll_mc_AKGC417L.wav,44100,882000,20.0
193_1b2_Pl_mc_AKGC417L.wav,44100,882000,20.0
193_1b2_Pr_mc_AKGC417L.wav,44100,882000,20.0
193_1b2_Tc_mc_AKGC417L.wav,44100,882000,20.0
193_1b4_Lr_mc_AKGC417L.wav,44100,882000,20.0
193_7b3_Al_mc_AKGC417L.wav,44100,882000,20.0
193_7b3_Ar_mc_AKGC417L.wav,44100,882000,20.0
193_7b3_Ll_mc_AKGC417L.wav,44100,882000,20.0
193_7b3_Lr_mc_AKGC417L.wav,44100,882000,20.0
193_7b3_Pl_mc_AKGC417L.wav,44100,882000,20.0
193_7b3_Pr_mc_AKGC417L.wav,44100,882000,20.0
193_7b3_Tc_mc_AKGC417L.wav,44100,882000,20.0
194_1b1_Lr_sc_Meditron.wav,44100,882000,20.0
194_1b1_Pr_sc_Meditron.wav,44100,882000,20.0
195_1b1_Al_sc_Litt3200.wav,4000,107712,26.928
195_1b1_Ar_sc_Litt3200.wav,4000,120000,30.0
195_1b1_Ll_sc_Litt3200.wav,4000,98496,24.624
195_1b1_Lr_sc_Litt3200.wav,4000,81344,20.336
195_1b1_Pl_sc_Litt3200.wav,4000,87488,21.872
195_1b1_Pr_sc_Litt3200.wav,4000,120000,30.0
196_1b1_Pr_sc_Meditron.wav,44100,882001,20.00002267573696
197_1b1_Al_sc_Meditron.wav,44100,882000,20.0
197_1b1_Tc_sc_Meditron.wav,44100,882000,20.0
198_1b5_Al_mc_AKGC417L.wav,44100,882000,20.0
198_1b5_Ar_mc_AKGC417L.wav,44100,882000,20.0
198_1b5_Ll_mc_AKGC417L.wav,44100,882000,20.0
198_1b5_Lr_mc_AKGC417L.wav,44100,882000,20.0
198_1b5_Pl_mc_AKGC417L.wav,44100,882000,20.0
198_1b5_Pr_mc_AKGC417L.wav,44100,882000,20.0
198_1b5_Tc_mc_AKGC417L.wav,44100,882000,20.0
198_6p1_Al_mc_AKGC417L.wav,44100,882000,20.0
198_6p1_Ar_mc_AKGC417L.wav,44100,882000,20.0
198_6p1_Ll_mc_AKGC417L.wav,44100,882000,20.0
198_6p1_Lr_mc_AKGC417L.wav,44100,882000,20.0
198_6p1_Pl_mc_AKGC417L.wav,44100,882000,20.0
198_6p1_Pr_mc_AKGC417L.wav,44100,882000,20.0
198_6p1_Tc_mc_AKGC417L.wav,44100,882000,20.0
199_2b1_Ll_mc_LittC2SE.wav,44100,882000,20.0
199_2b3_Ll_mc_LittC2SE.wav,44100,882000,20.0
200_2p2_Al_mc_AKGC417L.wav,44100,882000,20.0
200_2p2_Ar_mc_AKGC417L.wav,44100,882000,20.0
200_2p2_Lr_mc_AKGC417L.wav,44100,882000,20.0
200_2p2_Pl_mc_AKGC417L.wav,44100,882000,20.0
200_2p2_Pr_mc_AKGC417L.wav,44100,882000,20.0
200_2p2_Tc_mc_AKGC417L.wav,44100,882000,20.0
200_2p3_Al_mc_AKGC417L.wav,44100,882000,20.0
200_2p3_Ar_mc_AKGC417L.wav,44100,882000,20.0
200_2p3_Lr_mc_AKGC417L.wav,44100,882000,20.0
200_2p3_Pl_mc_AKGC417L.wav,44100,882000,20.0
200_2p3_Pr_mc_AKGC417L.wav,44100,882000,20.0
200_2p3_Tc_mc_AKGC417L.wav,44100,882000,20.0
200_2p4_Al_mc_AKGC417L.wav,44100,882000,20.0
200_2p4_Ar_mc_AKGC417L.wav,44100,882000,20.0
200_2p4_Lr_mc_AKGC417L.wav,44100,882000,20.0
200_2p4_Pl_mc_AKGC417L.wav,44100,882000,20.0
200_2p4_Pr_mc_AKGC417L.wav,44100,882000,20.0
200_2p4_Tc_mc_AKGC417L.wav,44100,882000,20.0
200_3p4_Al_mc_AKGC417L.wav,44100,882000,20.0
200_3p4_Ar_mc_AKGC417L.wav,44100,882000,20.0
200_3p4_Pl_mc_AKGC417L.wav,44100,882000,20.0
200_3p4_Pr_mc_AKGC417L.wav,44100,882000,20.0
200_3p4_Tc_mc_AKGC417L.wav,44100,882000,20.0
201_1b1_Al_sc_Meditron.wav,44100,882001,20.00002267573696
201_1b1_Ar_sc_Meditron.wav,44100,882001,20.00002267573696
201_1b2_Al_sc_Meditron.wav,44100,882001,20.00002267573696
201_1b2_Ar_sc_Meditron.wav,44100,882001,20.00002267573696
201_1b3_Al_sc_Meditron.wav,44100,882001,20.00002267573696
201_1b3_Ar_sc_Meditron.wav,44100,882001,20.00002267573696
202_1b1_Ar_sc_Meditron.wav,44100,873180,19.8
203_1p2_Al_mc_AKGC417L.wav,44100,882000,20.0
203_1p2_Ar_mc_AKGC417L.wav,44100,882000,20.0
203_1p2_Lr_mc_AKGC417L.wav,44100,882000,20.0
203_1p2_Pl_mc_AKGC417L.wav,44100,882000,20.0
203_1p2_Pr_mc_AKGC417L.wav,44100,882000,20.0
203_1p2_Tc_mc_AKGC417L.wav,44100,882000,20.0
203_1p3_Al_mc_AKGC417L.wav,44100,882000,20.0
203_1p3_Ar_mc_AKGC417L.wav,44100,882000,20.0
203_1p3_Pl_mc_AKGC417L.wav,44100,882000,20.0
203_1p3_Pr_mc_AKGC417L.wav,44100,882000,20.0
203_1p3_Tc_mc_AKGC417L.wav,44100,882000,20.0
203_1p4_Al_mc_AKGC417L.wav,44100,882000,20.0
203_1p4_Ar_mc_AKGC417L.wav,44100,882000,20.0
203_1p4_Pl_mc_AKGC417L.wav,44100,882000,20.0
203_1p4_Pr_mc_AKGC417L.wav,44100,882000,20.0
203_1p4_Tc_mc_AKGC417L.wav,44100,882000,20.0
203_2p3_Al_mc_AKGC417L.wav,44100,882000,20.0
203_2p3_Ar_mc_AKGC417L.wav,44100,882000,20.0
203_2p3_Pl_mc_AKGC417L.wav,44100,882000,20.0
203_2p3_Pr_mc_AKGC417L.wav,44100,882000,20.0
203_2p3_Tc_mc_AKGC417L.wav,44100,882000,20.0
204_2b5_Al_mc_AKGC417L.wav,44100,882000,20.0
204_2b5_Ar_mc_AKGC417L.wav,44100,882000,20.0
204_2b5_Ll_mc_AKGC417L.wav,44100,882000,20.0
204_7p5_Al_mc_AKGC417L.wav,44100,882000,20.0
204_7p5_Ar_mc_AKGC417L.wav,44100,882000,20.0
204_7p5_Ll_mc_AKGC417L.wav,44100,882000,20.0
204_7p5_Lr_mc_AKGC417L.wav,44100,882000,20.0
204_7p5_Pr_mc_AKGC417L.wav,44100,882000,20.0
204_7p5_Tc_mc_AKGC417L.wav,44100,882000,20.0
205_1b3_Al_mc_AKGC417L.wav,44100,882000,20.0
205_1b3_Ar_mc_AKGC417L.wav,44100,882000,20.0
205_1b3_Ll_mc_AKGC417L.wav,44100,882000,20.0
205_1b3_Lr_mc_AKGC417L.wav,44100,882000,20.0
205_1b3_Pl_mc_AKGC417L.wav,44100,882000,20.0
205_1b3_Pr_mc_AKGC417L.wav,44100,882000,20.0
205_2b2_Pr_mc_AKGC417L.wav,44100,882000,20.0
205_2b3_Al_mc_AKGC417L.wav,44100,882000,20.0
205_2b3_Ar_mc_AKGC417L.wav,44100,882000,20.0
205_2b3_Ll_mc_AKGC417L.wav,44100,882000,20.0
205_2b4_Pl_mc_AKGC417L.wav,44100,882000,20.0
205_3b4_Al_mc_AKGC417L.wav,44100,882000,20.0
205_3b4_Ar_mc_AKGC417L.wav,44100,882000,20.0
205_3b4_Pl_mc_AKGC417L.wav,44100,882000,20.0
205_3b4_Pr_mc_AKGC417L.wav,44100,882000,20.0
205_4b2_Al_mc_AKGC417L.wav,44100,882000,20.0
205_4b2_Ar_mc_AKGC417L.wav,44100,882000,20.0
205_4b2_Lr_mc_AKGC417L.wav,44100,882000,20.0
205_4b2_Pl_mc_AKGC417L.wav,44100,882000,20.0
205_4b2_Pr_mc_AKGC417L.wav,44100,882000,20.0
206_1b1_Ar_sc_Meditron.wav,44100,882000,20.0
206_1b1_Lr_sc_Meditron.wav,44100,882000,20.0
206_1b1_Pl_sc_Meditron.wav,44100,882000,20.0
207_2b2_Al_mc_AKGC417L.wav,44100,882000,20.0
207_2b2_Ar_mc_AKGC417L.wav,44100,882000,20.0
207_2b2_Pl_mc_AKGC417L.wav,44100,882000,20.0
207_2b2_Pr_mc_AKGC417L.wav,44100,882000,20.0
207_2b2_Tc_mc_AKGC417L.wav,44100,882000,20.0
207_2b3_Al_mc_AKGC417L.wav,44100,882000,20.0
207_2b3_Ar_mc_AKGC417L.wav,44100,882000,20.0
207_2b3_Pl_mc_AKGC417L.wav,44100,882000,20.0
207_2b3_Pr_mc_AKGC417L.wav,44100,882000,20.0
207_2b3_Tc_mc_AKGC417L.wav,44100,882000,20.0
207_2b4_Al_mc_AKGC417L.wav,44100,882000,20.0
207_2b4_Ar_mc_AKGC417L.wav,44100,882000,20.0
207_2b4_Pl_mc_AKGC417L.wav,44100,882000,20.0
207_2b4_Pr_mc_AKGC417L.wav,44100,882000,20.0
207_2b4_Tc_mc_AKGC417L.wav,44100,882000,20.0
207_3b2_Al_mc_AKGC417L.wav,44100,882000,20.0
207_3b2_Ar_mc_AKGC417L.wav,44100,882000,20.0
207_3b2_Lr_mc_AKGC417L.wav,44100,882000,20.0
207_3b2_Pl_mc_AKGC417L.wav,44100,882000,20.0
207_3b2_Pr_mc_AKGC417L.wav,44100,882000,20.0
207_3b2_Tc_mc_AKGC417L.wav,44100,882000,20.0
208_1b1_Ll_sc_Meditron.wav,44100,879795,19.95
209_1b1_Tc_sc_Meditron.wav,44100,882000,20.0
210_1b1_Al_sc_Meditron.wav,44100,882000,20.0
210_1b1_Ar_sc_Meditron.wav,44100,874062,19.82
211_1p2_Ar_mc_AKGC417L.wav,44100,882000,20.0
211_1p2_Pl_mc_AKGC417L.wav,44100,882000,20.0
211_1p2_Pr_mc_AKGC417L.wav,44100,882000,20.0
211_1p3_Ar_mc_AKGC417L.wav,44100,882000,20.0
211_1p5_Ar_mc_AKGC417L.wav,44100,882000,20.0
211_2p2_Tc_mc_AKGC417L.wav,44100,882000,20.0
211_2p3_Tc_mc_AKGC417L.wav,44100,882000,20.0
211_2p4_Tc_mc_AKGC417L.wav,44100,882000,20.0
212_2b2_Tc_mc_LittC2SE.wav,44100,882000,20.0
213_1p2_Al_mc_AKGC417L.wav,44100,882000,20.0
213_1p2_Ar_mc_AKGC417L.wav,44100,882000,20.0
213_1p2_Lr_mc_AKGC417L.wav,44100,882000,20.0
213_1p2_Pl_mc_AKGC417L.wav,44100,882000,20.0
213_1p2_Pr_mc_AKGC417L.wav,44100,882000,20.0
213_1p2_Tc_mc_AKGC417L.wav,44100,882000,20.0
213_1p3_Al_mc_AKGC417L.wav,44100,882000,20.0
213_1p3_Ar_mc_AKGC417L.wav,44100,882000,20.0
213_1p3_Pl_mc_AKGC417L.wav,44100,882000,20.0
213_1p3_Pr_mc_AKGC417L.wav,44100,882000,20.0
213_1p5_Al_mc_AKGC417L.wav,44100,882000,20.0
213_1p5_Ar_mc_AKGC417L.wav,44100,882000,20.0
213_1p5_Pl_mc_AKGC417L.wav,44100,882000,20.0
213_1p5_Pr_mc_AKGC417L.wav,44100,882000,20.0
213_1p5_Tc_mc_AKGC417L.wav,44100,882000,20.0
213_2p2_Al_mc_AKGC417L.wav,44100,882000,20.0
213_2p2_Ar_mc_AKGC417L.wav,44100,882000,20.0
213_2p2_Pl_mc_AKGC417L.wav,44100,882000,20.0
213_2p2_Pr_mc_AKGC417L.wav,44100,882000,20.0
213_2p2_Tc_mc_AKGC417L.wav,44100,882000,20.0
214_1b1_Ar_sc_Meditron.wav,44100,874944,19.84
215_1b2_Ar_sc_Meditron.wav,44100,882001,20.00002267573696
215_1b3_Tc_sc_Meditron.wav,44100,882001,20.00002267573696
216_1b1_Al_sc_Meditron.wav,44100,882000,20.0
216_1b1_Pl_sc_Meditron.wav,44100,882000,20.0
217_1b1_Tc_sc_Meditron.wav,44100,882000,20.0
218_1b1_Al_sc_Meditron.wav,4000,284200,71.05
218_1b1_Ar_sc_Meditron.wav,4000,284200,71.05
218_1b1_Lr_sc_Meditron.wav,4000,330000,82.5
218_1b1_Pl_sc_Meditron.wav,4000,275800,68.95
218_1b1_Pr_sc_Meditron.wav,4000,275800,68.95
218_1p1_Ar_sc_Litt3200.wav,4000,113856,28.464
218_1p1_Pl_sc_Litt3200.wav,4000,120000,30.0
218_1p1_Pr_sc_Litt3200.wav,4000,112320,28.08
219_2b1_Ar_mc_LittC2SE.wav,44100,882000,20.0
219_2b1_Tc_mc_LittC2SE.wav,44100,882000,20.0
219_2b2_Ar_mc_LittC2SE.wav,44100,882000,20.0
219_2b2_Tc_mc_LittC2SE.wav,44100,882000,20.0
219_2b3_Tc_mc_LittC2SE.wav,44100,882000,20.0
220_1b1_Tc_mc_LittC2SE.wav,44100,882000,20.0
220_1b2_Al_mc_LittC2SE.wav,44100,882000,20.0
221_2b1_Al_mc_LittC2SE.wav,44100,882000,20.0
221_2b1_Ar_mc_LittC2SE.wav,44100,882000,20.0
221_2b1_Lr_mc_LittC2SE.wav,44100,882000,20.0
221_2b1_Pl_mc_LittC2SE.wav,44100,882000,20.0
221_2b2_Al_mc_LittC2SE.wav,44100,882000,20.0
221_2b2_Ar_mc_LittC2SE.wav,44100,882000,20.0
221_2b2_Lr_mc_LittC2SE.wav,44100,882000,20.0
221_2b2_Pl_mc_LittC2SE.wav,44100,882000,20.0
221_2b3_Al_mc_LittC2SE.wav,44100,882000,20.0
221_2b3_Ar_mc_LittC2SE.wav,44100,882000,20.0
221_2b3_Lr_mc_LittC2SE.wav,44100,882000,20.0
221_2b3_Pr_mc_LittC2SE.wav,44100,882000,20.0
222_1b1_Ar_sc_Meditron.wav,4000,297800,74.45
222_1b1_Lr_sc_Meditron.wav,4000,277800,69.45
222_1b1_Pr_sc_Meditron.wav,4000,293400,73.35
223_1b1_Al_sc_Meditron.wav,10000,339000,33.9
223_1b1_Ar_sc_Meditron.wav,10000,339000,33.9
223_1b1_Ll_sc_Meditron.wav,10000,332000,33.2
223_1b1_Lr_sc_Meditron.wav,10000,332000,33.2
223_1b1_Pl_sc_Meditron.wav,10000,329000,32.9
223_1b1_Pr_sc_Meditron.wav,10000,329000,32.9
224_1b1_Tc_sc_Meditron.wav,44100,882000,20.0
224_1b2_Al_sc_Meditron.wav,44100,882000,20.0
225_1b1_Pl_sc_Meditron.wav,44100,882000,20.0
226_1b1_Al_sc_Meditron.wav,44100,882000,20.0
226_1b1_Ll_sc_Meditron.wav,44100,882000,20.0
226_1b1_Pl_sc_LittC2SE.wav,44100,882000,20.0
