patient_id,recording_id,chest_location,true_diagnosis,logistic_regression_prediction,svm_prediction,random_forest_prediction
101,1b1,Al,URTI,Healthy,Pneumonia,URTI
101,1b1,Al,URTI,URTI,Healthy,URTI
101,1b1,Al,URTI,Healthy,Healthy,Healthy
101,1b1,Al,URTI,URTI,URTI,URTI
101,1b1,Al,URTI,Pneumonia,Healthy,URTI
101,1b1,Al,URTI,URTI,URTI,URTI
101,1b1,Al,URTI,Healthy,Healthy,Healthy
101,1b1,Al,URTI,Healthy,Healthy,URTI
101,1b1,Al,URTI,Healthy,Healthy,COPD
101,1b1,Al,URTI,Healthy,Healthy,URTI
101,1b1,Al,URTI,Healthy,Healthy,URTI
101,1b1,Al,URTI,Healthy,Healthy,URTI
101,1b1,Pr,URTI,Healthy,Healthy,Healthy
101,1b1,Pr,URTI,Healthy,Healthy,Healthy
101,1b1,Pr,URTI,Healthy,Bronchiolitis,Pneumonia
101,1b1,Pr,URTI,URTI,Healthy,COPD
101,1b1,Pr,URTI,Bronchiolitis,Bronchiolitis,COPD
101,1b1,Pr,URTI,Bronchiolitis,Bronchiolitis,Pneumonia
101,1b1,Pr,URTI,Healthy,Bronchiolitis,Pneumonia
101,1b1,Pr,URTI,URTI,Bronchiolitis,Pneumonia
101,1b1,Pr,URTI,URTI,Bronchiolitis,Pneumonia
101,1b1,Pr,URTI,URTI,Healthy,URTI
101,1b1,Pr,URTI,Bronchiolitis,URTI,LRTI
102,1b1,Ar,Healthy,Pneumonia,Pneumonia,Pneumonia
102,1b1,Ar,Healthy,URTI,COPD,COPD
102,1b1,Ar,Healthy,URTI,Bronchiolitis,COPD
102,1b1,Ar,Healthy,URTI,Pneumonia,URTI
102,1b1,Ar,Healthy,Bronchiolitis,Pneumonia,COPD
102,1b1,Ar,Healthy,Bronchiolitis,Pneumonia,COPD
102,1b1,Ar,Healthy,URTI,Pneumonia,Pneumonia
102,1b1,Ar,Healthy,Bronchiolitis,Pneumonia,URTI
102,1b1,Ar,Healthy,Bronchiolitis,Pneumonia,URTI
102,1b1,Ar,Healthy,Bronchiolitis,Pneumonia,COPD
102,1b1,Ar,Healthy,Bronchiolitis,Pneumonia,Pneumonia
102,1b1,Ar,Healthy,URTI,Bronchiolitis,COPD
102,1b1,Ar,Healthy,URTI,URTI,URTI
104,1b1,Al,COPD,Pneumonia,COPD,COPD
104,1b1,Al,COPD,COPD,COPD,COPD
104,1b1,Al,COPD,Pneumonia,COPD,COPD
104,1b1,Al,COPD,Pneumonia,COPD,COPD
104,1b1,Al,COPD,Pneumonia,COPD,COPD
104,1b1,Al,COPD,Pneumonia,COPD,COPD
104,1b1,Ar,COPD,Pneumonia,COPD,COPD
104,1b1,Ar,COPD,Pneumonia,COPD,COPD
104,1b1,Ar,COPD,Pneumonia,COPD,COPD
104,1b1,Ar,COPD,Pneumonia,COPD,COPD
104,1b1,Ar,COPD,Pneumonia,COPD,COPD
104,1b1,Ar,COPD,Pneumonia,COPD,COPD
104,1b1,Ar,COPD,Pneumonia,COPD,COPD
104,1b1,Ar,COPD,Pneumonia,COPD,COPD
104,1b1,Ar,COPD,Pneumonia,COPD,COPD
104,1b1,Ar,COPD,Pneumonia,COPD,COPD
104,1b1,Ar,COPD,Pneumonia,COPD,COPD
104,1b1,Ar,COPD,Pneumonia,COPD,COPD
104,1b1,Ar,COPD,Pneumonia,COPD,COPD
104,1b1,Ar,COPD,Pneumonia,COPD,COPD
104,1b1,Ll,COPD,Pneumonia,COPD,COPD
104,1b1,Ll,COPD,Pneumonia,COPD,COPD
104,1b1,Ll,COPD,Pneumonia,COPD,COPD
104,1b1,Ll,COPD,COPD,COPD,COPD
104,1b1,Ll,COPD,Pneumonia,COPD,COPD
104,1b1,Ll,COPD,Pneumonia,COPD,COPD
104,1b1,Ll,COPD,Pneumonia,COPD,COPD
104,1b1,Lr,COPD,Pneumonia,COPD,COPD
104,1b1,Lr,COPD,Pneumonia,COPD,COPD
104,1b1,Lr,COPD,Pneumonia,COPD,COPD
104,1b1,Lr,COPD,Pneumonia,COPD,COPD
104,1b1,Lr,COPD,Pneumonia,COPD,COPD
104,1b1,Pl,COPD,Pneumonia,COPD,COPD
104,1b1,Pl,COPD,Pneumonia,COPD,COPD
104,1b1,Pl,COPD,Pneumonia,COPD,COPD
104,1b1,Pl,COPD,Pneumonia,COPD,COPD
104,1b1,Pl,COPD,Pneumonia,COPD,COPD
104,1b1,Pl,COPD,Pneumonia,COPD,COPD
104,1b1,Pl,COPD,Pneumonia,COPD,COPD
104,1b1,Pl,COPD,Pneumonia,COPD,COPD
104,1b1,Pl,COPD,Pneumonia,COPD,COPD
104,1b1,Pl,COPD,Pneumonia,COPD,COPD
104,1b1,Pl,COPD,Pneumonia,COPD,COPD
104,1b1,Pl,COPD,Pneumonia,COPD,COPD
104,1b1,Pl,COPD,Pneumonia,COPD,COPD
104,1b1,Pr,COPD,Pneumonia,COPD,COPD
104,1b1,Pr,COPD,Pneumonia,COPD,COPD
104,1b1,Pr,COPD,Pneumonia,COPD,COPD
104,1b1,Pr,COPD,Pneumonia,COPD,COPD
104,1b1,Pr,COPD,Pneumonia,COPD,COPD
104,1b1,Pr,COPD,Pneumonia,COPD,COPD
104,1b1,Pr,COPD,Pneumonia,COPD,COPD
104,1b1,Pr,COPD,Pneumonia,COPD,COPD
104,1b1,Pr,COPD,Pneumonia,COPD,COPD
104,1b1,Pr,COPD,Pneumonia,COPD,COPD
109,1b1,Al,COPD,COPD,COPD,COPD
109,1b1,Al,COPD,COPD,COPD,COPD
109,1b1,Al,COPD,Bronchiolitis,COPD,COPD
109,1b1,Al,COPD,COPD,COPD,COPD
109,1b1,Al,COPD,Bronchiolitis,COPD,Pneumonia
109,1b1,Al,COPD,COPD,COPD,URTI
109,1b1,Al,COPD,COPD,COPD,COPD
109,1b1,Al,COPD,Bronchiolitis,COPD,COPD
109,1b1,Al,COPD,Pneumonia,Bronchiolitis,COPD
109,1b1,Ar,COPD,COPD,COPD,COPD
109,1b1,Ar,COPD,Pneumonia,Bronchiolitis,COPD
109,1b1,Ar,COPD,COPD,COPD,COPD
109,1b1,Ar,COPD,COPD,COPD,COPD
109,1b1,Ar,COPD,COPD,COPD,COPD
109,1b1,Ar,COPD,COPD,COPD,COPD
109,1b1,Ar,COPD,COPD,COPD,COPD
109,1b1,Ar,COPD,COPD,COPD,COPD
109,1b1,Ar,COPD,Pneumonia,COPD,COPD
109,1b1,Ar,COPD,Pneumonia,COPD,COPD
109,1b1,Ll,COPD,COPD,COPD,COPD
109,1b1,Ll,COPD,Pneumonia,COPD,COPD
109,1b1,Ll,COPD,Pneumonia,COPD,COPD
109,1b1,Ll,COPD,Pneumonia,COPD,COPD
109,1b1,Ll,COPD,Pneumonia,COPD,COPD
109,1b1,Ll,COPD,Pneumonia,COPD,COPD
109,1b1,Ll,COPD,Pneumonia,COPD,COPD
109,1b1,Ll,COPD,Pneumonia,COPD,COPD
109,1b1,Lr,COPD,Pneumonia,COPD,COPD
109,1b1,Lr,COPD,Pneumonia,COPD,COPD
109,1b1,Lr,COPD,Pneumonia,COPD,COPD
109,1b1,Lr,COPD,Pneumonia,COPD,COPD
109,1b1,Lr,COPD,Pneumonia,COPD,COPD
109,1b1,Lr,COPD,Pneumonia,COPD,COPD
109,1b1,Lr,COPD,Pneumonia,COPD,COPD
109,1b1,Lr,COPD,Pneumonia,Pneumonia,COPD
109,1b1,Pl,COPD,Pneumonia,COPD,COPD
109,1b1,Pl,COPD,Pneumonia,COPD,COPD
109,1b1,Pl,COPD,Pneumonia,URTI,COPD
109,1b1,Pl,COPD,Pneumonia,COPD,COPD
109,1b1,Pl,COPD,Pneumonia,COPD,COPD
109,1b1,Pl,COPD,Pneumonia,COPD,COPD
109,1b1,Pl,COPD,Pneumonia,COPD,COPD
109,1b1,Pl,COPD,Pneumonia,COPD,COPD
109,1b1,Pl,COPD,Pneumonia,COPD,COPD
109,1b1,Pr,COPD,Pneumonia,COPD,COPD
109,1b1,Pr,COPD,Pneumonia,URTI,COPD
109,1b1,Pr,COPD,Pneumonia,URTI,COPD
109,1b1,Pr,COPD,Pneumonia,URTI,COPD
109,1b1,Pr,COPD,COPD,COPD,COPD
109,1b1,Pr,COPD,Pneumonia,COPD,COPD
109,1b1,Pr,COPD,Pneumonia,URTI,COPD
109,1b1,Pr,COPD,Pneumonia,COPD,COPD
109,1b1,Pr,COPD,Pneumonia,COPD,COPD
109,1b1,Pr,COPD,Pneumonia,COPD,COPD
109,1b1,Pr,COPD,Pneumonia,COPD,COPD
109,1b1,Pr,COPD,Pneumonia,COPD,COPD
109,1b1,Pr,COPD,Pneumonia,COPD,COPD
109,1b1,Pr,COPD,Pneumonia,COPD,COPD
109,1b1,Pr,COPD,Pneumonia,COPD,COPD
109,1b1,Pr,COPD,Pneumonia,COPD,COPD
109,1b1,Pr,COPD,Pneumonia,COPD,COPD
113,1b1,Al,COPD,Pneumonia,COPD,COPD
113,1b1,Al,COPD,Pneumonia,COPD,Pneumonia
113,1b1,Al,COPD,Pneumonia,COPD,COPD
113,1b1,Al,COPD,Pneumonia,COPD,Pneumonia
113,1b1,Al,COPD,Pneumonia,COPD,Pneumonia
113,1b1,Al,COPD,Pneumonia,COPD,COPD
113,1b1,Al,COPD,Pneumonia,COPD,COPD
113,1b1,Ar,COPD,Pneumonia,Pneumonia,Pneumonia
113,1b1,Ar,COPD,Pneumonia,Pneumonia,Pneumonia
113,1b1,Ar,COPD,Pneumonia,COPD,COPD
113,1b1,Ar,COPD,Pneumonia,COPD,URTI
113,1b1,Ar,COPD,Pneumonia,COPD,URTI
113,1b1,Ar,COPD,Pneumonia,COPD,COPD
113,1b1,Ar,COPD,Pneumonia,COPD,COPD
113,1b1,Ar,COPD,Pneumonia,COPD,COPD
113,1b1,Ll,COPD,Pneumonia,COPD,COPD
113,1b1,Ll,COPD,Pneumonia,COPD,COPD
113,1b1,Ll,COPD,Pneumonia,COPD,COPD
113,1b1,Ll,COPD,COPD,COPD,COPD
113,1b1,Ll,COPD,Pneumonia,COPD,COPD
113,1b1,Ll,COPD,Pneumonia,COPD,COPD
113,1b1,Ll,COPD,COPD,COPD,COPD
113,1b1,Ll,COPD,Pneumonia,COPD,COPD
113,1b1,Ll,COPD,Pneumonia,COPD,COPD
113,1b1,Ll,COPD,Pneumonia,COPD,COPD
113,1b1,Ll,COPD,Pneumonia,COPD,COPD
113,1b1,Lr,COPD,URTI,Pneumonia,COPD
113,1b1,Lr,COPD,Pneumonia,COPD,COPD
113,1b1,Lr,COPD,Pneumonia,COPD,COPD
113,1b1,Lr,COPD,Pneumonia,COPD,COPD
113,1b1,Lr,COPD,Pneumonia,COPD,COPD
113,1b1,Lr,COPD,Pneumonia,COPD,COPD
113,1b1,Lr,COPD,COPD,COPD,COPD
113,1b1,Pl,COPD,Pneumonia,URTI,COPD
113,1b1,Pl,COPD,Pneumonia,URTI,COPD
113,1b1,Pl,COPD,Pneumonia,COPD,COPD
113,1b1,Pl,COPD,Pneumonia,URTI,COPD
113,1b1,Pl,COPD,Pneumonia,COPD,COPD
113,1b1,Pl,COPD,Pneumonia,COPD,COPD
113,1b1,Pl,COPD,Pneumonia,URTI,COPD
113,1b1,Pl,COPD,Pneumonia,COPD,COPD
113,1b1,Pr,COPD,Pneumonia,COPD,COPD
113,1b1,Pr,COPD,Pneumonia,URTI,COPD
113,1b1,Pr,COPD,Pneumonia,COPD,COPD
113,1b1,Pr,COPD,Pneumonia,COPD,COPD
113,1b1,Pr,COPD,Pneumonia,Pneumonia,COPD
113,1b1,Pr,COPD,Pneumonia,COPD,COPD
113,1b1,Pr,COPD,Pneumonia,COPD,COPD
113,1b1,Pr,COPD,Pneumonia,COPD,COPD
113,1b1,Pr,COPD,Pneumonia,COPD,COPD
118,1b1,Al,COPD,Pneumonia,COPD,COPD
118,1b1,Al,COPD,Pneumonia,COPD,COPD
118,1b1,Al,COPD,Pneumonia,COPD,COPD
118,1b1,Al,COPD,Pneumonia,COPD,COPD
118,1b1,Al,COPD,Pneumonia,COPD,COPD
118,1b1,Al,COPD,Pneumonia,COPD,COPD
118,1b1,Al,COPD,Pneumonia,COPD,Pneumonia
118,1b1,Al,COPD,Pneumonia,COPD,COPD
118,1b1,Al,COPD,COPD,COPD,COPD
118,1b1,Ar,COPD,Pneumonia,COPD,COPD
118,1b1,Ar,COPD,Pneumonia,COPD,COPD
118,1b1,Ar,COPD,Pneumonia,Pneumonia,COPD
118,1b1,Ar,COPD,Pneumonia,COPD,COPD
118,1b1,Ar,COPD,Pneumonia,COPD,COPD
118,1b1,Ar,COPD,Pneumonia,COPD,COPD
118,1b1,Ar,COPD,Pneumonia,COPD,Pneumonia
118,1b1,Ar,COPD,Pneumonia,COPD,COPD
118,1b1,Ar,COPD,Pneumonia,Pneumonia,COPD
118,1b1,Ll,COPD,Pneumonia,COPD,COPD
118,1b1,Ll,COPD,Pneumonia,COPD,COPD
118,1b1,Ll,COPD,Pneumonia,COPD,COPD
118,1b1,Ll,COPD,Pneumonia,COPD,COPD
118,1b1,Ll,COPD,Pneumonia,COPD,COPD
118,1b1,Lr,COPD,COPD,COPD,COPD
118,1b1,Lr,COPD,Pneumonia,COPD,COPD
118,1b1,Lr,COPD,COPD,COPD,COPD
118,1b1,Lr,COPD,COPD,COPD,COPD
118,1b1,Lr,COPD,Pneumonia,COPD,COPD
118,1b1,Lr,COPD,Pneumonia,COPD,COPD
118,1b1,Lr,COPD,Pneumonia,COPD,COPD
118,1b1,Pl,COPD,Pneumonia,COPD,COPD
118,1b1,Pl,COPD,Pneumonia,COPD,COPD
118,1b1,Pl,COPD,Pneumonia,URTI,COPD
118,1b1,Pl,COPD,Pneumonia,URTI,COPD
118,1b1,Pl,COPD,Pneumonia,COPD,COPD
118,1b1,Pr,COPD,Pneumonia,COPD,COPD
118,1b1,Pr,COPD,COPD,COPD,COPD
118,1b1,Pr,COPD,COPD,COPD,COPD
118,1b1,Pr,COPD,COPD,COPD,COPD
118,1b1,Pr,COPD,COPD,COPD,COPD
119,1b1,Ar,URTI,URTI,URTI,URTI
119,1b1,Ar,URTI,URTI,URTI,URTI
119,1b1,Ar,URTI,URTI,URTI,URTI
119,1b1,Ar,URTI,URTI,URTI,URTI
119,1b1,Ar,URTI,URTI,URTI,URTI
119,1b1,Ar,URTI,URTI,URTI,Healthy
119,1b1,Ar,URTI,URTI,URTI,URTI
119,1b1,Ar,URTI,URTI,URTI,URTI
119,1b1,Ar,URTI,URTI,URTI,URTI
123,1b1,Al,Healthy,Healthy,LRTI,LRTI
123,1b1,Al,Healthy,Healthy,LRTI,LRTI
123,1b1,Al,Healthy,Healthy,LRTI,LRTI
123,1b1,Al,Healthy,URTI,LRTI,LRTI
123,1b1,Al,Healthy,LRTI,LRTI,LRTI
123,1b1,Al,Healthy,Healthy,LRTI,LRTI
123,1b1,Al,Healthy,URTI,Healthy,Healthy
123,1b1,Al,Healthy,Bronchiolitis,URTI,URTI
124,1b1,Al,COPD,Pneumonia,COPD,COPD
124,1b1,Al,COPD,Pneumonia,COPD,URTI
124,1b1,Al,COPD,Pneumonia,COPD,URTI
124,1b1,Al,COPD,Pneumonia,COPD,URTI
124,1b1,Al,COPD,Pneumonia,COPD,URTI
124,1b1,Al,COPD,Pneumonia,COPD,URTI
124,1b1,Al,COPD,Pneumonia,COPD,URTI
124,1b1,Al,COPD,Pneumonia,COPD,COPD
124,1b1,Ar,COPD,Pneumonia,COPD,COPD
124,1b1,Ar,COPD,Pneumonia,COPD,COPD
124,1b1,Ar,COPD,Pneumonia,URTI,URTI
124,1b1,Ar,COPD,Pneumonia,COPD,COPD
124,1b1,Ar,COPD,Pneumonia,COPD,COPD
124,1b1,Ar,COPD,Pneumonia,COPD,COPD
124,1b1,Ar,COPD,Pneumonia,COPD,COPD
124,1b1,Ll,COPD,Pneumonia,COPD,COPD
124,1b1,Ll,COPD,Pneumonia,Bronchiolitis,COPD
124,1b1,Ll,COPD,Pneumonia,URTI,COPD
124,1b1,Ll,COPD,Pneumonia,URTI,COPD
124,1b1,Ll,COPD,Bronchiolitis,URTI,COPD
124,1b1,Ll,COPD,Bronchiolitis,COPD,COPD
124,1b1,Ll,COPD,Pneumonia,COPD,COPD
124,1b1,Ll,COPD,Pneumonia,COPD,COPD
124,1b1,Ll,COPD,Pneumonia,COPD,COPD
124,1b1,Ll,COPD,Pneumonia,COPD,COPD
124,1b1,Lr,COPD,COPD,URTI,COPD
124,1b1,Lr,COPD,Pneumonia,URTI,COPD
124,1b1,Lr,COPD,Pneumonia,COPD,COPD
124,1b1,Lr,COPD,Asthma,URTI,COPD
124,1b1,Lr,COPD,COPD,COPD,COPD
124,1b1,Lr,COPD,COPD,COPD,COPD
124,1b1,Lr,COPD,COPD,URTI,COPD
124,1b1,Lr,COPD,COPD,COPD,COPD
124,1b1,Lr,COPD,Pneumonia,COPD,COPD
124,1b1,Lr,COPD,COPD,COPD,COPD
124,1b1,Pl,COPD,COPD,COPD,COPD
124,1b1,Pl,COPD,Pneumonia,COPD,COPD
124,1b1,Pl,COPD,Pneumonia,COPD,COPD
124,1b1,Pl,COPD,COPD,COPD,COPD
124,1b1,Pl,COPD,COPD,COPD,COPD
124,1b1,Pl,COPD,COPD,COPD,COPD
124,1b1,Pl,COPD,Pneumonia,COPD,COPD
124,1b1,Pr,COPD,Pneumonia,COPD,COPD
124,1b1,Pr,COPD,Pneumonia,COPD,COPD
124,1b1,Pr,COPD,COPD,COPD,COPD
124,1b1,Pr,COPD,COPD,COPD,COPD
124,1b1,Pr,COPD,COPD,COPD,COPD
124,1b1,Pr,COPD,Pneumonia,COPD,COPD
126,1b1,Al,Healthy,LRTI,COPD,Healthy
126,1b1,Al,Healthy,URTI,URTI,Healthy
126,1b1,Al,Healthy,URTI,Healthy,Healthy
126,1b1,Al,Healthy,Bronchiolitis,Bronchiolitis,Healthy
126,1b1,Al,Healthy,Healthy,Healthy,Healthy
126,1b1,Al,Healthy,Bronchiolitis,Bronchiolitis,Healthy
126,1b1,Al,Healthy,Healthy,Healthy,Healthy
126,1b1,Al,Healthy,URTI,URTI,Healthy
126,1b1,Al,Healthy,URTI,Healthy,Healthy
126,1b1,Al,Healthy,URTI,URTI,Healthy
126,1b1,Al,Healthy,URTI,URTI,Healthy
133,2p2,Al,COPD,COPD,COPD,COPD
133,2p2,Al,COPD,COPD,COPD,COPD
133,2p2,Al,COPD,COPD,COPD,COPD
133,2p2,Al,COPD,COPD,COPD,COPD
133,2p2,Al,COPD,COPD,COPD,COPD
133,2p2,Al,COPD,COPD,COPD,COPD
133,2p2,Al,COPD,COPD,COPD,COPD
133,2p2,Al,COPD,COPD,COPD,COPD
133,2p2,Al,COPD,COPD,COPD,COPD
133,2p2,Ar,COPD,COPD,COPD,COPD
133,2p2,Ar,COPD,COPD,COPD,COPD
133,2p2,Ar,COPD,COPD,COPD,COPD
133,2p2,Ar,COPD,COPD,COPD,COPD
133,2p2,Ar,COPD,COPD,COPD,COPD
133,2p2,Ar,COPD,COPD,COPD,COPD
133,2p2,Ar,COPD,COPD,COPD,COPD
133,2p2,Ar,COPD,COPD,COPD,COPD
133,2p2,Ar,COPD,URTI,COPD,COPD
133,2p2,Pl,COPD,COPD,COPD,COPD
133,2p2,Pl,COPD,COPD,COPD,COPD
133,2p2,Pl,COPD,COPD,COPD,COPD
133,2p2,Pl,COPD,COPD,COPD,COPD
133,2p2,Pl,COPD,COPD,COPD,COPD
133,2p2,Pl,COPD,COPD,COPD,COPD
133,2p2,Pl,COPD,COPD,COPD,COPD
133,2p2,Pl,COPD,COPD,COPD,COPD
133,2p2,Pl,COPD,COPD,COPD,COPD
133,2p2,Tc,COPD,URTI,COPD,COPD
133,2p2,Tc,COPD,URTI,URTI,COPD
133,2p2,Tc,COPD,URTI,COPD,COPD
133,2p2,Tc,COPD,URTI,URTI,COPD
133,2p2,Tc,COPD,URTI,URTI,COPD
133,2p2,Tc,COPD,URTI,COPD,COPD
133,2p2,Tc,COPD,URTI,COPD,COPD
133,2p2,Tc,COPD,URTI,COPD,COPD
133,2p2,Tc,COPD,URTI,COPD,COPD
133,2p3,Al,COPD,COPD,COPD,COPD
133,2p3,Al,COPD,COPD,COPD,COPD
133,2p3,Al,COPD,COPD,COPD,COPD
133,2p3,Al,COPD,COPD,COPD,COPD
133,2p3,Al,COPD,COPD,COPD,COPD
133,2p3,Al,COPD,COPD,COPD,COPD
133,2p3,Al,COPD,COPD,COPD,COPD
133,2p3,Al,COPD,COPD,COPD,COPD
133,2p3,Ar,COPD,COPD,COPD,COPD
133,2p3,Ar,COPD,COPD,COPD,COPD
133,2p3,Ar,COPD,COPD,COPD,COPD
133,2p3,Ar,COPD,COPD,COPD,COPD
133,2p3,Ar,COPD,COPD,COPD,COPD
133,2p3,Ar,COPD,COPD,COPD,COPD
133,2p3,Ar,COPD,COPD,COPD,COPD
133,2p3,Ar,COPD,COPD,COPD,COPD
133,2p3,Pl,COPD,COPD,COPD,COPD
133,2p3,Pl,COPD,COPD,COPD,COPD
133,2p3,Pl,COPD,COPD,COPD,COPD
133,2p3,Pl,COPD,COPD,COPD,COPD
133,2p3,Pl,COPD,COPD,COPD,COPD
133,2p3,Pl,COPD,COPD,COPD,COPD
133,2p3,Pl,COPD,COPD,COPD,COPD
133,2p3,Pl,COPD,COPD,COPD,COPD
133,2p3,Pr,COPD,COPD,COPD,COPD
133,2p3,Pr,COPD,COPD,COPD,COPD
133,2p3,Pr,COPD,COPD,COPD,COPD
133,2p3,Pr,COPD,COPD,COPD,COPD
133,2p3,Pr,COPD,COPD,COPD,COPD
133,2p3,Pr,COPD,COPD,COPD,COPD
133,2p3,Pr,COPD,COPD,COPD,COPD
133,2p3,Pr,COPD,COPD,COPD,COPD
133,2p3,Tc,COPD,URTI,COPD,COPD
133,2p3,Tc,COPD,URTI,LRTI,COPD
133,2p3,Tc,COPD,URTI,URTI,COPD
133,2p3,Tc,COPD,URTI,URTI,COPD
133,2p3,Tc,COPD,URTI,COPD,COPD
133,2p3,Tc,COPD,URTI,URTI,COPD
133,2p3,Tc,COPD,URTI,URTI,COPD
133,2p3,Tc,COPD,URTI,COPD,COPD
133,2p4,Al,COPD,COPD,COPD,COPD
133,2p4,Al,COPD,COPD,COPD,COPD
133,2p4,Al,COPD,COPD,COPD,COPD
133,2p4,Al,COPD,COPD,COPD,COPD
133,2p4,Al,COPD,COPD,COPD,COPD
133,2p4,Al,COPD,COPD,COPD,COPD
133,2p4,Al,COPD,COPD,COPD,COPD
133,2p4,Al,COPD,COPD,COPD,COPD
133,2p4,Ar,COPD,COPD,COPD,COPD
133,2p4,Ar,COPD,Healthy,COPD,COPD
133,2p4,Ar,COPD,COPD,COPD,COPD
133,2p4,Ar,COPD,COPD,COPD,COPD
133,2p4,Ar,COPD,COPD,COPD,COPD
133,2p4,Ar,COPD,COPD,COPD,COPD
133,2p4,Ar,COPD,Healthy,COPD,COPD
133,2p4,Ar,COPD,URTI,Healthy,COPD
133,2p4,Pl,COPD,COPD,COPD,COPD
133,2p4,Pl,COPD,COPD,COPD,COPD
133,2p4,Pl,COPD,COPD,COPD,COPD
133,2p4,Pl,COPD,COPD,COPD,COPD
133,2p4,Pl,COPD,COPD,COPD,COPD
133,2p4,Pl,COPD,COPD,COPD,COPD
133,2p4,Pl,COPD,COPD,COPD,COPD
133,2p4,Pl,COPD,COPD,COPD,COPD
133,2p4,Pr,COPD,COPD,COPD,COPD
133,2p4,Pr,COPD,COPD,COPD,COPD
133,2p4,Pr,COPD,COPD,COPD,COPD
133,2p4,Pr,COPD,COPD,COPD,COPD
133,2p4,Pr,COPD,COPD,COPD,COPD
133,2p4,Pr,COPD,COPD,COPD,COPD
133,2p4,Pr,COPD,COPD,COPD,COPD
133,2p4,Pr,COPD,COPD,COPD,COPD
133,2p4,Tc,COPD,URTI,COPD,COPD
133,2p4,Tc,COPD,URTI,LRTI,COPD
133,2p4,Tc,COPD,URTI,LRTI,COPD
133,2p4,Tc,COPD,URTI,LRTI,COPD
133,2p4,Tc,COPD,URTI,URTI,COPD
133,2p4,Tc,COPD,URTI,LRTI,COPD
133,2p4,Tc,COPD,URTI,LRTI,COPD
133,2p4,Tc,COPD,URTI,LRTI,COPD
133,3p2,Al,COPD,COPD,COPD,COPD
133,3p2,Al,COPD,COPD,COPD,COPD
133,3p2,Al,COPD,COPD,COPD,COPD
133,3p2,Al,COPD,COPD,COPD,COPD
133,3p2,Al,COPD,COPD,COPD,COPD
133,3p2,Al,COPD,COPD,COPD,COPD
133,3p2,Al,COPD,COPD,COPD,COPD
133,3p2,Al,COPD,COPD,COPD,COPD
133,3p2,Ar,COPD,COPD,COPD,COPD
133,3p2,Ar,COPD,COPD,COPD,COPD
133,3p2,Ar,COPD,COPD,COPD,COPD
133,3p2,Ar,COPD,COPD,COPD,COPD
133,3p2,Ar,COPD,COPD,COPD,COPD
133,3p2,Ar,COPD,COPD,COPD,COPD
133,3p2,Ar,COPD,COPD,COPD,COPD
133,3p2,Ar,COPD,COPD,COPD,COPD
133,3p2,Pl,COPD,COPD,COPD,COPD
133,3p2,Pl,COPD,COPD,COPD,COPD
133,3p2,Pl,COPD,COPD,COPD,COPD
133,3p2,Pl,COPD,COPD,COPD,COPD
133,3p2,Pl,COPD,COPD,COPD,COPD
133,3p2,Pl,COPD,COPD,COPD,COPD
133,3p2,Pl,COPD,COPD,COPD,COPD
133,3p2,Pl,COPD,COPD,COPD,COPD
133,3p2,Pr,COPD,COPD,COPD,COPD
133,3p2,Pr,COPD,COPD,COPD,COPD
133,3p2,Pr,COPD,COPD,COPD,COPD
133,3p2,Pr,COPD,COPD,COPD,COPD
133,3p2,Pr,COPD,COPD,COPD,COPD
133,3p2,Pr,COPD,COPD,COPD,COPD
133,3p2,Pr,COPD,COPD,COPD,COPD
133,3p2,Pr,COPD,COPD,COPD,COPD
133,3p4,Tc,COPD,Bronchiolitis,Bronchiolitis,COPD
133,3p4,Tc,COPD,Bronchiolitis,COPD,COPD
133,3p4,Tc,COPD,URTI,Bronchiolitis,COPD
133,3p4,Tc,COPD,Bronchiolitis,Bronchiolitis,COPD
133,3p4,Tc,COPD,Bronchiolitis,Bronchiolitis,COPD
133,3p4,Tc,COPD,Bronchiolitis,Bronchiolitis,COPD
133,3p4,Tc,COPD,URTI,COPD,COPD
133,3p4,Tc,COPD,COPD,COPD,COPD
136,1b1,Ar,Healthy,Pneumonia,Pneumonia,Pneumonia
136,1b1,Ar,Healthy,URTI,Healthy,Pneumonia
136,1b1,Ar,Healthy,Pneumonia,Pneumonia,Pneumonia
136,1b1,Ar,Healthy,URTI,URTI,Pneumonia
136,1b1,Ar,Healthy,Bronchiolitis,URTI,URTI
136,1b1,Ar,Healthy,URTI,Pneumonia,URTI
136,1b1,Ar,Healthy,URTI,URTI,URTI
136,1b1,Ar,Healthy,Bronchiolitis,Bronchiolitis,Pneumonia
136,1b1,Ar,Healthy,URTI,Pneumonia,URTI
139,1b1,Al,COPD,COPD,COPD,COPD
139,1b1,Al,COPD,Pneumonia,COPD,COPD
139,1b1,Al,COPD,Pneumonia,COPD,COPD
139,1b1,Al,COPD,Pneumonia,COPD,URTI
139,1b1,Al,COPD,Pneumonia,COPD,COPD
139,1b1,Al,COPD,Pneumonia,COPD,Pneumonia
139,1b1,Al,COPD,Pneumonia,COPD,COPD
139,1b1,Al,COPD,Pneumonia,COPD,COPD
139,1b1,Al,COPD,Pneumonia,COPD,COPD
139,1b1,Al,COPD,Pneumonia,COPD,COPD
139,1b1,Ar,COPD,COPD,COPD,COPD
139,1b1,Ar,COPD,COPD,COPD,COPD
139,1b1,Ar,COPD,Pneumonia,Pneumonia,Pneumonia
139,1b1,Ar,COPD,Pneumonia,COPD,COPD
139,1b1,Ar,COPD,Pneumonia,Pneumonia,Pneumonia
139,1b1,Ar,COPD,Pneumonia,COPD,Pneumonia
139,1b1,Ar,COPD,Pneumonia,COPD,COPD
139,1b1,Ar,COPD,Pneumonia,COPD,COPD
139,1b1,Ar,COPD,Pneumonia,COPD,COPD
139,1b1,Ll,COPD,Pneumonia,COPD,COPD
139,1b1,Ll,COPD,Pneumonia,COPD,COPD
139,1b1,Ll,COPD,Pneumonia,COPD,COPD
139,1b1,Ll,COPD,COPD,COPD,COPD
139,1b1,Ll,COPD,Pneumonia,COPD,Pneumonia
139,1b1,Ll,COPD,Pneumonia,COPD,Pneumonia
139,1b1,Ll,COPD,COPD,COPD,COPD
139,1b1,Ll,COPD,Pneumonia,COPD,COPD
139,1b1,Lr,COPD,COPD,COPD,COPD
139,1b1,Lr,COPD,Pneumonia,COPD,Pneumonia
139,1b1,Lr,COPD,COPD,COPD,COPD
139,1b1,Lr,COPD,COPD,COPD,Pneumonia
139,1b1,Lr,COPD,COPD,COPD,COPD
139,1b1,Lr,COPD,Pneumonia,COPD,COPD
139,1b1,Pl,COPD,Pneumonia,COPD,COPD
139,1b1,Pl,COPD,Pneumonia,COPD,COPD
139,1b1,Pl,COPD,Pneumonia,COPD,COPD
139,1b1,Pl,COPD,Pneumonia,COPD,COPD
139,1b1,Pl,COPD,Pneumonia,COPD,COPD
139,1b1,Pl,COPD,Pneumonia,COPD,COPD
139,1b1,Pr,COPD,Pneumonia,URTI,COPD
139,1b1,Pr,COPD,COPD,COPD,COPD
139,1b1,Pr,COPD,Pneumonia,COPD,COPD
139,1b1,Pr,COPD,Pneumonia,COPD,COPD
139,1b1,Pr,COPD,COPD,COPD,COPD
139,1b1,Pr,COPD,Pneumonia,COPD,COPD
139,1b1,Pr,COPD,Pneumonia,COPD,COPD
143,1b1,Al,Healthy,URTI,URTI,Healthy
143,1b1,Al,Healthy,URTI,URTI,URTI
143,1b1,Al,Healthy,URTI,URTI,URTI
143,1b1,Al,Healthy,URTI,URTI,Healthy
143,1b1,Al,Healthy,Pneumonia,URTI,COPD
143,1b1,Al,Healthy,URTI,URTI,URTI
143,1b1,Al,Healthy,URTI,URTI,URTI
143,1b1,Al,Healthy,URTI,URTI,COPD
143,1b1,Al,Healthy,URTI,URTI,URTI
143,1b1,Al,Healthy,URTI,URTI,COPD
143,1b1,Al,Healthy,URTI,Pneumonia,COPD
143,1b1,Al,Healthy,URTI,URTI,COPD
143,1b1,Al,Healthy,Pneumonia,URTI,COPD
143,1b1,Al,Healthy,URTI,URTI,URTI
143,1b1,Al,Healthy,URTI,URTI,URTI
143,1b1,Al,Healthy,URTI,URTI,URTI
143,1b1,Al,Healthy,URTI,URTI,COPD
143,1b1,Al,Healthy,URTI,URTI,URTI
144,1b1,Al,Healthy,Bronchiolitis,Healthy,Healthy
144,1b1,Al,Healthy,Bronchiolitis,Healthy,Healthy
144,1b1,Al,Healthy,URTI,Healthy,Healthy
144,1b1,Al,Healthy,URTI,URTI,URTI
144,1b1,Al,Healthy,URTI,LRTI,URTI
144,1b1,Al,Healthy,URTI,URTI,URTI
144,1b1,Al,Healthy,Bronchiolitis,Healthy,Healthy
144,1b1,Al,Healthy,URTI,URTI,URTI
144,1b1,Al,Healthy,URTI,Healthy,Healthy
144,1b1,Al,Healthy,URTI,URTI,Healthy
144,1b1,Tc,Healthy,LRTI,Healthy,URTI
144,1b1,Tc,Healthy,Healthy,COPD,COPD
144,1b1,Tc,Healthy,Healthy,Healthy,Healthy
144,1b1,Tc,Healthy,Healthy,Healthy,Healthy
144,1b1,Tc,Healthy,COPD,Healthy,COPD
144,1b1,Tc,Healthy,COPD,COPD,COPD
144,1b1,Tc,Healthy,COPD,COPD,COPD
144,1b1,Tc,Healthy,COPD,COPD,COPD
144,1b1,Tc,Healthy,COPD,COPD,COPD
144,1b1,Tc,Healthy,URTI,COPD,COPD
145,2b2,Al,COPD,COPD,COPD,COPD
145,2b2,Al,COPD,COPD,COPD,COPD
145,2b2,Al,COPD,COPD,COPD,COPD
145,2b2,Al,COPD,COPD,COPD,COPD
145,2b2,Al,COPD,COPD,COPD,COPD
145,2b2,Ar,COPD,COPD,COPD,COPD
145,2b2,Ar,COPD,COPD,COPD,COPD
145,2b2,Ar,COPD,COPD,COPD,COPD
145,2b2,Ar,COPD,COPD,COPD,COPD
145,2b2,Ar,COPD,COPD,COPD,COPD
145,2b2,Lr,COPD,COPD,COPD,COPD
145,2b2,Lr,COPD,COPD,COPD,COPD
145,2b2,Lr,COPD,COPD,COPD,COPD
145,2b2,Lr,COPD,COPD,COPD,COPD
145,2b2,Lr,COPD,COPD,COPD,COPD
145,2b2,Pr,COPD,COPD,COPD,COPD
145,2b2,Pr,COPD,COPD,COPD,COPD
145,2b2,Pr,COPD,COPD,COPD,COPD
145,2b2,Pr,COPD,COPD,COPD,COPD
145,2b2,Pr,COPD,COPD,COPD,COPD
145,3b2,Ar,COPD,Pneumonia,Healthy,Healthy
145,3b2,Ar,COPD,COPD,Healthy,COPD
145,3b2,Ar,COPD,COPD,COPD,COPD
145,3b2,Ar,COPD,COPD,Healthy,COPD
145,3b2,Ar,COPD,COPD,COPD,COPD
145,3b2,Ar,COPD,Pneumonia,Healthy,Pneumonia
145,3b2,Lr,COPD,Pneumonia,COPD,COPD
145,3b2,Lr,COPD,Pneumonia,Pneumonia,COPD
145,3b2,Lr,COPD,COPD,Pneumonia,Pneumonia
145,3b2,Lr,COPD,COPD,Pneumonia,COPD
145,3b2,Lr,COPD,COPD,Pneumonia,Pneumonia
145,3b2,Lr,COPD,COPD,Pneumonia,COPD
145,3b4,Pl,COPD,COPD,COPD,COPD
145,3b4,Pl,COPD,COPD,COPD,COPD
145,3b4,Pl,COPD,COPD,COPD,COPD
145,3b4,Pl,COPD,COPD,COPD,COPD
145,3b4,Pl,COPD,COPD,COPD,COPD
146,2b2,Pl,COPD,Pneumonia,URTI,URTI
146,2b2,Pl,COPD,Pneumonia,URTI,URTI
146,2b2,Pl,COPD,COPD,COPD,COPD
146,2b2,Pl,COPD,COPD,COPD,COPD
146,2b2,Pl,COPD,COPD,COPD,COPD
146,2b4,Al,COPD,COPD,COPD,COPD
146,2b4,Al,COPD,COPD,Pneumonia,COPD
146,2b4,Al,COPD,COPD,COPD,COPD
146,2b4,Al,COPD,COPD,COPD,COPD
146,2b4,Al,COPD,COPD,COPD,COPD
146,2b4,Al,COPD,COPD,COPD,COPD
146,2b4,Ar,COPD,COPD,COPD,COPD
146,2b4,Ar,COPD,COPD,COPD,COPD
146,2b4,Ar,COPD,COPD,COPD,COPD
146,2b4,Ar,COPD,COPD,COPD,COPD
146,2b4,Ar,COPD,COPD,COPD,COPD
146,2b4,Ar,COPD,COPD,COPD,COPD
146,2b4,Ll,COPD,COPD,COPD,COPD
146,2b4,Ll,COPD,COPD,COPD,COPD
146,2b4,Ll,COPD,COPD,COPD,COPD
146,2b4,Ll,COPD,COPD,COPD,COPD
146,2b4,Ll,COPD,COPD,COPD,COPD
146,2b4,Ll,COPD,COPD,COPD,COPD
146,2b4,Lr,COPD,COPD,COPD,COPD
146,2b4,Lr,COPD,COPD,COPD,COPD
146,2b4,Lr,COPD,COPD,COPD,COPD
146,2b4,Lr,COPD,COPD,COPD,COPD
146,2b4,Lr,COPD,COPD,COPD,COPD
146,2b4,Lr,COPD,COPD,COPD,COPD
146,2b4,Pr,COPD,COPD,COPD,COPD
146,2b4,Pr,COPD,COPD,COPD,COPD
146,2b4,Pr,COPD,COPD,COPD,COPD
146,2b4,Pr,COPD,COPD,COPD,COPD
146,2b4,Pr,COPD,COPD,COPD,COPD
146,2b4,Pr,COPD,COPD,COPD,COPD
146,8p3,Al,COPD,COPD,COPD,COPD
146,8p3,Al,COPD,Bronchiectasis,COPD,COPD
146,8p3,Al,COPD,COPD,COPD,COPD
146,8p3,Al,COPD,Bronchiectasis,COPD,COPD
146,8p3,Al,COPD,COPD,COPD,COPD
146,8p3,Al,COPD,Bronchiectasis,COPD,COPD
146,8p3,Al,COPD,COPD,COPD,COPD
146,8p3,Al,COPD,Bronchiectasis,COPD,COPD
146,8p3,Al,COPD,COPD,COPD,COPD
146,8p3,Ar,COPD,COPD,COPD,COPD
146,8p3,Ar,COPD,COPD,COPD,COPD
146,8p3,Ar,COPD,COPD,COPD,COPD
146,8p3,Ar,COPD,COPD,COPD,COPD
146,8p3,Ar,COPD,COPD,COPD,COPD
146,8p3,Ar,COPD,COPD,COPD,COPD
146,8p3,Ar,COPD,COPD,COPD,COPD
146,8p3,Ar,COPD,COPD,COPD,COPD
146,8p3,Ar,COPD,COPD,COPD,COPD
146,8p3,Lr,COPD,COPD,COPD,COPD
146,8p3,Lr,COPD,COPD,COPD,COPD
146,8p3,Lr,COPD,COPD,COPD,Bronchiectasis
146,8p3,Lr,COPD,COPD,COPD,COPD
146,8p3,Lr,COPD,COPD,COPD,COPD
146,8p3,Lr,COPD,COPD,COPD,COPD
146,8p3,Lr,COPD,COPD,COPD,COPD
146,8p3,Lr,COPD,COPD,COPD,COPD
146,8p3,Lr,COPD,COPD,COPD,COPD
146,8p3,Pl,COPD,COPD,COPD,COPD
146,8p3,Pl,COPD,COPD,COPD,COPD
146,8p3,Pl,COPD,COPD,COPD,COPD
146,8p3,Pl,COPD,COPD,COPD,COPD
146,8p3,Pl,COPD,COPD,COPD,COPD
146,8p3,Pl,COPD,COPD,COPD,COPD
146,8p3,Pl,COPD,COPD,COPD,COPD
146,8p3,Pl,COPD,COPD,COPD,COPD
146,8p3,Pl,COPD,COPD,COPD,COPD
146,8p3,Pr,COPD,COPD,COPD,COPD
146,8p3,Pr,COPD,Bronchiectasis,COPD,COPD
146,8p3,Pr,COPD,COPD,COPD,COPD
146,8p3,Pr,COPD,COPD,COPD,COPD
146,8p3,Pr,COPD,COPD,COPD,COPD
146,8p3,Pr,COPD,Bronchiectasis,COPD,COPD
146,8p3,Pr,COPD,COPD,COPD,COPD
146,8p3,Pr,COPD,COPD,COPD,COPD
146,8p3,Pr,COPD,Bronchiectasis,COPD,COPD
147,1b2,Tc,COPD,Bronchiolitis,COPD,COPD
147,1b2,Tc,COPD,Bronchiolitis,COPD,COPD
147,1b2,Tc,COPD,Bronchiolitis,COPD,COPD
147,1b2,Tc,COPD,Bronchiolitis,COPD,COPD
147,1b2,Tc,COPD,Bronchiolitis,COPD,COPD
147,1b2,Tc,COPD,Bronchiolitis,COPD,COPD
147,1b2,Tc,COPD,Bronchiolitis,COPD,COPD
147,1b2,Tc,COPD,Bronchiolitis,COPD,COPD
147,1b2,Tc,COPD,Bronchiolitis,COPD,COPD
147,1b2,Tc,COPD,Bronchiolitis,COPD,COPD
147,1b2,Tc,COPD,COPD,COPD,COPD
147,1b2,Tc,COPD,COPD,COPD,COPD
147,1b3,Tc,COPD,COPD,COPD,COPD
147,1b3,Tc,COPD,COPD,COPD,COPD
147,1b3,Tc,COPD,COPD,COPD,COPD
147,1b3,Tc,COPD,COPD,COPD,COPD
147,1b3,Tc,COPD,COPD,COPD,COPD
147,1b3,Tc,COPD,COPD,COPD,COPD
147,1b3,Tc,COPD,COPD,COPD,COPD
147,1b3,Tc,COPD,COPD,COPD,COPD
147,1b3,Tc,COPD,Bronchiolitis,COPD,COPD
147,1b3,Tc,COPD,COPD,COPD,COPD
147,1b3,Tc,COPD,COPD,COPD,COPD
147,1b4,Tc,COPD,Bronchiectasis,COPD,COPD
147,1b4,Tc,COPD,Bronchiolitis,COPD,COPD
147,1b4,Tc,COPD,Bronchiolitis,COPD,COPD
147,1b4,Tc,COPD,Bronchiectasis,COPD,COPD
147,1b4,Tc,COPD,COPD,COPD,COPD
147,1b4,Tc,COPD,COPD,COPD,COPD
147,1b4,Tc,COPD,COPD,COPD,COPD
147,1b4,Tc,COPD,COPD,COPD,COPD
147,1b4,Tc,COPD,COPD,Pneumonia,COPD
147,1b4,Tc,COPD,Bronchiolitis,Pneumonia,COPD
147,1b4,Tc,COPD,Bronchiolitis,Pneumonia,COPD
147,1b4,Tc,COPD,Bronchiolitis,Pneumonia,COPD
147,1b4,Tc,COPD,Bronchiolitis,COPD,COPD
147,1b4,Tc,COPD,Bronchiolitis,COPD,COPD
147,1b4,Tc,COPD,Bronchiolitis,COPD,COPD
147,2b2,Al,COPD,COPD,COPD,COPD
147,2b2,Al,COPD,COPD,COPD,COPD
147,2b2,Al,COPD,COPD,Bronchiectasis,COPD
147,2b2,Al,COPD,COPD,Bronchiectasis,COPD
147,2b2,Al,COPD,COPD,COPD,COPD
147,2b2,Ar,COPD,COPD,COPD,COPD
147,2b2,Ar,COPD,COPD,COPD,COPD
147,2b2,Ar,COPD,COPD,COPD,COPD
147,2b2,Ar,COPD,COPD,COPD,COPD
147,2b2,Ar,COPD,COPD,COPD,COPD
147,2b2,Pl,COPD,COPD,COPD,COPD
147,2b2,Pl,COPD,COPD,COPD,COPD
147,2b2,Pl,COPD,COPD,COPD,COPD
147,2b2,Pl,COPD,COPD,COPD,COPD
147,2b2,Pl,COPD,COPD,COPD,COPD
147,2b3,Al,COPD,COPD,COPD,COPD
147,2b3,Al,COPD,COPD,COPD,COPD
147,2b3,Al,COPD,COPD,COPD,COPD
147,2b3,Al,COPD,COPD,COPD,COPD
147,2b3,Al,COPD,COPD,COPD,COPD
147,2b3,Ar,COPD,COPD,COPD,COPD
147,2b3,Ar,COPD,COPD,COPD,COPD
147,2b3,Ar,COPD,COPD,COPD,COPD
147,2b3,Ar,COPD,COPD,COPD,COPD
147,2b3,Ar,COPD,COPD,COPD,COPD
147,2b3,Ll,COPD,COPD,COPD,COPD
147,2b3,Ll,COPD,COPD,COPD,COPD
147,2b3,Ll,COPD,COPD,COPD,COPD
147,2b3,Ll,COPD,COPD,COPD,COPD
147,2b3,Ll,COPD,COPD,COPD,COPD
147,2b3,Lr,COPD,COPD,COPD,COPD
147,2b3,Lr,COPD,COPD,COPD,COPD
147,2b3,Lr,COPD,COPD,COPD,COPD
147,2b3,Lr,COPD,COPD,Bronchiectasis,COPD
147,2b3,Lr,COPD,Healthy,COPD,COPD
147,2b3,Pl,COPD,COPD,COPD,COPD
147,2b3,Pl,COPD,COPD,COPD,COPD
147,2b3,Pl,COPD,COPD,COPD,COPD
147,2b3,Pl,COPD,COPD,COPD,COPD
147,2b3,Pl,COPD,COPD,COPD,COPD
147,2b4,Al,COPD,COPD,COPD,COPD
147,2b4,Al,COPD,COPD,COPD,COPD
147,2b4,Al,COPD,COPD,COPD,COPD
147,2b4,Al,COPD,COPD,COPD,COPD
147,2b4,Al,COPD,COPD,COPD,COPD
147,2b4,Ar,COPD,COPD,COPD,COPD
147,2b4,Ar,COPD,COPD,COPD,COPD
147,2b4,Ar,COPD,COPD,COPD,COPD
147,2b4,Ar,COPD,COPD,COPD,COPD
147,2b4,Ar,COPD,COPD,COPD,COPD
147,2b4,Ll,COPD,COPD,COPD,COPD
147,2b4,Ll,COPD,COPD,COPD,COPD
147,2b4,Ll,COPD,COPD,COPD,COPD
147,2b4,Ll,COPD,COPD,COPD,COPD
147,2b4,Ll,COPD,COPD,COPD,COPD
147,2b4,Lr,COPD,Bronchiectasis,COPD,COPD
147,2b4,Lr,COPD,COPD,COPD,COPD
147,2b4,Lr,COPD,COPD,COPD,COPD
147,2b4,Lr,COPD,COPD,COPD,COPD
147,2b4,Lr,COPD,Bronchiectasis,COPD,COPD
147,2b4,Pl,COPD,COPD,COPD,COPD
147,2b4,Pl,COPD,COPD,COPD,COPD
147,2b4,Pl,COPD,COPD,COPD,COPD
147,2b4,Pl,COPD,COPD,COPD,COPD
147,2b4,Pl,COPD,COPD,COPD,COPD
149,1b1,Al,Bronchiolitis,Healthy,COPD,COPD
149,1b1,Al,Bronchiolitis,Healthy,COPD,COPD
149,1b1,Al,Bronchiolitis,LRTI,URTI,COPD
149,1b1,Al,Bronchiolitis,Healthy,URTI,URTI
149,1b1,Al,Bronchiolitis,Healthy,URTI,COPD
149,1b1,Al,Bronchiolitis,Healthy,URTI,COPD
149,1b1,Al,Bronchiolitis,URTI,URTI,URTI
149,1b1,Al,Bronchiolitis,Healthy,Healthy,COPD
149,1b1,Al,Bronchiolitis,Healthy,URTI,URTI
149,1b1,Al,Bronchiolitis,URTI,URTI,COPD
149,1b1,Al,Bronchiolitis,Healthy,COPD,COPD
149,1b1,Al,Bronchiolitis,COPD,URTI,COPD
149,1b1,Al,Bronchiolitis,Healthy,URTI,URTI
149,1b1,Al,Bronchiolitis,Healthy,COPD,COPD
149,1b1,Al,Bronchiolitis,URTI,URTI,COPD
149,1b1,Al,Bronchiolitis,URTI,URTI,COPD
149,1b1,Al,Bronchiolitis,URTI,URTI,COPD
149,1b1,Al,Bronchiolitis,Healthy,URTI,COPD
149,1b1,Lr,Bronchiolitis,URTI,COPD,COPD
149,1b1,Lr,Bronchiolitis,Healthy,Healthy,URTI
149,1b1,Lr,Bronchiolitis,Healthy,Healthy,COPD
149,1b1,Lr,Bronchiolitis,URTI,URTI,COPD
149,1b1,Lr,Bronchiolitis,Bronchiolitis,COPD,COPD
149,1b1,Lr,Bronchiolitis,Bronchiolitis,URTI,COPD
149,1b1,Lr,Bronchiolitis,URTI,URTI,COPD
149,1b1,Lr,Bronchiolitis,Bronchiolitis,COPD,COPD
149,1b1,Lr,Bronchiolitis,Bronchiolitis,URTI,COPD
149,1b1,Lr,Bronchiolitis,URTI,URTI,COPD
149,1b1,Lr,Bronchiolitis,URTI,COPD,COPD
149,1b1,Lr,Bronchiolitis,Healthy,LRTI,COPD
149,1b1,Lr,Bronchiolitis,Bronchiolitis,COPD,COPD
149,1b1,Lr,Bronchiolitis,URTI,COPD,COPD
149,1b1,Lr,Bronchiolitis,Bronchiolitis,COPD,COPD
149,1b1,Lr,Bronchiolitis,URTI,URTI,COPD
149,1b1,Pl,Bronchiolitis,URTI,COPD,URTI
149,1b1,Pl,Bronchiolitis,URTI,LRTI,LRTI
149,1b1,Pl,Bronchiolitis,Bronchiolitis,URTI,URTI
149,1b1,Pl,Bronchiolitis,Pneumonia,Bronchiolitis,Pneumonia
149,1b1,Pl,Bronchiolitis,Healthy,URTI,Healthy
149,1b1,Pl,Bronchiolitis,URTI,URTI,URTI
149,1b1,Pl,Bronchiolitis,URTI,URTI,URTI
149,1b1,Pl,Bronchiolitis,Pneumonia,Bronchiolitis,Pneumonia
149,1b1,Pl,Bronchiolitis,URTI,URTI,URTI
149,1b1,Pl,Bronchiolitis,URTI,URTI,URTI
149,1b1,Pl,Bronchiolitis,Pneumonia,Healthy,URTI
149,1b1,Pl,Bronchiolitis,LRTI,Bronchiolitis,URTI
149,1b1,Pl,Bronchiolitis,URTI,URTI,COPD
149,1b1,Pl,Bronchiolitis,LRTI,Healthy,Healthy
149,1b1,Pl,Bronchiolitis,Bronchiolitis,Bronchiolitis,URTI
149,1b1,Pl,Bronchiolitis,LRTI,LRTI,URTI
149,1b1,Pl,Bronchiolitis,Pneumonia,URTI,Pneumonia
150,1b2,Al,URTI,LRTI,Healthy,Healthy
150,1b2,Al,URTI,LRTI,Healthy,Pneumonia
150,1b2,Al,URTI,Pneumonia,Healthy,Healthy
150,1b2,Al,URTI,URTI,URTI,URTI
150,1b2,Al,URTI,LRTI,COPD,COPD
150,1b2,Al,URTI,LRTI,LRTI,Healthy
150,1b2,Al,URTI,LRTI,LRTI,URTI
150,1b2,Al,URTI,Healthy,Healthy,Healthy
150,1b2,Al,URTI,URTI,Healthy,Healthy
150,1b2,Al,URTI,LRTI,Healthy,Healthy
150,1b2,Al,URTI,Healthy,Healthy,Healthy
150,1b2,Al,URTI,LRTI,Pneumonia,Healthy
150,1b2,Al,URTI,LRTI,Healthy,URTI
150,1b2,Al,URTI,URTI,Healthy,Healthy
150,1b2,Al,URTI,Bronchiolitis,Healthy,URTI
150,1b2,Al,URTI,Healthy,Healthy,Healthy
150,1b2,Al,URTI,URTI,URTI,URTI
151,2p2,Al,COPD,COPD,COPD,COPD
151,2p2,Al,COPD,COPD,COPD,COPD
151,2p2,Al,COPD,COPD,COPD,COPD
151,2p2,Al,COPD,COPD,COPD,COPD
151,2p2,Al,COPD,COPD,COPD,COPD
151,2p2,Al,COPD,COPD,COPD,COPD
151,2p2,Ar,COPD,COPD,COPD,COPD
151,2p2,Ar,COPD,COPD,COPD,COPD
151,2p2,Ar,COPD,COPD,COPD,COPD
151,2p2,Ar,COPD,COPD,COPD,COPD
151,2p2,Ar,COPD,COPD,COPD,COPD
151,2p2,Ar,COPD,COPD,COPD,COPD
151,2p2,Ll,COPD,COPD,COPD,COPD
151,2p2,Ll,COPD,COPD,COPD,COPD
151,2p2,Ll,COPD,COPD,COPD,COPD
151,2p2,Ll,COPD,COPD,COPD,COPD
151,2p2,Ll,COPD,COPD,COPD,COPD
151,2p2,Ll,COPD,COPD,COPD,COPD
151,2p2,Lr,COPD,COPD,COPD,COPD
151,2p2,Lr,COPD,COPD,COPD,COPD
151,2p2,Lr,COPD,COPD,COPD,COPD
151,2p2,Lr,COPD,COPD,COPD,COPD
151,2p2,Lr,COPD,COPD,COPD,COPD
151,2p2,Lr,COPD,COPD,COPD,COPD
151,2p2,Pl,COPD,COPD,COPD,COPD
151,2p2,Pl,COPD,COPD,COPD,COPD
151,2p2,Pl,COPD,COPD,COPD,COPD
151,2p2,Pl,COPD,COPD,COPD,COPD
151,2p2,Pl,COPD,COPD,COPD,COPD
151,2p2,Pl,COPD,COPD,COPD,COPD
151,2p2,Pr,COPD,COPD,COPD,COPD
151,2p2,Pr,COPD,COPD,COPD,COPD
151,2p2,Pr,COPD,COPD,COPD,COPD
151,2p2,Pr,COPD,COPD,COPD,COPD
151,2p2,Pr,COPD,COPD,COPD,COPD
151,2p2,Pr,COPD,COPD,COPD,COPD
151,2p2,Tc,COPD,COPD,COPD,COPD
151,2p2,Tc,COPD,COPD,COPD,COPD
151,2p2,Tc,COPD,COPD,COPD,COPD
151,2p2,Tc,COPD,COPD,COPD,COPD
151,2p2,Tc,COPD,COPD,COPD,COPD
151,2p2,Tc,COPD,COPD,COPD,COPD
151,2p3,Al,COPD,COPD,COPD,COPD
151,2p3,Al,COPD,COPD,COPD,COPD
151,2p3,Al,COPD,COPD,COPD,COPD
151,2p3,Al,COPD,COPD,COPD,COPD
151,2p3,Al,COPD,COPD,COPD,COPD
151,2p3,Al,COPD,COPD,COPD,COPD
151,2p3,Ar,COPD,COPD,COPD,COPD
151,2p3,Ar,COPD,COPD,COPD,COPD
151,2p3,Ar,COPD,COPD,COPD,COPD
151,2p3,Ar,COPD,COPD,COPD,COPD
151,2p3,Ar,COPD,COPD,COPD,COPD
151,2p3,Ar,COPD,COPD,COPD,COPD
151,2p3,Ll,COPD,COPD,COPD,COPD
151,2p3,Ll,COPD,COPD,COPD,COPD
151,2p3,Ll,COPD,COPD,COPD,COPD
151,2p3,Ll,COPD,COPD,COPD,COPD
151,2p3,Ll,COPD,COPD,COPD,COPD
151,2p3,Ll,COPD,COPD,COPD,COPD
151,2p3,Lr,COPD,COPD,COPD,COPD
151,2p3,Lr,COPD,COPD,COPD,COPD
151,2p3,Lr,COPD,COPD,COPD,COPD
151,2p3,Lr,COPD,COPD,COPD,COPD
151,2p3,Lr,COPD,COPD,COPD,COPD
151,2p3,Lr,COPD,COPD,COPD,COPD
151,2p3,Pl,COPD,Pneumonia,COPD,COPD
151,2p3,Pl,COPD,COPD,COPD,COPD
151,2p3,Pl,COPD,Pneumonia,COPD,COPD
151,2p3,Pl,COPD,COPD,COPD,COPD
151,2p3,Pl,COPD,COPD,COPD,COPD
151,2p3,Pl,COPD,COPD,COPD,COPD
151,2p3,Pr,COPD,COPD,COPD,COPD
151,2p3,Pr,COPD,COPD,COPD,COPD
151,2p3,Pr,COPD,COPD,COPD,COPD
151,2p3,Pr,COPD,COPD,COPD,COPD
151,2p3,Pr,COPD,COPD,COPD,COPD
151,2p3,Pr,COPD,COPD,COPD,COPD
151,2p3,Tc,COPD,COPD,COPD,COPD
151,2p3,Tc,COPD,COPD,COPD,COPD
151,2p3,Tc,COPD,COPD,COPD,COPD
151,2p3,Tc,COPD,COPD,COPD,COPD
151,2p3,Tc,COPD,COPD,COPD,COPD
151,2p3,Tc,COPD,COPD,COPD,COPD
151,2p4,Al,COPD,COPD,COPD,COPD
151,2p4,Al,COPD,COPD,COPD,COPD
151,2p4,Al,COPD,COPD,COPD,COPD
151,2p4,Al,COPD,COPD,COPD,COPD
151,2p4,Al,COPD,COPD,COPD,COPD
151,2p4,Al,COPD,COPD,COPD,COPD
151,2p4,Ar,COPD,COPD,COPD,COPD
151,2p4,Ar,COPD,COPD,COPD,COPD
151,2p4,Ar,COPD,COPD,COPD,COPD
151,2p4,Ar,COPD,COPD,COPD,COPD
151,2p4,Ar,COPD,COPD,COPD,COPD
151,2p4,Ar,COPD,COPD,COPD,COPD
151,2p4,Ll,COPD,COPD,COPD,COPD
151,2p4,Ll,COPD,COPD,COPD,COPD
151,2p4,Ll,COPD,COPD,COPD,COPD
151,2p4,Ll,COPD,COPD,COPD,COPD
151,2p4,Ll,COPD,COPD,COPD,COPD
151,2p4,Ll,COPD,COPD,COPD,COPD
151,2p4,Lr,COPD,COPD,COPD,COPD
151,2p4,Lr,COPD,COPD,COPD,COPD
151,2p4,Lr,COPD,COPD,COPD,COPD
151,2p4,Lr,COPD,COPD,COPD,COPD
151,2p4,Lr,COPD,COPD,COPD,COPD
151,2p4,Lr,COPD,COPD,COPD,COPD
151,2p4,Pl,COPD,COPD,COPD,COPD
151,2p4,Pl,COPD,COPD,COPD,COPD
151,2p4,Pl,COPD,COPD,COPD,COPD
151,2p4,Pl,COPD,COPD,COPD,COPD
151,2p4,Pl,COPD,COPD,COPD,COPD
151,2p4,Pl,COPD,COPD,COPD,COPD
151,2p4,Pr,COPD,COPD,COPD,COPD
151,2p4,Pr,COPD,COPD,COPD,COPD
151,2p4,Pr,COPD,COPD,COPD,COPD
151,2p4,Pr,COPD,COPD,COPD,COPD
151,2p4,Pr,COPD,COPD,COPD,COPD
151,2p4,Pr,COPD,COPD,COPD,COPD
151,2p4,Tc,COPD,COPD,COPD,COPD
151,2p4,Tc,COPD,COPD,COPD,COPD
151,2p4,Tc,COPD,COPD,COPD,COPD
151,2p4,Tc,COPD,COPD,COPD,COPD
151,2p4,Tc,COPD,COPD,COPD,COPD
151,2p4,Tc,COPD,COPD,COPD,COPD
151,3p2,Al,COPD,COPD,COPD,COPD
151,3p2,Al,COPD,COPD,COPD,COPD
151,3p2,Al,COPD,COPD,COPD,COPD
151,3p2,Al,COPD,COPD,COPD,COPD
151,3p2,Al,COPD,COPD,COPD,COPD
151,3p2,Al,COPD,COPD,COPD,COPD
151,3p2,Ar,COPD,COPD,COPD,COPD
151,3p2,Ar,COPD,COPD,COPD,COPD
151,3p2,Ar,COPD,COPD,COPD,COPD
151,3p2,Ar,COPD,COPD,COPD,COPD
151,3p2,Ar,COPD,COPD,COPD,COPD
151,3p2,Ar,COPD,COPD,COPD,COPD
151,3p2,Lr,COPD,COPD,COPD,COPD
151,3p2,Lr,COPD,COPD,COPD,COPD
151,3p2,Lr,COPD,COPD,COPD,COPD
151,3p2,Lr,COPD,COPD,COPD,COPD
151,3p2,Lr,COPD,COPD,COPD,COPD
151,3p2,Lr,COPD,COPD,COPD,COPD
151,3p2,Pl,COPD,COPD,COPD,COPD
151,3p2,Pl,COPD,COPD,COPD,COPD
151,3p2,Pl,COPD,COPD,COPD,COPD
151,3p2,Pl,COPD,COPD,COPD,COPD
151,3p2,Pl,COPD,COPD,COPD,COPD
151,3p2,Pl,COPD,URTI,URTI,COPD
151,3p2,Pr,COPD,COPD,COPD,COPD
151,3p2,Pr,COPD,COPD,COPD,COPD
151,3p2,Pr,COPD,COPD,COPD,COPD
151,3p2,Pr,COPD,COPD,COPD,COPD
151,3p2,Pr,COPD,COPD,COPD,COPD
151,3p2,Pr,COPD,COPD,Pneumonia,COPD
151,3p2,Tc,COPD,COPD,COPD,COPD
151,3p2,Tc,COPD,COPD,COPD,COPD
151,3p2,Tc,COPD,COPD,COPD,COPD
151,3p2,Tc,COPD,COPD,COPD,COPD
151,3p2,Tc,COPD,COPD,COPD,COPD
151,3p2,Tc,COPD,COPD,COPD,COPD
151,3p3,Ll,COPD,COPD,COPD,COPD
151,3p3,Ll,COPD,COPD,COPD,COPD
151,3p3,Ll,COPD,COPD,COPD,COPD
151,3p3,Ll,COPD,COPD,COPD,COPD
151,3p3,Ll,COPD,COPD,COPD,COPD
151,3p3,Ll,COPD,COPD,COPD,COPD
156,2b3,Al,COPD,Bronchiectasis,COPD,COPD
156,2b3,Al,COPD,COPD,COPD,COPD
156,2b3,Al,COPD,COPD,COPD,COPD
156,2b3,Al,COPD,COPD,COPD,COPD
156,2b3,Al,COPD,COPD,COPD,COPD
156,2b3,Al,COPD,COPD,COPD,COPD
156,2b3,Lr,COPD,COPD,Pneumonia,COPD
156,2b3,Lr,COPD,COPD,Pneumonia,COPD
156,2b3,Lr,COPD,Pneumonia,Pneumonia,COPD
156,2b3,Lr,COPD,COPD,COPD,COPD
156,2b3,Lr,COPD,COPD,COPD,COPD
156,2b3,Lr,COPD,COPD,COPD,COPD
156,2b3,Pl,COPD,COPD,COPD,COPD
156,2b3,Pl,COPD,COPD,COPD,COPD
156,2b3,Pl,COPD,COPD,COPD,COPD
156,2b3,Pl,COPD,COPD,COPD,COPD
156,2b3,Pl,COPD,COPD,COPD,COPD
156,2b3,Pl,COPD,COPD,COPD,COPD
156,5b3,Ar,COPD,COPD,COPD,COPD
156,5b3,Ar,COPD,URTI,COPD,COPD
156,5b3,Ar,COPD,COPD,COPD,COPD
156,5b3,Ar,COPD,URTI,COPD,COPD
156,5b3,Ar,COPD,URTI,COPD,COPD
156,5b3,Ar,COPD,COPD,COPD,COPD
156,5b3,Ar,COPD,COPD,COPD,COPD
156,5b3,Ar,COPD,COPD,COPD,COPD
156,5b3,Ar,COPD,COPD,COPD,COPD
156,5b3,Ll,COPD,COPD,COPD,COPD
156,5b3,Ll,COPD,COPD,COPD,COPD
156,5b3,Ll,COPD,COPD,COPD,COPD
156,5b3,Ll,COPD,COPD,COPD,COPD
156,5b3,Ll,COPD,COPD,COPD,COPD
156,5b3,Ll,COPD,COPD,COPD,COPD
156,5b3,Ll,COPD,COPD,COPD,COPD
156,5b3,Ll,COPD,COPD,COPD,COPD
156,5b3,Ll,COPD,COPD,COPD,COPD
156,5b3,Pl,COPD,COPD,COPD,COPD
156,5b3,Pl,COPD,COPD,COPD,COPD
156,5b3,Pl,COPD,COPD,COPD,COPD
156,5b3,Pl,COPD,COPD,COPD,COPD
156,5b3,Pl,COPD,COPD,COPD,COPD
156,5b3,Pl,COPD,COPD,COPD,COPD
156,5b3,Pl,COPD,COPD,COPD,COPD
156,5b3,Pl,COPD,COPD,COPD,COPD
156,5b3,Pl,COPD,COPD,COPD,COPD
156,8b3,Al,COPD,COPD,COPD,COPD
156,8b3,Al,COPD,COPD,COPD,COPD
156,8b3,Al,COPD,COPD,Pneumonia,COPD
156,8b3,Al,COPD,COPD,COPD,COPD
156,8b3,Al,COPD,COPD,COPD,COPD
156,8b3,Al,COPD,COPD,COPD,COPD
156,8b3,Al,COPD,COPD,COPD,COPD
156,8b3,Al,COPD,COPD,Pneumonia,COPD
156,8b3,Lr,COPD,COPD,COPD,COPD
156,8b3,Lr,COPD,COPD,COPD,COPD
156,8b3,Lr,COPD,COPD,COPD,COPD
156,8b3,Lr,COPD,COPD,COPD,COPD
156,8b3,Lr,COPD,COPD,COPD,COPD
156,8b3,Lr,COPD,COPD,COPD,COPD
156,8b3,Lr,COPD,COPD,COPD,COPD
156,8b3,Lr,COPD,COPD,COPD,COPD
160,1b2,Al,COPD,COPD,COPD,COPD
160,1b2,Al,COPD,COPD,Pneumonia,COPD
160,1b2,Ar,COPD,COPD,COPD,COPD
160,1b2,Ar,COPD,COPD,COPD,COPD
160,1b2,Lr,COPD,COPD,COPD,COPD
160,1b2,Lr,COPD,COPD,COPD,COPD
160,1b2,Pl,COPD,COPD,COPD,COPD
160,1b2,Pl,COPD,COPD,COPD,COPD
160,1b2,Pr,COPD,COPD,COPD,COPD
160,1b2,Pr,COPD,COPD,COPD,COPD
160,1b2,Tc,COPD,COPD,COPD,COPD
160,1b2,Tc,COPD,COPD,COPD,COPD
160,1b3,Al,COPD,COPD,COPD,COPD
160,1b3,Al,COPD,COPD,COPD,COPD
160,1b3,Al,COPD,COPD,COPD,COPD
160,1b3,Al,COPD,COPD,COPD,COPD
160,1b3,Al,COPD,Bronchiectasis,COPD,COPD
160,1b3,Ar,COPD,COPD,COPD,COPD
160,1b3,Ar,COPD,COPD,COPD,COPD
160,1b3,Ar,COPD,COPD,COPD,COPD
160,1b3,Ar,COPD,COPD,COPD,COPD
160,1b3,Ar,COPD,COPD,COPD,COPD
160,1b3,Lr,COPD,COPD,COPD,COPD
160,1b3,Lr,COPD,COPD,COPD,COPD
160,1b3,Lr,COPD,COPD,COPD,COPD
160,1b3,Lr,COPD,COPD,COPD,COPD
160,1b3,Lr,COPD,COPD,COPD,COPD
160,1b3,Pl,COPD,COPD,COPD,COPD
160,1b3,Pl,COPD,COPD,COPD,COPD
160,1b3,Pl,COPD,COPD,COPD,COPD
160,1b3,Pl,COPD,COPD,COPD,COPD
160,1b3,Pl,COPD,COPD,COPD,COPD
160,1b3,Pr,COPD,COPD,COPD,COPD
160,1b3,Pr,COPD,COPD,COPD,COPD
160,1b3,Pr,COPD,COPD,COPD,COPD
160,1b3,Pr,COPD,COPD,Bronchiolitis,COPD
160,1b3,Pr,COPD,URTI,COPD,COPD
160,1b3,Tc,COPD,COPD,COPD,COPD
160,1b3,Tc,COPD,COPD,COPD,COPD
160,1b3,Tc,COPD,COPD,COPD,COPD
160,1b3,Tc,COPD,COPD,COPD,COPD
160,1b3,Tc,COPD,COPD,COPD,COPD
160,1b4,Al,COPD,COPD,COPD,COPD
160,1b4,Al,COPD,COPD,COPD,COPD
160,1b4,Al,COPD,COPD,COPD,COPD
160,1b4,Al,COPD,COPD,COPD,COPD
160,1b4,Ar,COPD,COPD,COPD,COPD
160,1b4,Ar,COPD,COPD,COPD,COPD
160,1b4,Ar,COPD,COPD,COPD,COPD
160,1b4,Ar,COPD,COPD,COPD,COPD
160,1b4,Lr,COPD,COPD,COPD,COPD
160,1b4,Lr,COPD,COPD,Pneumonia,COPD
160,1b4,Lr,COPD,COPD,COPD,COPD
160,1b4,Lr,COPD,COPD,COPD,COPD
160,1b4,Pl,COPD,COPD,COPD,COPD
160,1b4,Pl,COPD,COPD,COPD,COPD
160,1b4,Pl,COPD,COPD,COPD,COPD
160,1b4,Pl,COPD,COPD,COPD,COPD
160,1b4,Pr,COPD,COPD,COPD,COPD
160,1b4,Pr,COPD,COPD,COPD,COPD
160,1b4,Pr,COPD,COPD,COPD,COPD
160,1b4,Pr,COPD,COPD,COPD,COPD
160,1b4,Tc,COPD,COPD,COPD,COPD
160,1b4,Tc,COPD,COPD,COPD,COPD
160,1b4,Tc,COPD,COPD,COPD,COPD
160,1b4,Tc,COPD,COPD,COPD,COPD
160,2b3,Lr,COPD,Pneumonia,Pneumonia,URTI
160,2b3,Lr,COPD,Pneumonia,Pneumonia,Pneumonia
160,2b3,Lr,COPD,Pneumonia,URTI,COPD
160,2b3,Lr,COPD,Pneumonia,Pneumonia,COPD
160,2b3,Lr,COPD,Pneumonia,Pneumonia,COPD
160,2b3,Lr,COPD,Pneumonia,Pneumonia,COPD
160,2b3,Lr,COPD,COPD,COPD,COPD
160,2b4,Ar,COPD,Pneumonia,Pneumonia,Pneumonia
160,2b4,Ar,COPD,Pneumonia,Pneumonia,Pneumonia
160,2b4,Ar,COPD,COPD,Pneumonia,COPD
160,2b4,Ar,COPD,Pneumonia,Pneumonia,COPD
160,2b4,Ar,COPD,COPD,COPD,COPD
160,2b4,Ar,COPD,COPD,Pneumonia,COPD
160,2b4,Ar,COPD,Pneumonia,Pneumonia,COPD
160,2b4,Pl,COPD,COPD,COPD,COPD
160,2b4,Pl,COPD,COPD,COPD,COPD
160,2b4,Pl,COPD,COPD,COPD,COPD
160,2b4,Pl,COPD,COPD,COPD,COPD
160,2b4,Pl,COPD,COPD,COPD,COPD
160,2b4,Pl,COPD,COPD,COPD,COPD
160,2b4,Pl,COPD,COPD,COPD,COPD
160,2b4,Pr,COPD,COPD,COPD,COPD
160,2b4,Pr,COPD,COPD,COPD,COPD
160,2b4,Pr,COPD,COPD,COPD,COPD
160,2b4,Pr,COPD,COPD,COPD,COPD
160,2b4,Pr,COPD,COPD,COPD,COPD
160,2b4,Pr,COPD,COPD,COPD,COPD
160,2b4,Pr,COPD,COPD,COPD,COPD
160,2b4,Tc,COPD,COPD,COPD,COPD
160,2b4,Tc,COPD,COPD,COPD,COPD
160,2b4,Tc,COPD,Pneumonia,COPD,COPD
160,2b4,Tc,COPD,COPD,COPD,COPD
160,2b4,Tc,COPD,COPD,COPD,COPD
160,2b4,Tc,COPD,Pneumonia,COPD,COPD
160,2b4,Tc,COPD,COPD,COPD,COPD
165,1b1,Ar,URTI,Healthy,Healthy,Healthy
165,1b1,Ar,URTI,URTI,Healthy,Healthy
165,1b1,Ar,URTI,Healthy,Healthy,COPD
165,1b1,Ar,URTI,URTI,URTI,URTI
165,1b1,Ar,URTI,URTI,Healthy,Healthy
165,1b1,Ar,URTI,URTI,URTI,COPD
165,1b1,Ar,URTI,URTI,URTI,URTI
165,1b1,Pl,URTI,Healthy,Healthy,Healthy
165,1b1,Pl,URTI,Healthy,Healthy,Healthy
165,1b1,Pl,URTI,Healthy,Healthy,Healthy
165,1b1,Pl,URTI,URTI,URTI,Healthy
165,1b1,Pl,URTI,URTI,Bronchiolitis,URTI
165,1b1,Pl,URTI,URTI,Healthy,COPD
165,1b1,Pl,URTI,URTI,Healthy,COPD
165,1b1,Pl,URTI,URTI,URTI,Pneumonia
165,1b1,Pr,URTI,URTI,Healthy,COPD
165,1b1,Pr,URTI,URTI,Healthy,Healthy
165,1b1,Pr,URTI,URTI,Healthy,COPD
165,1b1,Pr,URTI,URTI,Healthy,Healthy
165,1b1,Pr,URTI,URTI,COPD,COPD
165,1b1,Pr,URTI,URTI,Healthy,COPD
165,1b1,Pr,URTI,COPD,COPD,COPD
165,1b1,Pr,URTI,URTI,COPD,COPD
169,1b1,Lr,Bronchiectasis,Bronchiolitis,COPD,COPD
169,1b1,Lr,Bronchiectasis,Bronchiolitis,Bronchiolitis,COPD
169,1b1,Lr,Bronchiectasis,Bronchiolitis,Bronchiectasis,COPD
169,1b1,Lr,Bronchiectasis,Bronchiolitis,Bronchiectasis,COPD
169,1b1,Lr,Bronchiectasis,Bronchiolitis,Bronchiolitis,COPD
169,1b1,Lr,Bronchiectasis,Bronchiolitis,Bronchiectasis,COPD
169,1b1,Lr,Bronchiectasis,Bronchiolitis,Pneumonia,COPD
169,1b2,Ll,Bronchiectasis,Bronchiectasis,Bronchiectasis,Bronchiectasis
169,1b2,Ll,Bronchiectasis,COPD,Bronchiectasis,Bronchiectasis
169,1b2,Ll,Bronchiectasis,Bronchiectasis,Bronchiectasis,Bronchiectasis
169,1b2,Ll,Bronchiectasis,COPD,Bronchiectasis,COPD
169,1b2,Ll,Bronchiectasis,Bronchiectasis,Bronchiectasis,Bronchiectasis
169,1b2,Ll,Bronchiectasis,Bronchiectasis,Bronchiectasis,Bronchiectasis
169,1b2,Ll,Bronchiectasis,Bronchiectasis,Bronchiectasis,Bronchiectasis
170,1b2,Al,COPD,COPD,COPD,COPD
170,1b2,Al,COPD,COPD,COPD,COPD
170,1b2,Al,COPD,COPD,COPD,COPD
170,1b2,Al,COPD,COPD,COPD,COPD
170,1b2,Al,COPD,COPD,COPD,COPD
170,1b2,Ar,COPD,COPD,COPD,COPD
170,1b2,Ar,COPD,COPD,COPD,COPD
170,1b2,Ar,COPD,COPD,COPD,COPD
170,1b2,Ar,COPD,COPD,COPD,COPD
170,1b2,Ar,COPD,COPD,COPD,COPD
170,1b2,Lr,COPD,COPD,COPD,COPD
170,1b2,Lr,COPD,COPD,COPD,COPD
170,1b2,Lr,COPD,COPD,COPD,COPD
170,1b2,Lr,COPD,COPD,COPD,COPD
170,1b2,Lr,COPD,COPD,COPD,COPD
170,1b2,Pl,COPD,COPD,COPD,COPD
170,1b2,Pl,COPD,COPD,COPD,COPD
170,1b2,Pl,COPD,COPD,COPD,COPD
170,1b2,Pl,COPD,COPD,COPD,COPD
170,1b2,Pl,COPD,COPD,COPD,COPD
170,1b2,Pr,COPD,COPD,COPD,COPD
170,1b2,Pr,COPD,COPD,COPD,COPD
170,1b2,Pr,COPD,COPD,COPD,COPD
170,1b2,Pr,COPD,COPD,COPD,COPD
170,1b2,Pr,COPD,COPD,COPD,COPD
170,1b2,Tc,COPD,COPD,COPD,COPD
170,1b2,Tc,COPD,COPD,COPD,COPD
170,1b2,Tc,COPD,COPD,COPD,COPD
170,1b2,Tc,COPD,COPD,COPD,COPD
170,1b2,Tc,COPD,COPD,COPD,COPD
170,1b3,Al,COPD,COPD,COPD,COPD
170,1b3,Al,COPD,COPD,COPD,COPD
170,1b3,Al,COPD,COPD,COPD,COPD
170,1b3,Al,COPD,COPD,COPD,COPD
170,1b3,Al,COPD,COPD,COPD,COPD
170,1b3,Al,COPD,COPD,COPD,COPD
170,1b3,Ar,COPD,COPD,COPD,COPD
170,1b3,Ar,COPD,Bronchiectasis,Bronchiectasis,COPD
170,1b3,Ar,COPD,COPD,Bronchiectasis,COPD
170,1b3,Ar,COPD,Bronchiectasis,Bronchiectasis,COPD
170,1b3,Ar,COPD,Bronchiectasis,Bronchiectasis,COPD
170,1b3,Ar,COPD,COPD,COPD,COPD
170,1b3,Ll,COPD,COPD,COPD,COPD
170,1b3,Ll,COPD,COPD,COPD,COPD
170,1b3,Ll,COPD,COPD,COPD,COPD
170,1b3,Ll,COPD,COPD,COPD,COPD
170,1b3,Ll,COPD,COPD,COPD,COPD
170,1b3,Ll,COPD,COPD,COPD,COPD
170,1b3,Lr,COPD,COPD,COPD,COPD
170,1b3,Lr,COPD,COPD,COPD,COPD
170,1b3,Lr,COPD,COPD,COPD,COPD
170,1b3,Lr,COPD,COPD,COPD,COPD
170,1b3,Lr,COPD,COPD,COPD,COPD
170,1b3,Lr,COPD,COPD,COPD,COPD
170,1b3,Pl,COPD,COPD,COPD,COPD
170,1b3,Pl,COPD,COPD,COPD,COPD
170,1b3,Pl,COPD,COPD,COPD,COPD
170,1b3,Pl,COPD,COPD,COPD,COPD
170,1b3,Pl,COPD,COPD,COPD,COPD
170,1b3,Pl,COPD,COPD,COPD,COPD
170,1b3,Pr,COPD,COPD,COPD,COPD
170,1b3,Pr,COPD,COPD,COPD,COPD
170,1b3,Pr,COPD,COPD,COPD,COPD
170,1b3,Pr,COPD,COPD,COPD,COPD
170,1b3,Pr,COPD,COPD,COPD,COPD
170,1b3,Pr,COPD,COPD,COPD,COPD
170,1b3,Tc,COPD,COPD,COPD,COPD
170,1b3,Tc,COPD,COPD,COPD,COPD
170,1b3,Tc,COPD,COPD,COPD,COPD
170,1b3,Tc,COPD,COPD,COPD,COPD
170,1b3,Tc,COPD,COPD,COPD,COPD
170,1b3,Tc,COPD,COPD,COPD,COPD
170,1b4,Al,COPD,COPD,COPD,COPD
170,1b4,Al,COPD,COPD,COPD,COPD
170,1b4,Al,COPD,COPD,COPD,COPD
170,1b4,Al,COPD,COPD,COPD,COPD
170,1b4,Al,COPD,COPD,COPD,COPD
170,1b4,Al,COPD,COPD,COPD,COPD
170,1b4,Ar,COPD,COPD,COPD,COPD
170,1b4,Ar,COPD,COPD,COPD,COPD
170,1b4,Ar,COPD,COPD,Bronchiectasis,COPD
170,1b4,Ar,COPD,COPD,COPD,COPD
170,1b4,Ar,COPD,COPD,COPD,COPD
170,1b4,Ar,COPD,COPD,Bronchiectasis,COPD
170,1b4,Lr,COPD,COPD,COPD,COPD
170,1b4,Lr,COPD,COPD,URTI,COPD
170,1b4,Lr,COPD,COPD,COPD,COPD
170,1b4,Lr,COPD,COPD,COPD,COPD
170,1b4,Lr,COPD,COPD,COPD,COPD
170,1b4,Lr,COPD,COPD,COPD,COPD
170,1b4,Pl,COPD,COPD,COPD,COPD
170,1b4,Pl,COPD,COPD,COPD,COPD
170,1b4,Pl,COPD,COPD,COPD,COPD
170,1b4,Pl,COPD,COPD,COPD,COPD
170,1b4,Pl,COPD,COPD,COPD,COPD
170,1b4,Pl,COPD,COPD,COPD,COPD
170,1b4,Pr,COPD,COPD,COPD,COPD
170,1b4,Pr,COPD,COPD,COPD,COPD
170,1b4,Pr,COPD,COPD,COPD,COPD
170,1b4,Pr,COPD,COPD,COPD,COPD
170,1b4,Pr,COPD,COPD,COPD,COPD
170,1b4,Pr,COPD,COPD,COPD,COPD
170,1b4,Tc,COPD,COPD,COPD,COPD
170,1b4,Tc,COPD,COPD,COPD,COPD
170,1b4,Tc,COPD,COPD,COPD,COPD
170,1b4,Tc,COPD,COPD,COPD,COPD
170,1b4,Tc,COPD,COPD,COPD,COPD
170,1b4,Tc,COPD,COPD,COPD,COPD
170,2b2,Al,COPD,COPD,COPD,COPD
170,2b2,Al,COPD,COPD,COPD,COPD
170,2b2,Al,COPD,COPD,COPD,COPD
170,2b2,Al,COPD,COPD,COPD,COPD
170,2b2,Al,COPD,COPD,COPD,COPD
170,2b2,Al,COPD,COPD,COPD,COPD
170,2b2,Al,COPD,COPD,COPD,COPD
170,2b2,Ar,COPD,COPD,COPD,COPD
170,2b2,Ar,COPD,COPD,COPD,COPD
170,2b2,Ar,COPD,COPD,COPD,COPD
170,2b2,Ar,COPD,COPD,COPD,COPD
170,2b2,Ar,COPD,COPD,COPD,COPD
170,2b2,Ar,COPD,COPD,COPD,COPD
170,2b2,Ar,COPD,COPD,COPD,COPD
170,2b2,Lr,COPD,COPD,COPD,COPD
170,2b2,Lr,COPD,COPD,COPD,COPD
170,2b2,Lr,COPD,COPD,COPD,COPD
170,2b2,Lr,COPD,COPD,COPD,COPD
170,2b2,Lr,COPD,COPD,COPD,COPD
170,2b2,Lr,COPD,COPD,COPD,COPD
170,2b2,Lr,COPD,COPD,COPD,COPD
170,2b2,Pl,COPD,COPD,COPD,COPD
170,2b2,Pl,COPD,COPD,COPD,COPD
170,2b2,Pl,COPD,COPD,COPD,COPD
170,2b2,Pl,COPD,COPD,COPD,COPD
170,2b2,Pl,COPD,COPD,COPD,COPD
170,2b2,Pl,COPD,COPD,COPD,COPD
170,2b2,Pl,COPD,COPD,COPD,COPD
170,2b2,Pr,COPD,COPD,COPD,COPD
170,2b2,Pr,COPD,COPD,COPD,COPD
170,2b2,Pr,COPD,COPD,COPD,COPD
170,2b2,Pr,COPD,COPD,COPD,COPD
170,2b2,Pr,COPD,COPD,COPD,COPD
170,2b2,Pr,COPD,COPD,COPD,COPD
170,2b2,Pr,COPD,COPD,COPD,COPD
170,2b2,Tc,COPD,COPD,COPD,COPD
170,2b2,Tc,COPD,COPD,COPD,COPD
170,2b2,Tc,COPD,COPD,COPD,COPD
170,2b2,Tc,COPD,COPD,COPD,COPD
170,2b2,Tc,COPD,COPD,COPD,COPD
170,2b2,Tc,COPD,COPD,COPD,COPD
170,2b2,Tc,COPD,COPD,COPD,COPD
171,1b1,Al,Healthy,Healthy,Healthy,Healthy
171,1b1,Al,Healthy,Pneumonia,LRTI,Healthy
171,1b1,Al,Healthy,Pneumonia,Pneumonia,Pneumonia
171,1b1,Al,Healthy,Pneumonia,LRTI,LRTI
171,1b1,Al,Healthy,Healthy,Healthy,Healthy
171,1b1,Al,Healthy,Pneumonia,URTI,Healthy
171,1b1,Al,Healthy,Pneumonia,Pneumonia,Pneumonia
171,1b1,Al,Healthy,Pneumonia,Pneumonia,Pneumonia
171,1b1,Al,Healthy,Pneumonia,Pneumonia,Healthy
173,1b1,Al,Bronchiolitis,LRTI,COPD,Pneumonia
173,1b1,Al,Bronchiolitis,LRTI,LRTI,Healthy
173,1b1,Al,Bronchiolitis,Healthy,Healthy,Healthy
173,1b1,Al,Bronchiolitis,Healthy,Healthy,COPD
173,1b1,Al,Bronchiolitis,Healthy,Healthy,Healthy
173,1b1,Al,Bronchiolitis,URTI,URTI,URTI
173,1b1,Al,Bronchiolitis,Healthy,URTI,URTI
173,1b1,Al,Bronchiolitis,URTI,Healthy,Healthy
173,1b1,Al,Bronchiolitis,Bronchiolitis,URTI,Bronchiolitis
173,1b1,Al,Bronchiolitis,Healthy,URTI,URTI
173,1b1,Al,Bronchiolitis,URTI,Bronchiolitis,URTI
173,1b1,Al,Bronchiolitis,Healthy,Bronchiolitis,URTI
173,1b1,Al,Bronchiolitis,Healthy,Bronchiolitis,URTI
174,1p2,Ar,COPD,COPD,COPD,COPD
174,1p2,Ar,COPD,COPD,COPD,COPD
174,1p2,Ar,COPD,COPD,COPD,COPD
174,1p2,Ar,COPD,COPD,COPD,COPD
174,1p2,Ar,COPD,COPD,COPD,COPD
174,1p2,Ll,COPD,COPD,COPD,COPD
174,1p2,Ll,COPD,COPD,COPD,COPD
174,1p2,Ll,COPD,COPD,COPD,COPD
174,1p2,Ll,COPD,COPD,COPD,COPD
174,1p2,Ll,COPD,COPD,COPD,COPD
174,1p2,Lr,COPD,COPD,COPD,COPD
174,1p2,Lr,COPD,COPD,COPD,COPD
174,1p2,Lr,COPD,COPD,COPD,COPD
174,1p2,Lr,COPD,COPD,COPD,COPD
174,1p2,Lr,COPD,COPD,Healthy,COPD
174,1p2,Pl,COPD,COPD,COPD,COPD
174,1p2,Pl,COPD,COPD,COPD,COPD
174,1p2,Pl,COPD,COPD,COPD,COPD
174,1p2,Pl,COPD,COPD,COPD,COPD
174,1p2,Pl,COPD,COPD,COPD,COPD
174,1p2,Pr,COPD,COPD,COPD,COPD
174,1p2,Pr,COPD,COPD,COPD,COPD
174,1p2,Pr,COPD,COPD,COPD,COPD
174,1p2,Pr,COPD,COPD,COPD,COPD
174,1p2,Pr,COPD,COPD,COPD,COPD
174,1p2,Tc,COPD,COPD,COPD,COPD
174,1p2,Tc,COPD,COPD,COPD,COPD
174,1p2,Tc,COPD,COPD,COPD,COPD
174,1p2,Tc,COPD,COPD,COPD,COPD
174,1p2,Tc,COPD,COPD,COPD,COPD
174,1p3,Ar,COPD,COPD,COPD,COPD
174,1p3,Ar,COPD,COPD,COPD,COPD
174,1p3,Ar,COPD,COPD,COPD,COPD
174,1p3,Ar,COPD,COPD,COPD,COPD
174,1p3,Ar,COPD,COPD,COPD,COPD
174,1p3,Ll,COPD,COPD,COPD,COPD
174,1p3,Ll,COPD,COPD,COPD,COPD
174,1p3,Ll,COPD,COPD,COPD,COPD
174,1p3,Ll,COPD,COPD,COPD,COPD
174,1p3,Ll,COPD,COPD,COPD,COPD
174,1p3,Lr,COPD,COPD,COPD,COPD
174,1p3,Lr,COPD,COPD,Healthy,COPD
174,1p3,Lr,COPD,COPD,COPD,COPD
174,1p3,Lr,COPD,COPD,Healthy,COPD
174,1p3,Lr,COPD,COPD,COPD,COPD
174,1p3,Pl,COPD,COPD,COPD,COPD
174,1p3,Pl,COPD,COPD,COPD,COPD
174,1p3,Pl,COPD,COPD,COPD,COPD
174,1p3,Pl,COPD,COPD,COPD,COPD
174,1p3,Pl,COPD,COPD,COPD,COPD
174,1p3,Pr,COPD,COPD,COPD,COPD
174,1p3,Pr,COPD,COPD,COPD,COPD
174,1p3,Pr,COPD,COPD,COPD,COPD
174,1p3,Pr,COPD,COPD,COPD,COPD
174,1p3,Pr,COPD,COPD,COPD,COPD
174,1p3,Tc,COPD,COPD,COPD,COPD
174,1p3,Tc,COPD,Pneumonia,COPD,COPD
174,1p3,Tc,COPD,Pneumonia,COPD,COPD
174,1p3,Tc,COPD,COPD,COPD,COPD
174,1p3,Tc,COPD,Pneumonia,Pneumonia,COPD
174,1p4,Ar,COPD,COPD,COPD,COPD
174,1p4,Ar,COPD,COPD,COPD,COPD
174,1p4,Ar,COPD,COPD,COPD,COPD
174,1p4,Ar,COPD,Bronchiolitis,COPD,COPD
174,1p4,Ar,COPD,COPD,COPD,COPD
174,1p4,Ll,COPD,COPD,COPD,COPD
174,1p4,Ll,COPD,COPD,COPD,COPD
174,1p4,Ll,COPD,COPD,COPD,COPD
174,1p4,Ll,COPD,COPD,COPD,COPD
174,1p4,Ll,COPD,COPD,COPD,COPD
174,1p4,Lr,COPD,Healthy,Healthy,COPD
174,1p4,Lr,COPD,Healthy,Healthy,COPD
174,1p4,Lr,COPD,COPD,COPD,COPD
174,1p4,Lr,COPD,COPD,Healthy,COPD
174,1p4,Lr,COPD,COPD,COPD,COPD
174,1p4,Pl,COPD,COPD,COPD,COPD
174,1p4,Pl,COPD,COPD,COPD,COPD
174,1p4,Pl,COPD,COPD,COPD,COPD
174,1p4,Pl,COPD,COPD,COPD,COPD
174,1p4,Pl,COPD,COPD,COPD,COPD
174,1p4,Pr,COPD,COPD,COPD,COPD
174,1p4,Pr,COPD,COPD,COPD,COPD
174,1p4,Pr,COPD,COPD,COPD,COPD
174,1p4,Pr,COPD,COPD,COPD,COPD
174,1p4,Pr,COPD,COPD,COPD,COPD
174,1p4,Tc,COPD,COPD,COPD,COPD
174,1p4,Tc,COPD,COPD,COPD,COPD
174,1p4,Tc,COPD,COPD,COPD,COPD
174,1p4,Tc,COPD,COPD,COPD,COPD
174,1p4,Tc,COPD,COPD,COPD,COPD
174,2p3,Al,COPD,COPD,COPD,COPD
174,2p3,Al,COPD,COPD,COPD,COPD
174,2p3,Al,COPD,COPD,COPD,COPD
174,2p3,Al,COPD,COPD,COPD,COPD
174,2p3,Ar,COPD,COPD,COPD,COPD
174,2p3,Ar,COPD,COPD,COPD,COPD
174,2p3,Ar,COPD,COPD,COPD,COPD
174,2p3,Ar,COPD,COPD,COPD,COPD
174,2p3,Pl,COPD,COPD,COPD,COPD
174,2p3,Pl,COPD,COPD,COPD,COPD
174,2p3,Pl,COPD,COPD,COPD,COPD
174,2p3,Pl,COPD,COPD,COPD,COPD
174,2p3,Pr,COPD,COPD,Healthy,Healthy
174,2p3,Pr,COPD,COPD,Healthy,Healthy
174,2p3,Pr,COPD,URTI,Healthy,Healthy
174,2p3,Pr,COPD,URTI,URTI,Healthy
174,2p3,Tc,COPD,COPD,COPD,COPD
174,2p3,Tc,COPD,COPD,COPD,COPD
174,2p3,Tc,COPD,COPD,COPD,COPD
174,2p3,Tc,COPD,COPD,COPD,COPD
175,1b1,Al,COPD,Pneumonia,COPD,COPD
175,1b1,Al,COPD,Pneumonia,COPD,COPD
175,1b1,Al,COPD,Pneumonia,COPD,COPD
175,1b1,Al,COPD,Bronchiolitis,COPD,COPD
175,1b1,Ar,COPD,Pneumonia,Bronchiolitis,COPD
175,1b1,Ar,COPD,Bronchiolitis,Pneumonia,COPD
175,1b1,Ar,COPD,Bronchiectasis,COPD,COPD
175,1b1,Ll,COPD,COPD,COPD,COPD
175,1b1,Ll,COPD,Pneumonia,COPD,COPD
175,1b1,Ll,COPD,Pneumonia,COPD,COPD
175,1b1,Ll,COPD,COPD,COPD,COPD
175,1b1,Lr,COPD,Pneumonia,COPD,COPD
175,1b1,Lr,COPD,Pneumonia,Pneumonia,URTI
175,1b1,Lr,COPD,Pneumonia,COPD,URTI
175,1b1,Lr,COPD,COPD,COPD,URTI
175,1b1,Pl,COPD,Pneumonia,COPD,COPD
175,1b1,Pl,COPD,COPD,COPD,COPD
175,1b1,Pl,COPD,COPD,COPD,COPD
175,1b1,Pl,COPD,COPD,COPD,COPD
175,1b1,Pr,COPD,Pneumonia,COPD,COPD
175,1b1,Pr,COPD,COPD,COPD,Pneumonia
175,1b1,Pr,COPD,COPD,COPD,COPD
175,1b1,Pr,COPD,COPD,COPD,COPD
176,1b3,Al,COPD,COPD,COPD,COPD
176,1b3,Al,COPD,COPD,COPD,COPD
176,1b3,Al,COPD,COPD,COPD,COPD
176,1b3,Al,COPD,COPD,COPD,COPD
176,1b3,Al,COPD,COPD,Bronchiectasis,COPD
176,1b3,Al,COPD,COPD,COPD,COPD
176,1b3,Ar,COPD,COPD,COPD,COPD
176,1b3,Ar,COPD,COPD,COPD,COPD
176,1b3,Ar,COPD,COPD,COPD,COPD
176,1b3,Ar,COPD,COPD,COPD,COPD
176,1b3,Ar,COPD,Bronchiectasis,Healthy,COPD
176,1b3,Ar,COPD,COPD,COPD,COPD
176,1b3,Ll,COPD,COPD,COPD,COPD
176,1b3,Ll,COPD,COPD,COPD,COPD
176,1b3,Ll,COPD,COPD,COPD,COPD
176,1b3,Ll,COPD,COPD,COPD,COPD
176,1b3,Ll,COPD,COPD,COPD,COPD
176,1b3,Ll,COPD,COPD,COPD,COPD
176,1b3,Lr,COPD,Pneumonia,COPD,Pneumonia
176,1b3,Lr,COPD,Pneumonia,Healthy,URTI
176,1b3,Lr,COPD,Pneumonia,Healthy,COPD
176,1b3,Lr,COPD,Pneumonia,Healthy,URTI
176,1b3,Lr,COPD,Pneumonia,Healthy,URTI
176,1b3,Lr,COPD,Pneumonia,Healthy,Pneumonia
176,1b3,Pl,COPD,COPD,COPD,COPD
176,1b3,Pl,COPD,COPD,COPD,COPD
176,1b3,Pl,COPD,COPD,COPD,COPD
176,1b3,Pl,COPD,COPD,COPD,COPD
176,1b3,Pl,COPD,COPD,COPD,COPD
176,1b3,Pl,COPD,COPD,COPD,COPD
176,1b3,Pr,COPD,COPD,COPD,COPD
176,1b3,Pr,COPD,COPD,COPD,COPD
176,1b3,Pr,COPD,COPD,COPD,COPD
176,1b3,Pr,COPD,COPD,COPD,COPD
176,1b3,Pr,COPD,COPD,COPD,COPD
176,1b3,Pr,COPD,COPD,COPD,COPD
176,1b3,Tc,COPD,COPD,COPD,COPD
176,1b3,Tc,COPD,COPD,COPD,COPD
176,1b3,Tc,COPD,COPD,COPD,COPD
176,1b3,Tc,COPD,COPD,COPD,COPD
176,1b3,Tc,COPD,COPD,COPD,COPD
176,1b3,Tc,COPD,COPD,COPD,COPD
176,1b4,Al,COPD,COPD,COPD,COPD
176,1b4,Al,COPD,COPD,COPD,COPD
176,1b4,Al,COPD,COPD,COPD,COPD
176,1b4,Al,COPD,COPD,COPD,COPD
176,1b4,Al,COPD,COPD,COPD,COPD
176,1b4,Al,COPD,COPD,COPD,COPD
176,1b4,Ar,COPD,Bronchiectasis,COPD,COPD
176,1b4,Ar,COPD,COPD,COPD,COPD
176,1b4,Ar,COPD,COPD,Pneumonia,COPD
176,1b4,Ar,COPD,Bronchiectasis,COPD,COPD
176,1b4,Ar,COPD,COPD,COPD,COPD
176,1b4,Ar,COPD,COPD,COPD,COPD
176,1b4,Ll,COPD,COPD,COPD,COPD
176,1b4,Ll,COPD,COPD,COPD,COPD
176,1b4,Ll,COPD,COPD,COPD,COPD
176,1b4,Ll,COPD,COPD,COPD,COPD
176,1b4,Ll,COPD,COPD,COPD,COPD
176,1b4,Ll,COPD,COPD,COPD,COPD
176,1b4,Lr,COPD,Pneumonia,COPD,COPD
176,1b4,Lr,COPD,Pneumonia,Pneumonia,Pneumonia
176,1b4,Lr,COPD,Pneumonia,Pneumonia,COPD
176,1b4,Lr,COPD,Pneumonia,COPD,COPD
176,1b4,Lr,COPD,Pneumonia,Pneumonia,COPD
176,1b4,Lr,COPD,Pneumonia,Pneumonia,COPD
176,1b4,Pl,COPD,COPD,COPD,COPD
176,1b4,Pl,COPD,COPD,COPD,COPD
176,1b4,Pl,COPD,COPD,COPD,COPD
176,1b4,Pl,COPD,COPD,COPD,COPD
176,1b4,Pl,COPD,COPD,COPD,COPD
176,1b4,Pl,COPD,COPD,COPD,COPD
176,1b4,Pr,COPD,COPD,COPD,COPD
176,1b4,Pr,COPD,COPD,COPD,COPD
176,1b4,Pr,COPD,COPD,COPD,COPD
176,1b4,Pr,COPD,COPD,COPD,COPD
176,1b4,Pr,COPD,COPD,COPD,COPD
176,1b4,Pr,COPD,COPD,COPD,COPD
176,1b4,Tc,COPD,COPD,COPD,COPD
176,1b4,Tc,COPD,COPD,COPD,COPD
176,1b4,Tc,COPD,COPD,COPD,COPD
176,1b4,Tc,COPD,COPD,COPD,COPD
176,1b4,Tc,COPD,COPD,COPD,COPD
176,1b4,Tc,COPD,COPD,COPD,COPD
176,2b3,Al,COPD,COPD,COPD,COPD
176,2b3,Al,COPD,COPD,COPD,COPD
176,2b3,Al,COPD,COPD,COPD,COPD
176,2b3,Al,COPD,COPD,COPD,COPD
176,2b3,Al,COPD,COPD,COPD,COPD
176,2b3,Al,COPD,COPD,COPD,COPD
176,2b3,Al,COPD,COPD,COPD,COPD
176,2b3,Ar,COPD,Bronchiolitis,Bronchiolitis,Healthy
176,2b3,Ar,COPD,Bronchiolitis,COPD,COPD
176,2b3,Ar,COPD,COPD,COPD,COPD
176,2b3,Ar,COPD,COPD,COPD,COPD
176,2b3,Ar,COPD,COPD,COPD,COPD
176,2b3,Ar,COPD,COPD,COPD,COPD
176,2b3,Ar,COPD,COPD,COPD,COPD
176,2b3,Ll,COPD,URTI,COPD,COPD
176,2b3,Ll,COPD,COPD,COPD,COPD
176,2b3,Ll,COPD,COPD,COPD,COPD
176,2b3,Ll,COPD,COPD,COPD,COPD
176,2b3,Ll,COPD,COPD,COPD,COPD
176,2b3,Ll,COPD,COPD,COPD,COPD
176,2b3,Ll,COPD,COPD,COPD,COPD
176,2b3,Lr,COPD,COPD,COPD,COPD
176,2b3,Lr,COPD,COPD,COPD,COPD
176,2b3,Lr,COPD,COPD,COPD,COPD
176,2b3,Lr,COPD,COPD,COPD,COPD
176,2b3,Lr,COPD,COPD,COPD,COPD
176,2b3,Lr,COPD,COPD,COPD,COPD
176,2b3,Lr,COPD,COPD,COPD,COPD
176,2b3,Pl,COPD,COPD,COPD,COPD
176,2b3,Pl,COPD,COPD,COPD,COPD
176,2b3,Pl,COPD,COPD,COPD,COPD
176,2b3,Pl,COPD,COPD,COPD,COPD
176,2b3,Pl,COPD,COPD,COPD,COPD
176,2b3,Pl,COPD,COPD,COPD,COPD
176,2b3,Pl,COPD,COPD,COPD,COPD
176,2b3,Pr,COPD,COPD,URTI,COPD
176,2b3,Pr,COPD,COPD,COPD,COPD
176,2b3,Pr,COPD,COPD,COPD,COPD
176,2b3,Pr,COPD,COPD,COPD,COPD
176,2b3,Pr,COPD,COPD,COPD,COPD
176,2b3,Pr,COPD,COPD,COPD,COPD
176,2b3,Pr,COPD,COPD,COPD,COPD
176,2b3,Tc,COPD,COPD,COPD,COPD
176,2b3,Tc,COPD,COPD,COPD,COPD
176,2b3,Tc,COPD,COPD,COPD,COPD
176,2b3,Tc,COPD,COPD,COPD,COPD
176,2b3,Tc,COPD,COPD,COPD,COPD
176,2b3,Tc,COPD,COPD,COPD,COPD
176,2b3,Tc,COPD,COPD,COPD,COPD
177,1b2,Al,COPD,COPD,Pneumonia,COPD
177,1b2,Al,COPD,Pneumonia,Pneumonia,COPD
177,1b2,Al,COPD,COPD,COPD,COPD
177,1b2,Al,COPD,COPD,COPD,COPD
177,1b2,Ar,COPD,COPD,COPD,COPD
177,1b2,Ar,COPD,COPD,COPD,COPD
177,1b2,Ar,COPD,COPD,COPD,COPD
177,1b2,Ar,COPD,COPD,COPD,COPD
177,1b2,Lr,COPD,COPD,Pneumonia,COPD
177,1b2,Lr,COPD,COPD,COPD,COPD
177,1b2,Lr,COPD,COPD,Pneumonia,COPD
177,1b2,Lr,COPD,Pneumonia,Pneumonia,COPD
177,1b2,Pl,COPD,COPD,COPD,COPD
177,1b2,Pl,COPD,COPD,COPD,COPD
177,1b2,Pl,COPD,COPD,COPD,COPD
177,1b2,Pl,COPD,COPD,COPD,COPD
177,1b2,Pr,COPD,COPD,COPD,COPD
177,1b2,Pr,COPD,COPD,COPD,COPD
177,1b2,Pr,COPD,COPD,COPD,COPD
177,1b2,Pr,COPD,COPD,COPD,COPD
177,1b2,Tc,COPD,COPD,COPD,COPD
177,1b2,Tc,COPD,COPD,COPD,COPD
177,1b2,Tc,COPD,COPD,COPD,COPD
177,1b2,Tc,COPD,COPD,COPD,COPD
177,1b4,Al,COPD,Healthy,Healthy,Healthy
177,1b4,Al,COPD,COPD,COPD,COPD
177,1b4,Al,COPD,COPD,COPD,COPD
177,1b4,Al,COPD,COPD,COPD,COPD
177,1b4,Al,COPD,Pneumonia,Pneumonia,COPD
177,1b4,Ar,COPD,COPD,COPD,COPD
177,1b4,Ar,COPD,COPD,COPD,COPD
177,1b4,Ar,COPD,COPD,COPD,COPD
177,1b4,Ar,COPD,COPD,COPD,COPD
177,1b4,Ar,COPD,COPD,COPD,COPD
177,1b4,Lr,COPD,COPD,COPD,COPD
177,1b4,Lr,COPD,COPD,COPD,COPD
177,1b4,Lr,COPD,COPD,COPD,COPD
177,1b4,Lr,COPD,COPD,COPD,COPD
177,1b4,Lr,COPD,COPD,COPD,Pneumonia
177,1b4,Pl,COPD,COPD,COPD,COPD
177,1b4,Pl,COPD,COPD,COPD,COPD
177,1b4,Pl,COPD,COPD,COPD,COPD
177,1b4,Pl,COPD,COPD,COPD,COPD
177,1b4,Pl,COPD,COPD,COPD,COPD
177,1b4,Pr,COPD,COPD,COPD,COPD
177,1b4,Pr,COPD,COPD,COPD,COPD
177,1b4,Pr,COPD,COPD,COPD,COPD
177,1b4,Pr,COPD,COPD,COPD,COPD
177,1b4,Pr,COPD,COPD,COPD,COPD
177,1b4,Tc,COPD,COPD,COPD,COPD
177,1b4,Tc,COPD,COPD,COPD,COPD
177,1b4,Tc,COPD,COPD,COPD,COPD
177,1b4,Tc,COPD,COPD,COPD,COPD
177,1b4,Tc,COPD,COPD,COPD,COPD
177,2b4,Al,COPD,COPD,URTI,COPD
177,2b4,Al,COPD,COPD,COPD,COPD
177,2b4,Al,COPD,COPD,COPD,COPD
177,2b4,Al,COPD,URTI,URTI,COPD
177,2b4,Al,COPD,COPD,COPD,COPD
177,2b4,Lr,COPD,URTI,URTI,COPD
177,2b4,Lr,COPD,URTI,URTI,COPD
177,2b4,Lr,COPD,URTI,URTI,COPD
177,2b4,Lr,COPD,URTI,URTI,COPD
177,2b4,Lr,COPD,URTI,URTI,COPD
177,2b4,Pl,COPD,COPD,COPD,COPD
177,2b4,Pl,COPD,URTI,COPD,COPD
177,2b4,Pl,COPD,URTI,COPD,COPD
177,2b4,Pl,COPD,URTI,COPD,COPD
177,2b4,Pl,COPD,COPD,COPD,COPD
177,2b4,Pr,COPD,COPD,COPD,COPD
177,2b4,Pr,COPD,COPD,COPD,COPD
177,2b4,Pr,COPD,COPD,COPD,COPD
177,2b4,Pr,COPD,COPD,COPD,COPD
177,2b4,Pr,COPD,COPD,COPD,COPD
177,2b4,Tc,COPD,COPD,COPD,COPD
177,2b4,Tc,COPD,COPD,COPD,COPD
177,2b4,Tc,COPD,COPD,COPD,COPD
177,2b4,Tc,COPD,COPD,COPD,COPD
177,2b4,Tc,COPD,COPD,COPD,COPD
178,1b2,Al,COPD,COPD,COPD,COPD
178,1b2,Al,COPD,COPD,COPD,COPD
178,1b2,Al,COPD,COPD,COPD,COPD
178,1b2,Al,COPD,COPD,COPD,COPD
178,1b2,Al,COPD,COPD,COPD,COPD
178,1b2,Al,COPD,COPD,COPD,COPD
178,1b2,Al,COPD,COPD,COPD,COPD
178,1b2,Al,COPD,COPD,COPD,COPD
178,1b2,Al,COPD,COPD,COPD,COPD
178,1b2,Al,COPD,COPD,COPD,COPD
178,1b2,Al,COPD,COPD,COPD,COPD
178,1b2,Al,COPD,COPD,COPD,COPD
178,1b2,Ar,COPD,COPD,COPD,COPD
178,1b2,Ar,COPD,COPD,COPD,COPD
178,1b2,Ar,COPD,Bronchiolitis,COPD,COPD
178,1b2,Ar,COPD,COPD,COPD,COPD
178,1b2,Ar,COPD,Bronchiolitis,COPD,COPD
178,1b2,Ar,COPD,COPD,COPD,COPD
178,1b2,Ar,COPD,COPD,COPD,COPD
178,1b2,Ar,COPD,COPD,COPD,COPD
178,1b2,Ar,COPD,COPD,COPD,COPD
178,1b2,Ar,COPD,COPD,COPD,COPD
178,1b2,Ar,COPD,COPD,COPD,COPD
178,1b2,Ar,COPD,COPD,COPD,COPD
178,1b2,Lr,COPD,COPD,COPD,COPD
178,1b2,Lr,COPD,COPD,COPD,COPD
178,1b2,Lr,COPD,COPD,COPD,COPD
178,1b2,Lr,COPD,COPD,COPD,COPD
178,1b2,Lr,COPD,COPD,COPD,COPD
178,1b2,Lr,COPD,COPD,COPD,COPD
178,1b2,Lr,COPD,COPD,COPD,COPD
178,1b2,Lr,COPD,COPD,COPD,COPD
178,1b2,Lr,COPD,COPD,COPD,COPD
178,1b2,Lr,COPD,COPD,COPD,COPD
178,1b2,Lr,COPD,COPD,COPD,COPD
178,1b2,Lr,COPD,COPD,COPD,COPD
178,1b2,Pl,COPD,COPD,COPD,COPD
178,1b2,Pl,COPD,COPD,COPD,COPD
178,1b2,Pl,COPD,COPD,COPD,COPD
178,1b2,Pl,COPD,Bronchiectasis,COPD,COPD
178,1b2,Pl,COPD,Bronchiectasis,COPD,COPD
178,1b2,Pl,COPD,COPD,COPD,COPD
178,1b2,Pl,COPD,Bronchiectasis,COPD,COPD
178,1b2,Pl,COPD,Bronchiectasis,COPD,COPD
178,1b2,Pl,COPD,COPD,COPD,COPD
178,1b2,Pl,COPD,Bronchiectasis,COPD,COPD
178,1b2,Pl,COPD,COPD,COPD,COPD
178,1b2,Pl,COPD,Bronchiectasis,COPD,COPD
178,1b2,Pr,COPD,COPD,COPD,COPD
178,1b2,Pr,COPD,COPD,COPD,COPD
178,1b2,Pr,COPD,COPD,COPD,COPD
178,1b2,Pr,COPD,COPD,COPD,COPD
178,1b2,Pr,COPD,COPD,COPD,COPD
178,1b2,Pr,COPD,COPD,COPD,COPD
178,1b2,Pr,COPD,COPD,COPD,COPD
178,1b2,Pr,COPD,COPD,COPD,COPD
178,1b2,Pr,COPD,COPD,COPD,COPD
178,1b2,Pr,COPD,COPD,COPD,COPD
178,1b2,Pr,COPD,COPD,COPD,COPD
178,1b2,Pr,COPD,COPD,COPD,COPD
178,1b2,Tc,COPD,COPD,COPD,COPD
178,1b2,Tc,COPD,COPD,COPD,COPD
178,1b2,Tc,COPD,COPD,COPD,COPD
178,1b2,Tc,COPD,COPD,COPD,COPD
178,1b2,Tc,COPD,Bronchiolitis,COPD,COPD
178,1b2,Tc,COPD,COPD,COPD,COPD
178,1b2,Tc,COPD,COPD,COPD,COPD
178,1b2,Tc,COPD,Bronchiolitis,COPD,COPD
178,1b2,Tc,COPD,COPD,COPD,COPD
178,1b2,Tc,COPD,COPD,COPD,COPD
178,1b2,Tc,COPD,Bronchiolitis,COPD,COPD
178,1b2,Tc,COPD,Bronchiolitis,COPD,COPD
178,1b3,Al,COPD,COPD,COPD,COPD
178,1b3,Al,COPD,COPD,COPD,COPD
178,1b3,Al,COPD,COPD,COPD,COPD
178,1b3,Al,COPD,COPD,COPD,COPD
178,1b3,Al,COPD,Bronchiectasis,COPD,COPD
178,1b3,Ar,COPD,COPD,COPD,COPD
178,1b3,Ar,COPD,COPD,COPD,COPD
178,1b3,Ar,COPD,COPD,COPD,COPD
178,1b3,Ar,COPD,COPD,COPD,COPD
178,1b3,Ar,COPD,COPD,COPD,COPD
178,1b3,Lr,COPD,COPD,COPD,COPD
178,1b3,Lr,COPD,COPD,COPD,COPD
178,1b3,Lr,COPD,COPD,COPD,COPD
178,1b3,Lr,COPD,COPD,COPD,COPD
178,1b3,Lr,COPD,COPD,COPD,COPD
178,1b3,Pl,COPD,COPD,COPD,COPD
178,1b3,Pl,COPD,COPD,COPD,COPD
178,1b3,Pl,COPD,COPD,COPD,COPD
178,1b3,Pl,COPD,COPD,COPD,COPD
178,1b3,Pl,COPD,COPD,COPD,COPD
178,1b3,Pr,COPD,COPD,COPD,COPD
178,1b3,Pr,COPD,COPD,COPD,COPD
178,1b3,Pr,COPD,COPD,COPD,COPD
178,1b3,Pr,COPD,COPD,COPD,COPD
178,1b3,Pr,COPD,COPD,COPD,COPD
178,1b3,Tc,COPD,Bronchiectasis,COPD,COPD
178,1b3,Tc,COPD,COPD,COPD,COPD
178,1b3,Tc,COPD,COPD,COPD,COPD
178,1b3,Tc,COPD,COPD,COPD,COPD
178,1b3,Tc,COPD,Bronchiectasis,COPD,COPD
178,1b6,Al,COPD,COPD,COPD,COPD
178,1b6,Al,COPD,COPD,COPD,COPD
178,1b6,Al,COPD,COPD,COPD,COPD
178,1b6,Al,COPD,COPD,COPD,COPD
178,1b6,Al,COPD,COPD,COPD,COPD
178,1b6,Al,COPD,COPD,COPD,COPD
178,1b6,Al,COPD,COPD,COPD,COPD
178,1b6,Al,COPD,COPD,COPD,COPD
178,1b6,Ar,COPD,COPD,COPD,COPD
178,1b6,Ar,COPD,COPD,COPD,COPD
178,1b6,Ar,COPD,COPD,COPD,COPD
178,1b6,Ar,COPD,COPD,COPD,COPD
178,1b6,Ar,COPD,COPD,COPD,COPD
178,1b6,Ar,COPD,COPD,COPD,COPD
178,1b6,Ar,COPD,COPD,COPD,COPD
178,1b6,Ar,COPD,COPD,COPD,COPD
178,1b6,Ll,COPD,COPD,COPD,COPD
178,1b6,Ll,COPD,COPD,COPD,COPD
178,1b6,Ll,COPD,COPD,COPD,COPD
178,1b6,Ll,COPD,URTI,COPD,COPD
178,1b6,Ll,COPD,COPD,COPD,COPD
178,1b6,Ll,COPD,COPD,COPD,COPD
178,1b6,Ll,COPD,COPD,COPD,COPD
178,1b6,Ll,COPD,COPD,COPD,COPD
178,1b6,Lr,COPD,COPD,COPD,COPD
178,1b6,Lr,COPD,COPD,COPD,COPD
178,1b6,Lr,COPD,COPD,COPD,COPD
178,1b6,Lr,COPD,COPD,COPD,COPD
178,1b6,Lr,COPD,COPD,COPD,COPD
178,1b6,Lr,COPD,COPD,COPD,COPD
178,1b6,Lr,COPD,COPD,COPD,COPD
178,1b6,Lr,COPD,COPD,COPD,COPD
178,1b6,Pl,COPD,COPD,COPD,COPD
178,1b6,Pl,COPD,COPD,COPD,COPD
178,1b6,Pl,COPD,COPD,COPD,COPD
178,1b6,Pl,COPD,COPD,COPD,COPD
178,1b6,Pl,COPD,COPD,COPD,COPD
178,1b6,Pl,COPD,COPD,COPD,COPD
178,1b6,Pl,COPD,COPD,COPD,COPD
178,1b6,Pl,COPD,COPD,COPD,COPD
178,1b6,Pr,COPD,COPD,URTI,COPD
178,1b6,Pr,COPD,COPD,COPD,COPD
178,1b6,Pr,COPD,COPD,COPD,COPD
178,1b6,Pr,COPD,COPD,COPD,COPD
178,1b6,Pr,COPD,COPD,COPD,COPD
178,1b6,Pr,COPD,COPD,COPD,COPD
178,1b6,Pr,COPD,COPD,COPD,COPD
178,1b6,Pr,COPD,COPD,COPD,COPD
178,1b6,Tc,COPD,COPD,COPD,COPD
178,1b6,Tc,COPD,COPD,COPD,COPD
178,1b6,Tc,COPD,COPD,COPD,COPD
178,1b6,Tc,COPD,COPD,COPD,COPD
178,1b6,Tc,COPD,COPD,COPD,COPD
178,1b6,Tc,COPD,COPD,COPD,COPD
178,1b6,Tc,COPD,COPD,COPD,COPD
178,1b6,Tc,COPD,COPD,COPD,COPD
178,2b2,Al,COPD,COPD,COPD,COPD
178,2b2,Al,COPD,COPD,COPD,COPD
178,2b2,Al,COPD,COPD,COPD,COPD
178,2b2,Al,COPD,COPD,COPD,COPD
178,2b2,Al,COPD,COPD,COPD,COPD
178,2b2,Al,COPD,COPD,COPD,COPD
178,2b2,Al,COPD,COPD,COPD,COPD
178,2b2,Al,COPD,COPD,COPD,COPD
178,2b2,Al,COPD,COPD,COPD,COPD
178,2b2,Al,COPD,COPD,COPD,COPD
178,2b2,Ar,COPD,COPD,COPD,COPD
178,2b2,Ar,COPD,COPD,COPD,COPD
178,2b2,Ar,COPD,COPD,COPD,COPD
178,2b2,Ar,COPD,Bronchiectasis,COPD,COPD
178,2b2,Ar,COPD,COPD,COPD,COPD
178,2b2,Ar,COPD,Bronchiectasis,COPD,COPD
178,2b2,Ar,COPD,Bronchiectasis,COPD,COPD
178,2b2,Ar,COPD,Bronchiectasis,COPD,COPD
178,2b2,Ar,COPD,COPD,COPD,COPD
178,2b2,Ar,COPD,COPD,COPD,COPD
178,2b2,Lr,COPD,COPD,COPD,COPD
178,2b2,Lr,COPD,Pneumonia,Pneumonia,COPD
178,2b2,Lr,COPD,Pneumonia,COPD,COPD
178,2b2,Lr,COPD,COPD,COPD,COPD
178,2b2,Lr,COPD,COPD,COPD,COPD
178,2b2,Lr,COPD,COPD,COPD,COPD
178,2b2,Lr,COPD,COPD,COPD,COPD
178,2b2,Lr,COPD,COPD,COPD,COPD
178,2b2,Lr,COPD,COPD,COPD,COPD
178,2b2,Lr,COPD,COPD,COPD,COPD
178,2b2,Pr,COPD,COPD,COPD,COPD
178,2b2,Pr,COPD,COPD,COPD,COPD
178,2b2,Pr,COPD,COPD,COPD,COPD
178,2b2,Pr,COPD,COPD,COPD,COPD
178,2b2,Pr,COPD,COPD,COPD,COPD
178,2b2,Pr,COPD,COPD,COPD,COPD
178,2b2,Pr,COPD,COPD,COPD,COPD
178,2b2,Pr,COPD,COPD,COPD,COPD
178,2b2,Pr,COPD,COPD,COPD,COPD
178,2b2,Pr,COPD,COPD,COPD,COPD
178,2b2,Tc,COPD,COPD,COPD,COPD
178,2b2,Tc,COPD,Bronchiectasis,COPD,COPD
178,2b2,Tc,COPD,COPD,COPD,COPD
178,2b2,Tc,COPD,Bronchiectasis,COPD,COPD
178,2b2,Tc,COPD,COPD,COPD,COPD
178,2b2,Tc,COPD,Bronchiectasis,COPD,Bronchiectasis
178,2b2,Tc,COPD,COPD,COPD,COPD
178,2b2,Tc,COPD,COPD,COPD,COPD
178,2b2,Tc,COPD,COPD,COPD,COPD
178,2b2,Tc,COPD,COPD,COPD,COPD
182,1b1,Tc,Healthy,Healthy,Healthy,Pneumonia
182,1b1,Tc,Healthy,Healthy,Healthy,Healthy
182,1b1,Tc,Healthy,Healthy,Healthy,Healthy
182,1b1,Tc,Healthy,Healthy,Healthy,URTI
182,1b1,Tc,Healthy,URTI,URTI,URTI
182,1b1,Tc,Healthy,Healthy,Healthy,Pneumonia
182,1b1,Tc,Healthy,Healthy,Healthy,Healthy
185,1b1,Al,COPD,Pneumonia,COPD,COPD
185,1b1,Al,COPD,Pneumonia,COPD,COPD
185,1b1,Al,COPD,Pneumonia,COPD,COPD
185,1b1,Al,COPD,Pneumonia,COPD,COPD
185,1b1,Al,COPD,Pneumonia,COPD,COPD
185,1b1,Al,COPD,COPD,COPD,COPD
185,1b1,Al,COPD,Pneumonia,COPD,COPD
185,1b1,Ar,COPD,Pneumonia,COPD,COPD
185,1b1,Ar,COPD,Pneumonia,COPD,COPD
185,1b1,Ar,COPD,Pneumonia,COPD,COPD
185,1b1,Ar,COPD,Pneumonia,COPD,COPD
185,1b1,Ar,COPD,Pneumonia,COPD,COPD
185,1b1,Ar,COPD,Pneumonia,COPD,COPD
185,1b1,Ar,COPD,Pneumonia,COPD,COPD
185,1b1,Ar,COPD,Pneumonia,COPD,COPD
185,1b1,Ar,COPD,Pneumonia,COPD,COPD
185,1b1,Ar,COPD,Pneumonia,COPD,COPD
185,1b1,Ar,COPD,Pneumonia,COPD,COPD
185,1b1,Ll,COPD,COPD,COPD,COPD
185,1b1,Ll,COPD,Pneumonia,COPD,COPD
185,1b1,Ll,COPD,Pneumonia,COPD,COPD
185,1b1,Ll,COPD,Pneumonia,COPD,COPD
185,1b1,Ll,COPD,COPD,COPD,COPD
185,1b1,Ll,COPD,Pneumonia,COPD,COPD
185,1b1,Ll,COPD,COPD,COPD,COPD
185,1b1,Ll,COPD,Pneumonia,COPD,COPD
185,1b1,Ll,COPD,Pneumonia,COPD,COPD
185,1b1,Ll,COPD,Pneumonia,COPD,COPD
185,1b1,Lr,COPD,Pneumonia,URTI,COPD
185,1b1,Lr,COPD,Pneumonia,COPD,COPD
185,1b1,Lr,COPD,Pneumonia,COPD,COPD
185,1b1,Lr,COPD,Pneumonia,URTI,COPD
185,1b1,Lr,COPD,COPD,URTI,COPD
185,1b1,Lr,COPD,Pneumonia,URTI,COPD
185,1b1,Lr,COPD,Pneumonia,COPD,COPD
185,1b1,Pl,COPD,Pneumonia,URTI,COPD
185,1b1,Pl,COPD,Pneumonia,COPD,COPD
185,1b1,Pl,COPD,COPD,COPD,COPD
185,1b1,Pl,COPD,Pneumonia,COPD,COPD
185,1b1,Pl,COPD,COPD,COPD,COPD
185,1b1,Pl,COPD,COPD,COPD,COPD
185,1b1,Pl,COPD,COPD,COPD,COPD
185,1b1,Pl,COPD,Pneumonia,COPD,COPD
185,1b1,Pl,COPD,Pneumonia,COPD,COPD
185,1b1,Pr,COPD,Pneumonia,COPD,COPD
185,1b1,Pr,COPD,Pneumonia,COPD,COPD
185,1b1,Pr,COPD,Pneumonia,COPD,COPD
185,1b1,Pr,COPD,Pneumonia,COPD,COPD
185,1b1,Pr,COPD,Pneumonia,COPD,COPD
185,1b1,Pr,COPD,Pneumonia,COPD,COPD
185,1b1,Pr,COPD,Pneumonia,COPD,COPD
185,1b1,Pr,COPD,Pneumonia,COPD,COPD
185,1b1,Pr,COPD,Pneumonia,COPD,COPD
185,1b1,Pr,COPD,Pneumonia,COPD,COPD
185,1b1,Pr,COPD,Pneumonia,URTI,COPD
187,1b1,Ll,Healthy,Healthy,Healthy,Healthy
187,1b1,Ll,Healthy,Healthy,Healthy,Healthy
187,1b1,Ll,Healthy,LRTI,URTI,Healthy
187,1b1,Ll,Healthy,Asthma,URTI,Asthma
187,1b1,Ll,Healthy,Healthy,URTI,URTI
187,1b1,Ll,Healthy,LRTI,LRTI,LRTI
187,1b1,Ll,Healthy,Healthy,LRTI,LRTI
187,1b1,Ll,Healthy,Healthy,Healthy,URTI
187,1b1,Ll,Healthy,Healthy,Healthy,URTI
187,1b1,Ll,Healthy,Healthy,Healthy,URTI
187,1b1,Ll,Healthy,Healthy,Healthy,Pneumonia
187,1b1,Ll,Healthy,URTI,URTI,URTI
187,1b1,Ll,Healthy,Pneumonia,Healthy,Healthy
187,1b1,Ll,Healthy,Healthy,Healthy,Healthy
187,1b1,Ll,Healthy,Healthy,Healthy,Healthy
187,1b1,Ll,Healthy,URTI,Healthy,URTI
187,1b1,Ll,Healthy,Healthy,Healthy,Healthy
194,1b1,Lr,Healthy,Healthy,Healthy,Healthy
194,1b1,Lr,Healthy,Pneumonia,Pneumonia,Pneumonia
194,1b1,Lr,Healthy,Pneumonia,Pneumonia,Pneumonia
194,1b1,Lr,Healthy,Pneumonia,Pneumonia,Pneumonia
194,1b1,Lr,Healthy,Pneumonia,Pneumonia,Pneumonia
194,1b1,Lr,Healthy,Pneumonia,Pneumonia,Pneumonia
194,1b1,Lr,Healthy,Pneumonia,Pneumonia,Healthy
194,1b1,Lr,Healthy,Pneumonia,Healthy,Healthy
194,1b1,Lr,Healthy,Pneumonia,URTI,URTI
194,1b1,Pr,Healthy,LRTI,Pneumonia,Pneumonia
194,1b1,Pr,Healthy,LRTI,Healthy,Pneumonia
194,1b1,Pr,Healthy,Healthy,Healthy,Pneumonia
194,1b1,Pr,Healthy,COPD,COPD,Pneumonia
194,1b1,Pr,Healthy,COPD,Pneumonia,Pneumonia
194,1b1,Pr,Healthy,COPD,Pneumonia,Pneumonia
194,1b1,Pr,Healthy,Healthy,COPD,Pneumonia
194,1b1,Pr,Healthy,COPD,COPD,COPD
194,1b1,Pr,Healthy,Healthy,Healthy,Healthy
195,1b1,Al,COPD,Pneumonia,COPD,Pneumonia
195,1b1,Al,COPD,Pneumonia,COPD,Pneumonia
195,1b1,Al,COPD,Pneumonia,Pneumonia,COPD
195,1b1,Al,COPD,Pneumonia,Pneumonia,COPD
195,1b1,Al,COPD,Pneumonia,Bronchiolitis,COPD
195,1b1,Al,COPD,Pneumonia,COPD,COPD
195,1b1,Al,COPD,Pneumonia,Bronchiolitis,COPD
195,1b1,Al,COPD,Pneumonia,URTI,COPD
195,1b1,Al,COPD,Pneumonia,COPD,COPD
195,1b1,Al,COPD,Pneumonia,Pneumonia,URTI
195,1b1,Al,COPD,Pneumonia,COPD,COPD
195,1b1,Al,COPD,Pneumonia,COPD,COPD
195,1b1,Ar,COPD,Pneumonia,COPD,COPD
195,1b1,Ar,COPD,Pneumonia,COPD,COPD
195,1b1,Ar,COPD,COPD,COPD,COPD
195,1b1,Ar,COPD,COPD,COPD,COPD
195,1b1,Ar,COPD,Pneumonia,COPD,COPD
195,1b1,Ar,COPD,Pneumonia,COPD,COPD
195,1b1,Ar,COPD,Pneumonia,COPD,COPD
195,1b1,Ar,COPD,COPD,COPD,COPD
195,1b1,Ar,COPD,COPD,COPD,COPD
195,1b1,Ar,COPD,Pneumonia,COPD,COPD
195,1b1,Ar,COPD,Pneumonia,COPD,COPD
195,1b1,Ar,COPD,COPD,COPD,COPD
195,1b1,Ar,COPD,Pneumonia,COPD,COPD
195,1b1,Ar,COPD,Pneumonia,COPD,COPD
195,1b1,Ar,COPD,Pneumonia,COPD,COPD
195,1b1,Ar,COPD,Pneumonia,COPD,COPD
195,1b1,Ar,COPD,Pneumonia,COPD,COPD
195,1b1,Ll,COPD,Pneumonia,Pneumonia,COPD
195,1b1,Ll,COPD,Pneumonia,Pneumonia,URTI
195,1b1,Ll,COPD,Pneumonia,COPD,COPD
195,1b1,Ll,COPD,Pneumonia,Bronchiolitis,COPD
195,1b1,Ll,COPD,COPD,COPD,COPD
195,1b1,Ll,COPD,Pneumonia,COPD,COPD
195,1b1,Ll,COPD,COPD,COPD,COPD
195,1b1,Ll,COPD,COPD,COPD,COPD
195,1b1,Ll,COPD,Pneumonia,COPD,COPD
195,1b1,Ll,COPD,Pneumonia,COPD,COPD
195,1b1,Ll,COPD,Pneumonia,COPD,COPD
195,1b1,Lr,COPD,Pneumonia,COPD,COPD
195,1b1,Lr,COPD,COPD,URTI,COPD
195,1b1,Lr,COPD,Pneumonia,COPD,COPD
195,1b1,Lr,COPD,COPD,COPD,COPD
195,1b1,Lr,COPD,Pneumonia,Healthy,COPD
195,1b1,Lr,COPD,Pneumonia,COPD,COPD
195,1b1,Lr,COPD,Pneumonia,COPD,COPD
195,1b1,Lr,COPD,Pneumonia,COPD,COPD
195,1b1,Lr,COPD,Pneumonia,COPD,COPD
195,1b1,Pl,COPD,COPD,COPD,COPD
195,1b1,Pl,COPD,Pneumonia,COPD,COPD
195,1b1,Pl,COPD,COPD,COPD,COPD
195,1b1,Pl,COPD,Bronchiectasis,COPD,COPD
195,1b1,Pl,COPD,COPD,COPD,COPD
195,1b1,Pl,COPD,Pneumonia,COPD,COPD
195,1b1,Pl,COPD,Pneumonia,COPD,COPD
195,1b1,Pl,COPD,Pneumonia,COPD,COPD
195,1b1,Pl,COPD,Pneumonia,COPD,COPD
195,1b1,Pr,COPD,Pneumonia,COPD,COPD
195,1b1,Pr,COPD,Pneumonia,COPD,COPD
195,1b1,Pr,COPD,Pneumonia,COPD,COPD
195,1b1,Pr,COPD,COPD,COPD,COPD
195,1b1,Pr,COPD,Pneumonia,COPD,COPD
195,1b1,Pr,COPD,COPD,COPD,COPD
195,1b1,Pr,COPD,Pneumonia,COPD,COPD
195,1b1,Pr,COPD,Pneumonia,Pneumonia,COPD
195,1b1,Pr,COPD,Pneumonia,COPD,COPD
195,1b1,Pr,COPD,COPD,COPD,Healthy
195,1b1,Pr,COPD,COPD,COPD,COPD
195,1b1,Pr,COPD,Pneumonia,COPD,COPD
195,1b1,Pr,COPD,Pneumonia,COPD,COPD
195,1b1,Pr,COPD,Pneumonia,COPD,COPD
195,1b1,Pr,COPD,Pneumonia,COPD,COPD
195,1b1,Pr,COPD,Pneumonia,COPD,COPD
195,1b1,Pr,COPD,Pneumonia,COPD,COPD
198,1b5,Al,COPD,COPD,COPD,COPD
198,1b5,Al,COPD,COPD,COPD,COPD
198,1b5,Al,COPD,COPD,COPD,COPD
198,1b5,Al,COPD,COPD,COPD,COPD
198,1b5,Al,COPD,COPD,COPD,COPD
198,1b5,Al,COPD,Pneumonia,COPD,COPD
198,1b5,Al,COPD,Pneumonia,Pneumonia,COPD
198,1b5,Ar,COPD,Pneumonia,COPD,COPD
198,1b5,Ar,COPD,COPD,COPD,COPD
198,1b5,Ar,COPD,COPD,COPD,COPD
198,1b5,Ar,COPD,COPD,COPD,COPD
198,1b5,Ar,COPD,COPD,COPD,COPD
198,1b5,Ar,COPD,COPD,COPD,COPD
198,1b5,Ar,COPD,COPD,COPD,COPD
198,1b5,Ll,COPD,COPD,COPD,COPD
198,1b5,Ll,COPD,COPD,COPD,COPD
198,1b5,Ll,COPD,COPD,COPD,COPD
198,1b5,Ll,COPD,COPD,COPD,COPD
198,1b5,Ll,COPD,COPD,COPD,COPD
198,1b5,Ll,COPD,COPD,Pneumonia,COPD
198,1b5,Ll,COPD,URTI,COPD,COPD
198,1b5,Lr,COPD,COPD,COPD,COPD
198,1b5,Lr,COPD,COPD,COPD,COPD
198,1b5,Lr,COPD,COPD,COPD,COPD
198,1b5,Lr,COPD,COPD,COPD,COPD
198,1b5,Lr,COPD,COPD,COPD,COPD
198,1b5,Lr,COPD,COPD,COPD,COPD
198,1b5,Lr,COPD,URTI,COPD,COPD
198,1b5,Pl,COPD,COPD,COPD,COPD
198,1b5,Pl,COPD,COPD,COPD,COPD
198,1b5,Pl,COPD,COPD,COPD,COPD
198,1b5,Pl,COPD,COPD,COPD,COPD
198,1b5,Pl,COPD,COPD,COPD,COPD
198,1b5,Pl,COPD,COPD,COPD,COPD
198,1b5,Pl,COPD,COPD,COPD,COPD
198,1b5,Pr,COPD,COPD,COPD,COPD
198,1b5,Pr,COPD,COPD,COPD,COPD
198,1b5,Pr,COPD,COPD,COPD,COPD
198,1b5,Pr,COPD,COPD,COPD,COPD
198,1b5,Pr,COPD,COPD,COPD,COPD
198,1b5,Pr,COPD,COPD,COPD,COPD
198,1b5,Pr,COPD,COPD,COPD,COPD
198,1b5,Tc,COPD,COPD,COPD,COPD
198,1b5,Tc,COPD,COPD,COPD,COPD
198,1b5,Tc,COPD,COPD,COPD,COPD
198,1b5,Tc,COPD,COPD,COPD,COPD
198,1b5,Tc,COPD,COPD,COPD,COPD
198,1b5,Tc,COPD,COPD,COPD,COPD
198,1b5,Tc,COPD,COPD,COPD,COPD
198,6p1,Al,COPD,COPD,COPD,COPD
198,6p1,Al,COPD,COPD,COPD,COPD
198,6p1,Al,COPD,Bronchiectasis,COPD,COPD
198,6p1,Al,COPD,COPD,COPD,COPD
198,6p1,Al,COPD,Bronchiectasis,COPD,COPD
198,6p1,Al,COPD,Bronchiectasis,COPD,COPD
198,6p1,Al,COPD,Bronchiectasis,COPD,COPD
198,6p1,Ar,COPD,Bronchiectasis,COPD,COPD
198,6p1,Ar,COPD,COPD,COPD,COPD
198,6p1,Ar,COPD,COPD,COPD,COPD
198,6p1,Ar,COPD,COPD,COPD,COPD
198,6p1,Ar,COPD,COPD,COPD,COPD
198,6p1,Ar,COPD,COPD,COPD,COPD
198,6p1,Ll,COPD,COPD,COPD,COPD
198,6p1,Ll,COPD,COPD,COPD,COPD
198,6p1,Ll,COPD,COPD,COPD,COPD
198,6p1,Ll,COPD,COPD,COPD,COPD
198,6p1,Ll,COPD,COPD,COPD,COPD
198,6p1,Ll,COPD,COPD,COPD,COPD
198,6p1,Ll,COPD,COPD,COPD,COPD
198,6p1,Lr,COPD,Bronchiectasis,COPD,COPD
198,6p1,Lr,COPD,COPD,COPD,COPD
198,6p1,Lr,COPD,COPD,COPD,COPD
198,6p1,Lr,COPD,COPD,COPD,COPD
198,6p1,Lr,COPD,COPD,COPD,COPD
198,6p1,Lr,COPD,Bronchiectasis,COPD,COPD
198,6p1,Lr,COPD,Bronchiectasis,COPD,COPD
198,6p1,Pl,COPD,COPD,COPD,COPD
198,6p1,Pl,COPD,COPD,COPD,COPD
198,6p1,Pl,COPD,COPD,COPD,COPD
198,6p1,Pl,COPD,COPD,COPD,COPD
198,6p1,Pl,COPD,COPD,COPD,COPD
198,6p1,Pl,COPD,COPD,COPD,COPD
198,6p1,Pl,COPD,COPD,COPD,COPD
198,6p1,Pr,COPD,Bronchiectasis,Bronchiectasis,COPD
198,6p1,Pr,COPD,Bronchiectasis,COPD,COPD
198,6p1,Pr,COPD,Bronchiectasis,COPD,COPD
198,6p1,Pr,COPD,Bronchiectasis,COPD,COPD
198,6p1,Pr,COPD,Bronchiectasis,COPD,COPD
198,6p1,Pr,COPD,COPD,COPD,COPD
198,6p1,Pr,COPD,Bronchiectasis,COPD,COPD
198,6p1,Tc,COPD,COPD,COPD,COPD
198,6p1,Tc,COPD,COPD,COPD,COPD
198,6p1,Tc,COPD,Bronchiolitis,COPD,COPD
198,6p1,Tc,COPD,Bronchiolitis,COPD,COPD
198,6p1,Tc,COPD,Bronchiolitis,COPD,COPD
198,6p1,Tc,COPD,Bronchiolitis,COPD,COPD
198,6p1,Tc,COPD,COPD,COPD,COPD
198,6p1,Tc,COPD,Bronchiectasis,COPD,COPD
202,1b1,Ar,Healthy,Healthy,Healthy,Healthy
202,1b1,Ar,Healthy,URTI,URTI,Healthy
202,1b1,Ar,Healthy,URTI,URTI,Healthy
202,1b1,Ar,Healthy,URTI,URTI,URTI
202,1b1,Ar,Healthy,URTI,Healthy,COPD
202,1b1,Ar,Healthy,URTI,Healthy,URTI
202,1b1,Ar,Healthy,URTI,URTI,URTI
202,1b1,Ar,Healthy,URTI,URTI,Healthy
202,1b1,Ar,Healthy,URTI,Healthy,Healthy
202,1b1,Ar,Healthy,URTI,URTI,URTI
205,1b3,Al,COPD,Bronchiectasis,COPD,COPD
205,1b3,Al,COPD,COPD,COPD,COPD
205,1b3,Al,COPD,COPD,COPD,COPD
205,1b3,Al,COPD,COPD,COPD,COPD
205,1b3,Al,COPD,COPD,COPD,COPD
205,1b3,Al,COPD,COPD,COPD,COPD
205,1b3,Ar,COPD,COPD,COPD,COPD
205,1b3,Ar,COPD,COPD,COPD,COPD
205,1b3,Ar,COPD,COPD,COPD,COPD
205,1b3,Ar,COPD,COPD,COPD,COPD
205,1b3,Ar,COPD,COPD,COPD,COPD
205,1b3,Ar,COPD,COPD,COPD,COPD
205,1b3,Ll,COPD,Pneumonia,Pneumonia,Pneumonia
205,1b3,Ll,COPD,COPD,Pneumonia,COPD
205,1b3,Ll,COPD,Pneumonia,Pneumonia,COPD
205,1b3,Ll,COPD,Pneumonia,Pneumonia,COPD
205,1b3,Ll,COPD,Pneumonia,Pneumonia,COPD
205,1b3,Ll,COPD,COPD,Pneumonia,COPD
205,1b3,Lr,COPD,COPD,COPD,COPD
205,1b3,Lr,COPD,COPD,COPD,COPD
205,1b3,Lr,COPD,COPD,COPD,COPD
205,1b3,Lr,COPD,COPD,COPD,COPD
205,1b3,Lr,COPD,COPD,COPD,COPD
205,1b3,Lr,COPD,COPD,COPD,COPD
205,1b3,Pl,COPD,COPD,COPD,COPD
205,1b3,Pl,COPD,COPD,COPD,COPD
205,1b3,Pl,COPD,COPD,COPD,COPD
205,1b3,Pl,COPD,COPD,COPD,COPD
205,1b3,Pl,COPD,COPD,COPD,COPD
205,1b3,Pl,COPD,COPD,COPD,COPD
205,1b3,Pr,COPD,COPD,COPD,COPD
205,1b3,Pr,COPD,COPD,COPD,COPD
205,1b3,Pr,COPD,COPD,COPD,COPD
205,1b3,Pr,COPD,COPD,COPD,COPD
205,1b3,Pr,COPD,COPD,COPD,COPD
205,1b3,Pr,COPD,COPD,COPD,COPD
205,2b2,Pr,COPD,COPD,COPD,COPD
205,2b2,Pr,COPD,COPD,COPD,COPD
205,2b2,Pr,COPD,COPD,COPD,COPD
205,2b2,Pr,COPD,COPD,COPD,COPD
205,2b2,Pr,COPD,COPD,COPD,COPD
205,2b3,Al,COPD,COPD,COPD,COPD
205,2b3,Al,COPD,COPD,COPD,COPD
205,2b3,Al,COPD,COPD,COPD,COPD
205,2b3,Al,COPD,COPD,COPD,COPD
205,2b3,Al,COPD,COPD,COPD,COPD
205,2b3,Ar,COPD,COPD,COPD,COPD
205,2b3,Ar,COPD,COPD,COPD,COPD
205,2b3,Ar,COPD,COPD,COPD,COPD
205,2b3,Ar,COPD,COPD,COPD,COPD
205,2b3,Ar,COPD,COPD,COPD,COPD
205,2b3,Ll,COPD,COPD,COPD,COPD
205,2b3,Ll,COPD,COPD,COPD,COPD
205,2b3,Ll,COPD,COPD,Pneumonia,COPD
205,2b3,Ll,COPD,COPD,COPD,COPD
205,2b3,Ll,COPD,COPD,COPD,COPD
205,2b4,Pl,COPD,COPD,COPD,COPD
205,2b4,Pl,COPD,COPD,COPD,COPD
205,2b4,Pl,COPD,COPD,COPD,COPD
205,2b4,Pl,COPD,COPD,COPD,COPD
205,2b4,Pl,COPD,COPD,COPD,COPD
205,3b4,Al,COPD,COPD,COPD,COPD
205,3b4,Al,COPD,Bronchiectasis,COPD,COPD
205,3b4,Al,COPD,Bronchiectasis,COPD,COPD
205,3b4,Al,COPD,COPD,COPD,COPD
205,3b4,Ar,COPD,COPD,COPD,COPD
205,3b4,Ar,COPD,COPD,COPD,COPD
205,3b4,Ar,COPD,COPD,COPD,COPD
205,3b4,Ar,COPD,COPD,COPD,COPD
205,3b4,Pl,COPD,COPD,COPD,COPD
205,3b4,Pl,COPD,COPD,COPD,COPD
205,3b4,Pl,COPD,COPD,COPD,COPD
205,3b4,Pl,COPD,COPD,COPD,COPD
205,3b4,Pr,COPD,COPD,COPD,COPD
205,3b4,Pr,COPD,COPD,COPD,COPD
205,3b4,Pr,COPD,COPD,COPD,COPD
205,3b4,Pr,COPD,COPD,COPD,COPD
205,4b2,Al,COPD,COPD,COPD,COPD
205,4b2,Al,COPD,COPD,COPD,COPD
205,4b2,Al,COPD,COPD,COPD,COPD
205,4b2,Al,COPD,COPD,COPD,COPD
205,4b2,Al,COPD,COPD,COPD,COPD
205,4b2,Ar,COPD,COPD,COPD,COPD
205,4b2,Ar,COPD,COPD,COPD,COPD
205,4b2,Ar,COPD,COPD,COPD,COPD
205,4b2,Ar,COPD,COPD,COPD,COPD
205,4b2,Ar,COPD,COPD,COPD,COPD
205,4b2,Lr,COPD,COPD,COPD,COPD
205,4b2,Lr,COPD,COPD,COPD,COPD
205,4b2,Lr,COPD,COPD,COPD,COPD
205,4b2,Lr,COPD,COPD,COPD,COPD
205,4b2,Lr,COPD,COPD,COPD,COPD
205,4b2,Pl,COPD,COPD,COPD,COPD
205,4b2,Pl,COPD,COPD,COPD,COPD
205,4b2,Pl,COPD,COPD,COPD,COPD
205,4b2,Pl,COPD,COPD,COPD,COPD
205,4b2,Pl,COPD,COPD,COPD,COPD
205,4b2,Pr,COPD,COPD,COPD,COPD
205,4b2,Pr,COPD,COPD,COPD,COPD
205,4b2,Pr,COPD,COPD,COPD,COPD
205,4b2,Pr,COPD,COPD,COPD,COPD
205,4b2,Pr,COPD,COPD,COPD,COPD
207,2b2,Al,COPD,COPD,COPD,COPD
207,2b2,Al,COPD,COPD,COPD,COPD
207,2b2,Al,COPD,COPD,COPD,COPD
207,2b2,Al,COPD,COPD,COPD,COPD
207,2b2,Al,COPD,COPD,COPD,COPD
207,2b2,Al,COPD,COPD,COPD,COPD
207,2b2,Ar,COPD,COPD,COPD,COPD
207,2b2,Ar,COPD,COPD,COPD,COPD
207,2b2,Ar,COPD,COPD,COPD,COPD
207,2b2,Ar,COPD,COPD,COPD,COPD
207,2b2,Ar,COPD,COPD,COPD,COPD
207,2b2,Ar,COPD,COPD,COPD,COPD
207,2b2,Pl,COPD,URTI,COPD,COPD
207,2b2,Pl,COPD,COPD,COPD,COPD
207,2b2,Pl,COPD,COPD,COPD,COPD
207,2b2,Pl,COPD,COPD,COPD,COPD
207,2b2,Pl,COPD,COPD,COPD,COPD
207,2b2,Pl,COPD,COPD,COPD,COPD
207,2b2,Pr,COPD,COPD,COPD,COPD
207,2b2,Pr,COPD,COPD,COPD,COPD
207,2b2,Pr,COPD,COPD,COPD,COPD
207,2b2,Pr,COPD,COPD,COPD,COPD
207,2b2,Pr,COPD,COPD,COPD,COPD
207,2b2,Pr,COPD,COPD,COPD,COPD
207,2b2,Tc,COPD,COPD,COPD,COPD
207,2b2,Tc,COPD,URTI,COPD,COPD
207,2b2,Tc,COPD,Bronchiectasis,COPD,COPD
207,2b2,Tc,COPD,COPD,COPD,COPD
207,2b2,Tc,COPD,COPD,COPD,COPD
207,2b2,Tc,COPD,Bronchiectasis,COPD,COPD
207,2b3,Al,COPD,COPD,COPD,COPD
207,2b3,Al,COPD,COPD,COPD,COPD
207,2b3,Al,COPD,COPD,COPD,COPD
207,2b3,Al,COPD,COPD,COPD,COPD
207,2b3,Al,COPD,COPD,COPD,COPD
207,2b3,Al,COPD,COPD,COPD,COPD
207,2b3,Ar,COPD,COPD,COPD,COPD
207,2b3,Ar,COPD,COPD,COPD,COPD
207,2b3,Ar,COPD,COPD,COPD,COPD
207,2b3,Ar,COPD,COPD,COPD,COPD
207,2b3,Ar,COPD,COPD,COPD,COPD
207,2b3,Ar,COPD,COPD,COPD,COPD
207,2b3,Pl,COPD,COPD,COPD,COPD
207,2b3,Pl,COPD,URTI,COPD,COPD
207,2b3,Pl,COPD,COPD,COPD,COPD
207,2b3,Pl,COPD,COPD,COPD,COPD
207,2b3,Pl,COPD,COPD,COPD,COPD
207,2b3,Pl,COPD,COPD,COPD,COPD
207,2b3,Pr,COPD,COPD,COPD,COPD
207,2b3,Pr,COPD,COPD,COPD,COPD
207,2b3,Pr,COPD,COPD,COPD,COPD
207,2b3,Pr,COPD,COPD,COPD,COPD
207,2b3,Pr,COPD,COPD,COPD,COPD
207,2b3,Pr,COPD,COPD,COPD,COPD
207,2b3,Tc,COPD,URTI,COPD,COPD
207,2b3,Tc,COPD,URTI,COPD,COPD
207,2b3,Tc,COPD,URTI,COPD,COPD
207,2b3,Tc,COPD,COPD,COPD,COPD
207,2b3,Tc,COPD,COPD,COPD,COPD
207,2b3,Tc,COPD,COPD,COPD,COPD
207,2b4,Al,COPD,COPD,COPD,COPD
207,2b4,Al,COPD,COPD,COPD,COPD
207,2b4,Al,COPD,COPD,COPD,COPD
207,2b4,Al,COPD,COPD,COPD,COPD
207,2b4,Al,COPD,COPD,COPD,COPD
207,2b4,Ar,COPD,COPD,COPD,COPD
207,2b4,Ar,COPD,COPD,COPD,COPD
207,2b4,Ar,COPD,COPD,COPD,COPD
207,2b4,Ar,COPD,COPD,COPD,COPD
207,2b4,Ar,COPD,COPD,COPD,COPD
207,2b4,Pl,COPD,COPD,COPD,COPD
207,2b4,Pl,COPD,COPD,COPD,COPD
207,2b4,Pl,COPD,COPD,COPD,COPD
207,2b4,Pl,COPD,COPD,COPD,COPD
207,2b4,Pl,COPD,COPD,COPD,COPD
207,2b4,Pr,COPD,COPD,COPD,COPD
207,2b4,Pr,COPD,COPD,COPD,COPD
207,2b4,Pr,COPD,COPD,COPD,COPD
207,2b4,Pr,COPD,COPD,COPD,COPD
207,2b4,Pr,COPD,COPD,COPD,COPD
207,2b4,Tc,COPD,COPD,COPD,COPD
207,2b4,Tc,COPD,COPD,COPD,COPD
207,2b4,Tc,COPD,COPD,COPD,COPD
207,2b4,Tc,COPD,URTI,COPD,COPD
207,2b4,Tc,COPD,COPD,COPD,COPD
207,3b2,Al,COPD,COPD,COPD,COPD
207,3b2,Al,COPD,COPD,COPD,COPD
207,3b2,Al,COPD,COPD,COPD,COPD
207,3b2,Al,COPD,COPD,COPD,COPD
207,3b2,Al,COPD,COPD,COPD,COPD
207,3b2,Al,COPD,COPD,COPD,COPD
207,3b2,Al,COPD,COPD,COPD,COPD
207,3b2,Al,COPD,COPD,COPD,COPD
207,3b2,Al,COPD,COPD,COPD,COPD
207,3b2,Ar,COPD,COPD,COPD,COPD
207,3b2,Ar,COPD,COPD,COPD,COPD
207,3b2,Ar,COPD,COPD,COPD,COPD
207,3b2,Ar,COPD,COPD,COPD,COPD
207,3b2,Ar,COPD,COPD,COPD,COPD
207,3b2,Ar,COPD,COPD,COPD,COPD
207,3b2,Ar,COPD,COPD,COPD,COPD
207,3b2,Ar,COPD,COPD,COPD,COPD
207,3b2,Ar,COPD,COPD,COPD,COPD
207,3b2,Lr,COPD,Pneumonia,Pneumonia,COPD
207,3b2,Lr,COPD,Pneumonia,Pneumonia,Pneumonia
207,3b2,Lr,COPD,Pneumonia,Pneumonia,COPD
207,3b2,Lr,COPD,Pneumonia,Pneumonia,COPD
207,3b2,Lr,COPD,Pneumonia,Pneumonia,Pneumonia
207,3b2,Lr,COPD,Pneumonia,Pneumonia,Pneumonia
207,3b2,Lr,COPD,Pneumonia,Pneumonia,Pneumonia
207,3b2,Lr,COPD,Pneumonia,Pneumonia,Pneumonia
207,3b2,Lr,COPD,Pneumonia,Pneumonia,Healthy
207,3b2,Pl,COPD,COPD,COPD,COPD
207,3b2,Pl,COPD,COPD,COPD,COPD
207,3b2,Pl,COPD,COPD,COPD,COPD
207,3b2,Pl,COPD,COPD,COPD,COPD
207,3b2,Pl,COPD,COPD,COPD,COPD
207,3b2,Pl,COPD,COPD,COPD,COPD
207,3b2,Pl,COPD,COPD,COPD,COPD
207,3b2,Pl,COPD,COPD,COPD,COPD
207,3b2,Pl,COPD,COPD,COPD,COPD
207,3b2,Pr,COPD,COPD,COPD,COPD
207,3b2,Pr,COPD,COPD,COPD,COPD
207,3b2,Pr,COPD,COPD,COPD,COPD
207,3b2,Pr,COPD,COPD,COPD,COPD
207,3b2,Pr,COPD,COPD,COPD,COPD
207,3b2,Pr,COPD,COPD,COPD,COPD
207,3b2,Pr,COPD,COPD,COPD,COPD
207,3b2,Pr,COPD,COPD,COPD,COPD
207,3b2,Pr,COPD,COPD,COPD,COPD
207,3b2,Tc,COPD,Bronchiolitis,Bronchiolitis,COPD
207,3b2,Tc,COPD,URTI,URTI,COPD
207,3b2,Tc,COPD,Bronchiolitis,Bronchiolitis,COPD
207,3b2,Tc,COPD,COPD,Bronchiolitis,COPD
207,3b2,Tc,COPD,COPD,Bronchiolitis,COPD
207,3b2,Tc,COPD,Bronchiolitis,Bronchiolitis,COPD
207,3b2,Tc,COPD,Bronchiolitis,URTI,COPD
207,3b2,Tc,COPD,Bronchiolitis,Bronchiolitis,COPD
207,3b2,Tc,COPD,URTI,COPD,COPD
211,1p2,Ar,COPD,Bronchiolitis,Bronchiolitis,COPD
211,1p2,Ar,COPD,Bronchiolitis,Bronchiolitis,COPD
211,1p2,Ar,COPD,Bronchiolitis,Bronchiolitis,COPD
211,1p2,Ar,COPD,Bronchiolitis,Bronchiolitis,COPD
211,1p2,Ar,COPD,Bronchiolitis,Bronchiolitis,COPD
211,1p2,Ar,COPD,Bronchiolitis,COPD,COPD
211,1p2,Ar,COPD,Bronchiolitis,Bronchiolitis,COPD
211,1p2,Ar,COPD,Bronchiolitis,Bronchiolitis,COPD
211,1p2,Ar,COPD,Bronchiolitis,Bronchiolitis,COPD
211,1p2,Ar,COPD,Bronchiolitis,Bronchiolitis,COPD
211,1p2,Ar,COPD,Bronchiolitis,Bronchiolitis,COPD
211,1p2,Ar,COPD,Bronchiolitis,Bronchiolitis,COPD
211,1p2,Ar,COPD,Bronchiolitis,Bronchiolitis,COPD
211,1p2,Pl,COPD,COPD,COPD,COPD
211,1p2,Pl,COPD,COPD,COPD,COPD
211,1p2,Pl,COPD,COPD,COPD,COPD
211,1p2,Pl,COPD,COPD,COPD,COPD
211,1p2,Pl,COPD,COPD,COPD,COPD
211,1p2,Pl,COPD,COPD,COPD,COPD
211,1p2,Pl,COPD,COPD,COPD,COPD
211,1p2,Pl,COPD,COPD,COPD,COPD
211,1p2,Pl,COPD,COPD,COPD,COPD
211,1p2,Pl,COPD,COPD,COPD,COPD
211,1p2,Pl,COPD,COPD,COPD,COPD
211,1p2,Pl,COPD,COPD,COPD,COPD
211,1p2,Pl,COPD,COPD,COPD,COPD
211,1p2,Pr,COPD,COPD,COPD,COPD
211,1p2,Pr,COPD,COPD,COPD,COPD
211,1p2,Pr,COPD,COPD,COPD,COPD
211,1p2,Pr,COPD,COPD,COPD,COPD
211,1p2,Pr,COPD,COPD,COPD,COPD
211,1p2,Pr,COPD,COPD,COPD,COPD
211,1p2,Pr,COPD,COPD,COPD,COPD
211,1p2,Pr,COPD,COPD,COPD,COPD
211,1p2,Pr,COPD,COPD,COPD,COPD
211,1p2,Pr,COPD,COPD,COPD,COPD
211,1p2,Pr,COPD,COPD,COPD,COPD
211,1p2,Pr,COPD,COPD,COPD,COPD
211,1p2,Pr,COPD,COPD,COPD,COPD
211,1p3,Ar,COPD,Bronchiolitis,Bronchiolitis,COPD
211,1p3,Ar,COPD,Bronchiolitis,Bronchiolitis,COPD
211,1p3,Ar,COPD,Bronchiolitis,Bronchiolitis,COPD
211,1p3,Ar,COPD,Bronchiolitis,Bronchiolitis,COPD
211,1p3,Ar,COPD,Bronchiolitis,Bronchiolitis,COPD
211,1p3,Ar,COPD,Bronchiolitis,Bronchiolitis,COPD
211,1p3,Ar,COPD,Bronchiolitis,Bronchiolitis,COPD
211,1p3,Ar,COPD,Bronchiolitis,Bronchiolitis,COPD
211,1p3,Ar,COPD,Bronchiolitis,Bronchiolitis,COPD
211,1p3,Ar,COPD,Bronchiolitis,Bronchiolitis,COPD
211,1p3,Ar,COPD,Bronchiolitis,Bronchiolitis,COPD
211,1p3,Ar,COPD,Bronchiolitis,Bronchiolitis,COPD
211,1p3,Ar,COPD,Bronchiolitis,Bronchiolitis,COPD
211,1p3,Ar,COPD,Bronchiolitis,COPD,COPD
211,1p5,Ar,COPD,Bronchiolitis,Bronchiolitis,COPD
211,1p5,Ar,COPD,Bronchiolitis,Bronchiolitis,COPD
211,1p5,Ar,COPD,Bronchiolitis,Bronchiolitis,COPD
211,1p5,Ar,COPD,Bronchiolitis,Bronchiolitis,COPD
211,1p5,Ar,COPD,Bronchiolitis,Bronchiolitis,COPD
211,1p5,Ar,COPD,Bronchiolitis,Bronchiolitis,COPD
211,1p5,Ar,COPD,Bronchiolitis,Bronchiolitis,COPD
211,1p5,Ar,COPD,Bronchiolitis,Bronchiolitis,COPD
211,1p5,Ar,COPD,Bronchiolitis,Bronchiolitis,COPD
211,1p5,Ar,COPD,Bronchiolitis,Bronchiolitis,COPD
211,1p5,Ar,COPD,Bronchiolitis,Bronchiolitis,COPD
211,1p5,Ar,COPD,Bronchiolitis,Bronchiolitis,COPD
211,1p5,Ar,COPD,Bronchiolitis,Bronchiolitis,COPD
211,1p5,Ar,COPD,Bronchiolitis,Bronchiolitis,COPD
211,2p2,Tc,COPD,LRTI,Healthy,Healthy
211,2p2,Tc,COPD,Healthy,Healthy,COPD
211,2p2,Tc,COPD,Healthy,Healthy,Healthy
211,2p2,Tc,COPD,LRTI,Healthy,Healthy
211,2p2,Tc,COPD,Healthy,Healthy,COPD
211,2p2,Tc,COPD,LRTI,Healthy,COPD
211,2p2,Tc,COPD,LRTI,Healthy,URTI
211,2p2,Tc,COPD,LRTI,COPD,URTI
211,2p2,Tc,COPD,LRTI,Healthy,COPD
211,2p2,Tc,COPD,LRTI,Healthy,URTI
211,2p2,Tc,COPD,LRTI,Healthy,Healthy
211,2p2,Tc,COPD,LRTI,Healthy,URTI
211,2p2,Tc,COPD,LRTI,Pneumonia,COPD
211,2p3,Tc,COPD,LRTI,Healthy,COPD
211,2p3,Tc,COPD,Pneumonia,COPD,COPD
211,2p3,Tc,COPD,Pneumonia,COPD,COPD
211,2p3,Tc,COPD,LRTI,COPD,Healthy
211,2p3,Tc,COPD,COPD,COPD,COPD
211,2p3,Tc,COPD,Healthy,COPD,Healthy
211,2p3,Tc,COPD,LRTI,Pneumonia,COPD
211,2p3,Tc,COPD,LRTI,COPD,Healthy
211,2p3,Tc,COPD,LRTI,Pneumonia,COPD
211,2p3,Tc,COPD,LRTI,Pneumonia,Healthy
211,2p3,Tc,COPD,LRTI,Pneumonia,Healthy
211,2p3,Tc,COPD,LRTI,Pneumonia,Pneumonia
211,2p3,Tc,COPD,LRTI,Pneumonia,Healthy
211,2p3,Tc,COPD,LRTI,Pneumonia,Healthy
211,2p3,Tc,COPD,LRTI,Pneumonia,Healthy
211,2p3,Tc,COPD,LRTI,Healthy,Healthy
211,2p4,Tc,COPD,LRTI,Pneumonia,Pneumonia
211,2p4,Tc,COPD,Healthy,Pneumonia,COPD
211,2p4,Tc,COPD,LRTI,Pneumonia,Pneumonia
211,2p4,Tc,COPD,LRTI,Pneumonia,Healthy
211,2p4,Tc,COPD,Pneumonia,Pneumonia,COPD
211,2p4,Tc,COPD,Healthy,Pneumonia,Healthy
211,2p4,Tc,COPD,LRTI,Pneumonia,COPD
211,2p4,Tc,COPD,LRTI,Pneumonia,Pneumonia
211,2p4,Tc,COPD,Pneumonia,COPD,COPD
211,2p4,Tc,COPD,LRTI,Pneumonia,COPD
211,2p4,Tc,COPD,Pneumonia,Pneumonia,COPD
211,2p4,Tc,COPD,Pneumonia,Pneumonia,COPD
211,2p4,Tc,COPD,LRTI,Pneumonia,Healthy
211,2p4,Tc,COPD,LRTI,Pneumonia,COPD
211,2p4,Tc,COPD,Pneumonia,COPD,COPD
214,1b1,Ar,Healthy,Healthy,Pneumonia,COPD
214,1b1,Ar,Healthy,Bronchiolitis,Pneumonia,COPD
214,1b1,Ar,Healthy,COPD,COPD,COPD
214,1b1,Ar,Healthy,Bronchiolitis,COPD,COPD
214,1b1,Ar,Healthy,Bronchiolitis,COPD,COPD
214,1b1,Ar,Healthy,Pneumonia,Pneumonia,COPD
214,1b1,Ar,Healthy,Bronchiolitis,Pneumonia,COPD
216,1b1,Al,Bronchiolitis,URTI,URTI,COPD
216,1b1,Al,Bronchiolitis,URTI,URTI,URTI
216,1b1,Al,Bronchiolitis,Bronchiolitis,URTI,COPD
216,1b1,Al,Bronchiolitis,Bronchiolitis,URTI,COPD
216,1b1,Al,Bronchiolitis,COPD,URTI,COPD
216,1b1,Al,Bronchiolitis,Bronchiolitis,URTI,COPD
216,1b1,Al,Bronchiolitis,Bronchiolitis,URTI,COPD
216,1b1,Al,Bronchiolitis,Bronchiolitis,URTI,COPD
216,1b1,Al,Bronchiolitis,URTI,URTI,COPD
216,1b1,Al,Bronchiolitis,Bronchiolitis,URTI,COPD
216,1b1,Al,Bronchiolitis,Bronchiolitis,URTI,URTI
216,1b1,Al,Bronchiolitis,Bronchiolitis,URTI,COPD
216,1b1,Pl,Bronchiolitis,LRTI,URTI,URTI
216,1b1,Pl,Bronchiolitis,Bronchiolitis,Bronchiolitis,URTI
216,1b1,Pl,Bronchiolitis,LRTI,URTI,URTI
216,1b1,Pl,Bronchiolitis,LRTI,URTI,URTI
216,1b1,Pl,Bronchiolitis,LRTI,URTI,URTI
216,1b1,Pl,Bronchiolitis,URTI,URTI,URTI
216,1b1,Pl,Bronchiolitis,URTI,URTI,URTI
216,1b1,Pl,Bronchiolitis,URTI,URTI,URTI
216,1b1,Pl,Bronchiolitis,LRTI,URTI,URTI
216,1b1,Pl,Bronchiolitis,URTI,URTI,URTI
218,1b1,Al,COPD,Pneumonia,Pneumonia,Pneumonia
218,1b1,Al,COPD,COPD,COPD,COPD
218,1b1,Al,COPD,COPD,Pneumonia,COPD
218,1b1,Al,COPD,Pneumonia,Pneumonia,Pneumonia
218,1b1,Al,COPD,Pneumonia,Pneumonia,Pneumonia
218,1b1,Al,COPD,Pneumonia,Pneumonia,COPD
218,1b1,Al,COPD,COPD,Pneumonia,COPD
218,1b1,Al,COPD,Pneumonia,Pneumonia,Pneumonia
218,1b1,Al,COPD,COPD,Pneumonia,Pneumonia
218,1b1,Al,COPD,COPD,COPD,COPD
218,1b1,Al,COPD,COPD,Pneumonia,COPD
218,1b1,Al,COPD,COPD,Pneumonia,COPD
218,1b1,Al,COPD,COPD,Pneumonia,COPD
218,1b1,Al,COPD,COPD,COPD,COPD
218,1b1,Al,COPD,COPD,COPD,COPD
218,1b1,Pl,COPD,COPD,COPD,COPD
218,1b1,Pl,COPD,Pneumonia,COPD,COPD
218,1b1,Pl,COPD,URTI,COPD,COPD
218,1b1,Pl,COPD,Pneumonia,COPD,COPD
218,1b1,Pl,COPD,COPD,COPD,COPD
218,1b1,Pl,COPD,Pneumonia,COPD,COPD
218,1b1,Pl,COPD,Pneumonia,COPD,COPD
218,1b1,Pl,COPD,Pneumonia,COPD,COPD
218,1b1,Pl,COPD,Pneumonia,COPD,COPD
218,1b1,Pl,COPD,COPD,COPD,COPD
218,1b1,Pl,COPD,COPD,COPD,COPD
218,1b1,Pl,COPD,COPD,COPD,COPD
218,1b1,Pl,COPD,COPD,COPD,COPD
218,1b1,Pl,COPD,COPD,COPD,COPD
218,1b1,Pl,COPD,COPD,COPD,COPD
218,1b1,Pl,COPD,COPD,COPD,COPD
218,1b1,Pl,COPD,COPD,COPD,COPD
218,1b1,Pl,COPD,COPD,COPD,COPD
218,1b1,Pr,COPD,COPD,COPD,COPD
218,1b1,Pr,COPD,Pneumonia,COPD,COPD
218,1b1,Pr,COPD,COPD,COPD,COPD
218,1b1,Pr,COPD,Bronchiectasis,COPD,COPD
218,1b1,Pr,COPD,Pneumonia,COPD,COPD
218,1b1,Pr,COPD,Pneumonia,COPD,COPD
218,1b1,Pr,COPD,Pneumonia,COPD,COPD
218,1b1,Pr,COPD,Pneumonia,COPD,COPD
218,1b1,Pr,COPD,Pneumonia,COPD,COPD
218,1b1,Pr,COPD,COPD,COPD,COPD
218,1b1,Pr,COPD,COPD,COPD,COPD
218,1b1,Pr,COPD,COPD,COPD,COPD
218,1b1,Pr,COPD,COPD,Bronchiolitis,COPD
218,1b1,Pr,COPD,COPD,COPD,COPD
218,1b1,Pr,COPD,COPD,COPD,COPD
218,1b1,Pr,COPD,COPD,COPD,COPD
218,1b1,Pr,COPD,COPD,COPD,COPD
218,1b1,Pr,COPD,COPD,COPD,COPD
218,1p1,Pl,COPD,Pneumonia,COPD,COPD
218,1p1,Pl,COPD,Pneumonia,COPD,COPD
218,1p1,Pl,COPD,Pneumonia,COPD,COPD
218,1p1,Pl,COPD,Pneumonia,COPD,COPD
218,1p1,Pl,COPD,Pneumonia,COPD,COPD
218,1p1,Pl,COPD,Pneumonia,COPD,COPD
218,1p1,Pl,COPD,Pneumonia,URTI,COPD
218,1p1,Pl,COPD,COPD,COPD,COPD
223,1b1,Al,COPD,Pneumonia,COPD,COPD
223,1b1,Al,COPD,Pneumonia,COPD,COPD
223,1b1,Al,COPD,Pneumonia,COPD,COPD
223,1b1,Al,COPD,Pneumonia,COPD,COPD
223,1b1,Al,COPD,Pneumonia,COPD,COPD
223,1b1,Al,COPD,Pneumonia,COPD,COPD
223,1b1,Al,COPD,Pneumonia,COPD,COPD
223,1b1,Al,COPD,Pneumonia,COPD,COPD
223,1b1,Al,COPD,Pneumonia,COPD,COPD
223,1b1,Al,COPD,Pneumonia,COPD,COPD
223,1b1,Ar,COPD,Pneumonia,COPD,COPD
223,1b1,Ar,COPD,Pneumonia,COPD,COPD
223,1b1,Ar,COPD,Pneumonia,COPD,COPD
223,1b1,Ar,COPD,COPD,COPD,COPD
223,1b1,Ar,COPD,COPD,COPD,COPD
223,1b1,Ar,COPD,Pneumonia,COPD,COPD
223,1b1,Ar,COPD,COPD,COPD,COPD
223,1b1,Ar,COPD,Pneumonia,COPD,COPD
223,1b1,Ar,COPD,Pneumonia,COPD,COPD
223,1b1,Ar,COPD,Pneumonia,COPD,COPD
223,1b1,Ll,COPD,Bronchiolitis,COPD,COPD
223,1b1,Ll,COPD,Pneumonia,COPD,COPD
223,1b1,Ll,COPD,Pneumonia,COPD,COPD
223,1b1,Ll,COPD,Pneumonia,COPD,COPD
223,1b1,Ll,COPD,Pneumonia,COPD,COPD
223,1b1,Ll,COPD,Pneumonia,COPD,COPD
223,1b1,Ll,COPD,Pneumonia,COPD,COPD
223,1b1,Ll,COPD,Pneumonia,COPD,COPD
223,1b1,Ll,COPD,Asthma,COPD,COPD
223,1b1,Ll,COPD,Pneumonia,COPD,COPD
223,1b1,Lr,COPD,Pneumonia,COPD,COPD
223,1b1,Lr,COPD,Pneumonia,COPD,COPD
223,1b1,Lr,COPD,Pneumonia,COPD,COPD
223,1b1,Lr,COPD,Pneumonia,COPD,COPD
223,1b1,Lr,COPD,Pneumonia,COPD,COPD
223,1b1,Lr,COPD,Pneumonia,COPD,COPD
223,1b1,Lr,COPD,Pneumonia,COPD,COPD
223,1b1,Lr,COPD,Pneumonia,COPD,COPD
223,1b1,Lr,COPD,Pneumonia,COPD,COPD
223,1b1,Lr,COPD,COPD,COPD,COPD
223,1b1,Pl,COPD,Pneumonia,Pneumonia,COPD
223,1b1,Pl,COPD,Healthy,COPD,COPD
223,1b1,Pl,COPD,URTI,COPD,COPD
223,1b1,Pl,COPD,Healthy,Pneumonia,COPD
223,1b1,Pl,COPD,URTI,URTI,COPD
223,1b1,Pl,COPD,URTI,COPD,COPD
223,1b1,Pl,COPD,URTI,COPD,COPD
223,1b1,Pl,COPD,URTI,COPD,COPD
223,1b1,Pl,COPD,URTI,COPD,COPD
223,1b1,Pl,COPD,URTI,COPD,COPD
223,1b1,Pl,COPD,URTI,Pneumonia,COPD
223,1b1,Pr,COPD,Pneumonia,COPD,COPD
223,1b1,Pr,COPD,Pneumonia,COPD,COPD
223,1b1,Pr,COPD,Pneumonia,COPD,COPD
223,1b1,Pr,COPD,Pneumonia,COPD,COPD
223,1b1,Pr,COPD,Pneumonia,COPD,COPD
223,1b1,Pr,COPD,Pneumonia,COPD,COPD
223,1b1,Pr,COPD,Pneumonia,COPD,COPD
223,1b1,Pr,COPD,Pneumonia,COPD,COPD
223,1b1,Pr,COPD,Pneumonia,COPD,COPD
223,1b1,Pr,COPD,Pneumonia,COPD,COPD
224,1b1,Tc,Healthy,Pneumonia,Healthy,Healthy
224,1b1,Tc,Healthy,Pneumonia,URTI,Healthy
224,1b1,Tc,Healthy,Pneumonia,Pneumonia,Healthy
224,1b1,Tc,Healthy,Pneumonia,URTI,Healthy
224,1b1,Tc,Healthy,Pneumonia,URTI,Healthy
224,1b1,Tc,Healthy,Pneumonia,Pneumonia,Healthy
224,1b1,Tc,Healthy,Pneumonia,Pneumonia,Pneumonia
224,1b2,Al,Healthy,Healthy,Healthy,Healthy
224,1b2,Al,Healthy,Healthy,Healthy,Healthy
224,1b2,Al,Healthy,Healthy,Healthy,Healthy
224,1b2,Al,Healthy,Healthy,Healthy,Healthy
224,1b2,Al,Healthy,Healthy,Healthy,Healthy
224,1b2,Al,Healthy,Healthy,Healthy,Healthy
224,1b2,Al,Healthy,Bronchiolitis,URTI,URTI
225,1b1,Pl,Healthy,Healthy,Healthy,Pneumonia
225,1b1,Pl,Healthy,Healthy,Healthy,Healthy
225,1b1,Pl,Healthy,Healthy,Healthy,Pneumonia
225,1b1,Pl,Healthy,Healthy,COPD,COPD
225,1b1,Pl,Healthy,Bronchiolitis,Bronchiolitis,Bronchiolitis
225,1b1,Pl,Healthy,Healthy,Healthy,Healthy
225,1b1,Pl,Healthy,Healthy,Healthy,Healthy
225,1b1,Pl,Healthy,Bronchiolitis,Healthy,Healthy
225,1b1,Pl,Healthy,Healthy,Healthy,Healthy
225,1b1,Pl,Healthy,Healthy,Pneumonia,COPD
225,1b1,Pl,Healthy,Healthy,Healthy,Healthy
225,1b1,Pl,Healthy,Healthy,COPD,COPD
225,1b1,Pl,Healthy,Healthy,Healthy,Healthy
225,1b1,Pl,Healthy,Pneumonia,COPD,COPD
