model,disease,precision,recall,f1_score,support
Logistic Regression,Asthma,0.0,0.0,0.0,0
Logistic Regression,Bronchiectasis,0.07936507936507936,0.35714285714285715,0.12987012987012986,14
Logistic Regression,Bronchiolitis,0.1276595744680851,0.20930232558139536,0.15859030837004406,86
Logistic Regression,COPD,0.9910287081339713,0.6878372768783728,0.8120558686596423,2409
Logistic Regression,Healthy,0.4766355140186916,0.2914285714285714,0.3617021276595745,175
Logistic Regression,LRTI,0.0,0.0,0.0,0
Logistic Regression,Pneumonia,0.0,0.0,0.0,0
Logistic Regression,URTI,0.19576719576719576,0.5138888888888888,0.2835249042145594,72
SVM,Asthma,0.0,0.0,0.0,0
SVM,Bronchiectasis,0.47619047619047616,0.7142857142857143,0.5714285714285714,14
SVM,Bronchiolitis,0.0963855421686747,0.09302325581395349,0.09467455621301775,86
SVM,COPD,0.9838112858464385,0.8829389788293898,0.9306497484139138,2409
SVM,Healthy,0.41843971631205673,0.33714285714285713,0.37341772151898733,175
SVM,LRTI,0.0,0.0,0.0,0
SVM,Pneumonia,0.0,0.0,0.0,0
SVM,URTI,0.10919540229885058,0.2638888888888889,0.15447154471544716,72
Random Forest,Asthma,0.0,0.0,0.0,0
Random Forest,Bronchiectasis,0.75,0.42857142857142855,0.5454545454545454,14
Random Forest,Bronchiolitis,0.5,0.011627906976744186,0.022727272727272728,86
Random Forest,COPD,0.9601328903654485,0.9597343295973433,0.9599335686111687,2409
Random Forest,Healthy,0.5416666666666666,0.37142857142857144,0.4406779661016949,175
Random Forest,LRTI,0.0,0.0,0.0,0
Random Forest,Pneumonia,0.0,0.0,0.0,0
Random Forest,URTI,0.21311475409836064,0.3611111111111111,0.26804123711340205,72
