feature,importance,feature_group
spectral_entropy,0.09452177747704942,Spectral
mfcc_11_mean,0.05764410625747615,MFCC
dominant_frequency,0.05530528301307863,Spectral
zero_crossing_rate,0.047576044384014145,Time Domain
spectral_rolloff,0.045094933018565576,Spectral
mfcc_12_mean,0.043183922187459735,MFCC
wavelet_entropy,0.04258164090076059,Wavelet
mfcc_13_mean,0.041805498524261984,MFCC
mfcc_2_mean,0.0410765333497917,MFCC
spectral_bandwidth,0.03869911334387805,Spectral
mfcc_5_mean,0.03838941835372481,MFCC
mfcc_4_mean,0.03815321957324009,MFCC
mfcc_1_mean,0.037634171349471224,MFCC
mfcc_8_mean,0.03511494449935473,MFCC
mfcc_6_mean,0.03267805124161311,MFCC
mfcc_3_mean,0.03146497839458164,MFCC
energy,0.030517623961590072,Time Domain
rms,0.024959209919057198,Time Domain
mfcc_9_mean,0.024443036115205468,MFCC
mfcc_7_mean,0.022390868776177963,MFCC
mfcc_10_mean,0.020576635626283604,MFCC
band_energy_500_1000,0.017515921045653252,Band Energy
band_energy_1000_1500,0.01689581240133161,Band Energy
kurtosis,0.01542850393090037,Time Domain
band_energy_0_500,0.014977656556372348,Band Energy
peak_to_peak,0.01441444817996847,Time Domain
mean,0.014040050012077438,Time Domain
skewness,0.013970326145523071,Time Domain
spectral_flatness,0.013234414600884578,Spectral
median,0.011649594444329843,Time Domain
band_energy_1500_2000,0.010584186313915764,Band Energy
min,0.008226905790862112,Time Domain
max,0.005251170311545209,Time Domain
