relative_path,extension,size_bytes,modified_utc,category
.vscode/settings.json,.json,194,2026-10-08T10:23:18.647855+00:00,other
README.md,.md,5323,2026-10-09T06:02:22.760436+00:00,report
data/interim/audio_info.csv,.csv,41622,2026-10-08T11:24:28.327778+00:00,tabular_data_or_results
data/interim/cycles.csv,.csv,983525,2026-10-08T11:40:59.480234+00:00,tabular_data_or_results
data/interim/cycles_validation.csv,.csv,372830,2026-10-08T11:21:48.460938+00:00,tabular_data_or_results
data/interim/filename_validation.csv,.csv,32218,2026-10-08T11:31:05.679322+00:00,tabular_data_or_results
data/interim/patients.csv,.csv,3343,2026-10-08T12:20:06.055088+00:00,tabular_data_or_results
data/interim/recordings.csv,.csv,111949,2026-10-08T12:39:06.729843+00:00,tabular_data_or_results
data/processed/analysis/crackle_feature_correlations.csv,.csv,1320,2026-10-08T17:22:12.259634+00:00,tabular_data_or_results
data/processed/analysis/crackle_feature_means.csv,.csv,2020,2026-10-08T17:22:12.258156+00:00,tabular_data_or_results
data/processed/analysis/disease_feature_means.csv,.csv,6592,2026-10-08T17:22:12.256132+00:00,tabular_data_or_results
data/processed/analysis/feature_coefficient_variation.csv,.csv,2798,2026-10-08T17:22:12.253337+00:00,tabular_data_or_results
data/processed/analysis/feature_statistics.csv,.csv,6116,2026-10-08T17:22:12.250932+00:00,tabular_data_or_results
data/processed/analysis/feature_variance.csv,.csv,1289,2026-10-08T17:22:12.252088+00:00,tabular_data_or_results
data/processed/analysis/high_correlation_pairs.csv,.csv,631,2026-10-08T17:22:12.254003+00:00,tabular_data_or_results
data/processed/analysis/sound_feature_means.csv,.csv,3553,2026-10-08T17:22:12.257197+00:00,tabular_data_or_results
data/processed/analysis/very_high_correlation_pairs.csv,.csv,631,2026-10-08T17:22:12.254763+00:00,tabular_data_or_results
data/processed/analysis/wheeze_feature_correlations.csv,.csv,1321,2026-10-08T17:22:12.260266+00:00,tabular_data_or_results
data/processed/analysis/wheeze_feature_means.csv,.csv,2029,2026-10-08T17:22:12.259014+00:00,tabular_data_or_results
data/processed/audio_info_clean.csv,.csv,41622,2026-10-08T13:44:14.975605+00:00,tabular_data_or_results
data/processed/classical_ml/classical_ml_model_comparison.csv,.csv,488,2026-10-08T18:26:27.336972+00:00,tabular_data_or_results
data/processed/classical_ml/classical_ml_per_disease_results.csv,.csv,1587,2026-10-08T18:26:27.337931+00:00,tabular_data_or_results
data/processed/classical_ml/classical_ml_performance_comparison.png,.png,90688,2026-10-08T21:12:08.574688+00:00,figure
data/processed/classical_ml/classical_ml_predictions.csv,.csv,94866,2026-10-08T18:26:27.346169+00:00,predictions
data/processed/classical_ml/classical_ml_selected_features.csv,.csv,438,2026-10-08T18:26:27.340034+00:00,tabular_data_or_results
data/processed/classical_ml/final_classical_ml_comparison.csv,.csv,481,2026-10-08T21:12:44.136238+00:00,tabular_data_or_results
data/processed/classical_ml/random_forest_feature_group_importance.csv,.csv,290,2026-10-08T18:26:27.339278+00:00,tabular_data_or_results
data/processed/classical_ml/random_forest_feature_importance.csv,.csv,1427,2026-10-08T18:26:27.338516+00:00,tabular_data_or_results
data/processed/cleaning_summary.csv,.csv,253,2026-10-08T13:44:14.976342+00:00,tabular_data_or_results
data/processed/cycles_clean.csv,.csv,983525,2026-10-08T13:44:14.973011+00:00,tabular_data_or_results
data/processed/deep_learning/accuracy_vs_balanced_accuracy.png,.png,104121,2026-10-08T21:12:31.144568+00:00,figure
data/processed/deep_learning/cnn_baseline/best_lightweight_mel_cnn.pt,.pt,310935,2026-10-08T19:26:08.337113+00:00,other
data/processed/deep_learning/cnn_baseline/cnn_architecture.json,.json,253,2026-10-08T19:15:01.968165+00:00,other
data/processed/deep_learning/cnn_baseline/cnn_baseline_experiment_summary.csv,.csv,500,2026-10-08T19:36:03.522880+00:00,tabular_data_or_results
data/processed/deep_learning/cnn_baseline/cnn_baseline_metrics.csv,.csv,309,2026-10-08T19:32:06.857034+00:00,evaluation
data/processed/deep_learning/cnn_baseline/cnn_patient_disjoint_manifest.csv,.csv,888179,2026-10-08T19:01:24.771103+00:00,tabular_data_or_results
data/processed/deep_learning/cnn_baseline/cnn_split_summary.csv,.csv,71,2026-10-08T19:01:31.567728+00:00,tabular_data_or_results
data/processed/deep_learning/cnn_baseline/cnn_test_predictions.csv,.csv,223653,2026-10-08T19:31:59.443138+00:00,predictions
data/processed/deep_learning/cnn_baseline/cnn_training_class_weights.csv,.csv,307,2026-10-08T19:13:21.979740+00:00,tabular_data_or_results
data/processed/deep_learning/cnn_baseline/cnn_training_config.json,.json,459,2026-10-08T19:16:36.967200+00:00,other
data/processed/deep_learning/cnn_baseline/cnn_training_history.csv,.csv,3380,2026-10-08T19:29:04.623816+00:00,training_history
data/processed/deep_learning/cnn_baseline/test_cnn_manifest.csv,.csv,198749,2026-10-08T19:01:10.677960+00:00,tabular_data_or_results
data/processed/deep_learning/cnn_baseline/train_cnn_manifest.csv,.csv,567285,2026-10-08T19:01:10.669119+00:00,tabular_data_or_results
data/processed/deep_learning/cnn_baseline/validation_cnn_manifest.csv,.csv,122343,2026-10-08T19:01:10.672879+00:00,tabular_data_or_results
data/processed/deep_learning/cnn_lstm/best_cnn_lstm.pt,.pt,373412,2026-10-08T20:37:00.610915+00:00,other
data/processed/deep_learning/cnn_lstm/cnn_lstm_confusion_matrix.csv,.csv,279,2026-10-08T20:42:18.819242+00:00,evaluation
data/processed/deep_learning/cnn_lstm/cnn_lstm_experiment_summary.json,.json,450,2026-10-08T20:43:27.728512+00:00,other
data/processed/deep_learning/cnn_lstm/cnn_lstm_metrics.csv,.csv,325,2026-10-08T20:42:11.352152+00:00,evaluation
data/processed/deep_learning/cnn_lstm/cnn_lstm_test_predictions.csv,.csv,210365,2026-10-08T20:42:18.828341+00:00,predictions
data/processed/deep_learning/cnn_lstm/cnn_lstm_training_class_weights.csv,.csv,200,2026-10-08T20:31:16.819396+00:00,tabular_data_or_results
data/processed/deep_learning/cnn_lstm/cnn_lstm_training_config.json,.json,682,2026-10-08T20:40:34.224676+00:00,other
data/processed/deep_learning/cnn_lstm/cnn_lstm_training_history.csv,.csv,1335,2026-10-08T20:40:23.756578+00:00,training_history
data/processed/deep_learning/cnn_lstm/cnn_model_comparison.csv,.csv,631,2026-10-08T20:43:17.023930+00:00,tabular_data_or_results
data/processed/deep_learning/deep_learning_manifest.csv,.csv,843772,2026-10-08T18:39:28.277193+00:00,tabular_data_or_results
data/processed/deep_learning/deep_learning_performance_comparison.png,.png,118060,2026-10-08T21:12:20.070890+00:00,figure
data/processed/deep_learning/disease_class_mapping.csv,.csv,109,2026-10-08T18:39:28.279013+00:00,tabular_data_or_results
data/processed/deep_learning/final_deep_learning_comparison.csv,.csv,372,2026-10-08T21:12:44.136907+00:00,tabular_data_or_results
data/processed/deep_learning/final_model_comparison_summary.json,.json,353,2026-10-08T21:13:25.803186+00:00,other
data/processed/deep_learning/logmel_test_errors.csv,.csv,23,2026-10-08T18:42:27.049356+00:00,tabular_data_or_results
data/processed/deep_learning/logmel_train_errors.csv,.csv,23,2026-10-08T18:42:27.046390+00:00,tabular_data_or_results
data/processed/deep_learning/logmel_train_normalization.csv,.csv,62,2026-10-08T18:44:14.736887+00:00,tabular_data_or_results
data/processed/deep_learning/multifeature_cnn/best_multifeature_cnn.pt,.pt,464538,2026-10-08T19:54:51.742430+00:00,other
data/processed/deep_learning/multifeature_cnn/cnn_baseline_vs_multifeature_comparison.csv,.csv,485,2026-10-08T20:07:09.938601+00:00,tabular_data_or_results
data/processed/deep_learning/multifeature_cnn/disease_level_cnn_comparison.csv,.csv,478,2026-10-08T20:07:33.012439+00:00,tabular_data_or_results
data/processed/deep_learning/multifeature_cnn/final_cnn_experiment_comparison.csv,.csv,576,2026-10-08T20:21:45.179351+00:00,tabular_data_or_results
data/processed/deep_learning/multifeature_cnn/multifeature_cnn_confusion_matrix.csv,.csv,275,2026-10-08T20:03:33.183996+00:00,evaluation
data/processed/deep_learning/multifeature_cnn/multifeature_cnn_metrics.csv,.csv,288,2026-10-08T20:03:33.183124+00:00,evaluation
data/processed/deep_learning/multifeature_cnn/multifeature_cnn_test_predictions.csv,.csv,167848,2026-10-08T20:03:42.323102+00:00,predictions
data/processed/deep_learning/multifeature_cnn/multifeature_cnn_training_config.json,.json,528,2026-10-08T19:52:14.705962+00:00,other
data/processed/deep_learning/multifeature_cnn/multifeature_cnn_training_history.csv,.csv,369,2026-10-08T20:05:56.195379+00:00,training_history
data/processed/deep_learning/multifeature_cnn/multifeature_train_normalization.csv,.csv,182,2026-10-08T19:44:32.971514+00:00,tabular_data_or_results
data/processed/deep_learning/multifeature_cnn/multifeature_training_class_weights.csv,.csv,245,2026-10-08T19:49:46.005239+00:00,tabular_data_or_results
data/processed/deep_learning/multifeature_cnn/notebook12_experiment_summary.json,.json,646,2026-10-08T20:22:21.845495+00:00,other
data/processed/deep_learning/multifeature_cnn_12b/best_regularized_multifeature_cnn.pt,.pt,465550,2026-10-08T20:14:25.281509+00:00,other
data/processed/deep_learning/multifeature_cnn_12b/confusion_matrix.csv,.csv,275,2026-10-08T20:21:00.434552+00:00,evaluation
data/processed/deep_learning/multifeature_cnn_12b/metrics.csv,.csv,306,2026-10-08T20:21:00.433905+00:00,evaluation
data/processed/deep_learning/multifeature_cnn_12b/test_predictions.csv,.csv,146993,2026-10-08T20:21:00.447859+00:00,predictions
data/processed/deep_learning/multifeature_cnn_12b/training_config.json,.json,600,2026-10-08T20:13:03.097763+00:00,other
data/processed/deep_learning/multifeature_cnn_12b/training_history.csv,.csv,837,2026-10-08T20:19:21.320398+00:00,training_history
data/processed/deep_learning/patient_level_prediction/final_patient_level_comparison.csv,.csv,290,2026-10-08T21:12:44.137468+00:00,predictions
data/processed/deep_learning/patient_level_prediction/majority_vote_confusion_matrix.csv,.csv,268,2026-10-08T20:56:52.147722+00:00,predictions
data/processed/deep_learning/patient_level_prediction/mean_probability_confusion_matrix.csv,.csv,268,2026-10-08T20:56:52.148909+00:00,predictions
data/processed/deep_learning/patient_level_prediction/patient_aggregation_comparison.csv,.csv,294,2026-10-08T20:56:32.242794+00:00,predictions
data/processed/deep_learning/patient_level_prediction/patient_level_experiment_summary.json,.json,380,2026-10-08T20:57:00.155326+00:00,predictions
data/processed/deep_learning/patient_level_prediction/patient_majority_predictions.csv,.csv,607,2026-10-08T20:56:39.035485+00:00,predictions
data/processed/deep_learning/patient_level_prediction/patient_probability_predictions.csv,.csv,3044,2026-10-08T20:56:44.869284+00:00,predictions
data/processed/deep_learning/test_manifest.csv,.csv,335004,2026-10-08T18:40:42.855242+00:00,tabular_data_or_results
data/processed/deep_learning/train_manifest.csv,.csv,508857,2026-10-08T18:40:42.844948+00:00,tabular_data_or_results
data/processed/deep_learning/xai/gradcam_bronchiectasis.png,.png,80227,2026-10-08T21:03:13.839076+00:00,figure
data/processed/deep_learning/xai/gradcam_bronchiolitis.png,.png,80351,2026-10-08T21:03:14.347364+00:00,figure
data/processed/deep_learning/xai/gradcam_copd.png,.png,73031,2026-10-08T21:03:14.848450+00:00,figure
data/processed/deep_learning/xai/gradcam_example.png,.png,77643,2026-10-08T21:01:43.069253+00:00,figure
data/processed/deep_learning/xai/gradcam_example_metadata.json,.json,377,2026-10-08T21:02:10.546691+00:00,other
data/processed/deep_learning/xai/gradcam_healthy.png,.png,64875,2026-10-08T21:03:15.355727+00:00,figure
data/processed/deep_learning/xai/gradcam_pneumonia.png,.png,84553,2026-10-08T21:03:15.930568+00:00,figure
data/processed/deep_learning/xai/gradcam_urti.png,.png,70601,2026-10-08T21:03:16.445521+00:00,figure
data/processed/deep_learning/xai/multi_class_xai_summary.csv,.csv,1074,2026-10-08T21:03:24.706665+00:00,tabular_data_or_results
data/processed/eda/disease_distribution.csv,.csv,104,2026-10-08T14:00:38.714765+00:00,tabular_data_or_results
data/processed/eda/disease_sound_counts.csv,.csv,200,2026-10-08T14:00:38.716209+00:00,tabular_data_or_results
data/processed/eda/disease_sound_percent.csv,.csv,273,2026-10-08T14:00:38.716832+00:00,tabular_data_or_results
data/processed/eda/patient_audio_summary.csv,.csv,2076,2026-10-08T14:00:38.718598+00:00,tabular_data_or_results
data/processed/eda/patient_sound_by_disease.csv,.csv,277,2026-10-08T14:00:38.717663+00:00,tabular_data_or_results
data/processed/eda/sound_distribution.csv,.csv,65,2026-10-08T14:00:38.715618+00:00,tabular_data_or_results
data/processed/feature_selection/anova_feature_scores.csv,.csv,2125,2026-10-08T17:37:34.392550+00:00,tabular_data_or_results
data/processed/feature_selection/feature_selection_ranking.csv,.csv,7948,2026-10-08T17:37:34.391808+00:00,tabular_data_or_results
data/processed/feature_selection/final_feature_selection_ranking.csv,.csv,6734,2026-10-08T17:39:03.873310+00:00,tabular_data_or_results
data/processed/feature_selection/mutual_information_scores.csv,.csv,1316,2026-10-08T17:37:34.393040+00:00,tabular_data_or_results
data/processed/feature_selection/random_forest_feature_importance.csv,.csv,1331,2026-10-08T17:37:34.393479+00:00,tabular_data_or_results
data/processed/feature_selection/selected_features.csv,.csv,438,2026-10-08T17:40:53.015867+00:00,tabular_data_or_results
data/processed/features/feature_extraction_errors.csv,.csv,1,2026-10-08T17:01:18.718441+00:00,tabular_data_or_results
data/processed/features/respiratory_cycle_features.csv,.csv,5608187,2026-10-08T17:01:18.716984+00:00,tabular_data_or_results
data/processed/patients_clean.csv,.csv,3343,2026-10-08T13:44:14.941309+00:00,tabular_data_or_results
data/processed/pca_clustering/kmeans_cluster_analysis.csv,.csv,389,2026-10-08T17:58:02.029386+00:00,tabular_data_or_results
data/processed/pca_clustering/pca_explained_variance.csv,.csv,1428,2026-10-08T17:58:02.028567+00:00,tabular_data_or_results
data/processed/processed_cycles.csv,.csv,1234539,2026-10-08T14:31:13.767732+00:00,tabular_data_or_results
data/processed/processing_errors.csv,.csv,1,2026-10-08T14:31:13.768534+00:00,tabular_data_or_results
data/processed/recordings_clean.csv,.csv,111949,2026-10-08T13:44:14.945755+00:00,tabular_data_or_results
data/raw/ICBHI/101_1b1_Al_sc_Meditron.txt,.txt,199,2017-11-30T07:51:02+00:00,other
data/raw/ICBHI/101_1b1_Pr_sc_Meditron.txt,.txt,185,2017-11-30T07:51:04+00:00,other
data/raw/ICBHI/102_1b1_Ar_sc_Meditron.txt,.txt,221,2017-11-30T07:51:04+00:00,other
data/raw/ICBHI/103_2b2_Ar_mc_LittC2SE.txt,.txt,99,2017-11-30T07:51:06+00:00,other
data/raw/ICBHI/104_1b1_Al_sc_Litt3200.txt,.txt,103,2017-11-30T07:51:08+00:00,other
data/raw/ICBHI/104_1b1_Ar_sc_Litt3200.txt,.txt,249,2017-11-30T07:51:10+00:00,other
data/raw/ICBHI/104_1b1_Ll_sc_Litt3200.txt,.txt,126,2017-11-30T07:51:12+00:00,other
data/raw/ICBHI/104_1b1_Lr_sc_Litt3200.txt,.txt,91,2017-11-30T07:51:12+00:00,other
data/raw/ICBHI/104_1b1_Pl_sc_Litt3200.txt,.txt,224,2017-11-30T07:51:14+00:00,other
data/raw/ICBHI/104_1b1_Pr_sc_Litt3200.txt,.txt,180,2017-11-30T07:51:16+00:00,other
data/raw/ICBHI/105_1b1_Tc_sc_Meditron.txt,.txt,137,2017-11-30T07:51:18+00:00,other
data/raw/ICBHI/106_2b1_Pl_mc_LittC2SE.txt,.txt,153,2017-11-30T07:51:18+00:00,other
data/raw/ICBHI/106_2b1_Pr_mc_LittC2SE.txt,.txt,153,2017-11-30T07:51:20+00:00,other
data/raw/ICBHI/107_2b3_Al_mc_AKGC417L.txt,.txt,135,2017-11-30T07:51:22+00:00,other
data/raw/ICBHI/107_2b3_Ar_mc_AKGC417L.txt,.txt,135,2017-11-30T07:51:24+00:00,other
data/raw/ICBHI/107_2b3_Ll_mc_AKGC417L.txt,.txt,135,2017-11-30T07:51:24+00:00,other
data/raw/ICBHI/107_2b3_Lr_mc_AKGC417L.txt,.txt,135,2017-11-30T07:51:26+00:00,other
data/raw/ICBHI/107_2b3_Pl_mc_AKGC417L.txt,.txt,135,2017-11-30T07:51:28+00:00,other
data/raw/ICBHI/107_2b3_Pr_mc_AKGC417L.txt,.txt,135,2017-11-30T07:51:30+00:00,other
data/raw/ICBHI/107_2b3_Tc_mc_AKGC417L.txt,.txt,135,2017-11-30T07:51:32+00:00,other
data/raw/ICBHI/107_2b4_Al_mc_AKGC417L.txt,.txt,137,2017-11-30T07:51:32+00:00,other
data/raw/ICBHI/107_2b4_Ar_mc_AKGC417L.txt,.txt,137,2017-11-30T07:51:34+00:00,other
data/raw/ICBHI/107_2b4_Ll_mc_AKGC417L.txt,.txt,137,2017-11-30T07:51:36+00:00,other
data/raw/ICBHI/107_2b4_Lr_mc_AKGC417L.txt,.txt,137,2017-11-30T07:51:36+00:00,other
data/raw/ICBHI/107_2b4_Pl_mc_AKGC417L.txt,.txt,137,2017-11-30T07:51:38+00:00,other
data/raw/ICBHI/107_2b4_Pr_mc_AKGC417L.txt,.txt,137,2017-11-30T07:51:40+00:00,other
data/raw/ICBHI/107_2b4_Tc_mc_AKGC417L.txt,.txt,137,2017-11-30T07:51:42+00:00,other
data/raw/ICBHI/107_2b5_Al_mc_AKGC417L.txt,.txt,133,2017-11-30T07:51:42+00:00,other
data/raw/ICBHI/107_2b5_Ar_mc_AKGC417L.txt,.txt,133,2017-11-30T07:51:44+00:00,other
data/raw/ICBHI/107_2b5_Ll_mc_AKGC417L.txt,.txt,133,2017-11-30T07:51:46+00:00,other
data/raw/ICBHI/107_2b5_Lr_mc_AKGC417L.txt,.txt,133,2017-11-30T07:51:48+00:00,other
data/raw/ICBHI/107_2b5_Pl_mc_AKGC417L.txt,.txt,133,2017-11-30T07:51:48+00:00,other
data/raw/ICBHI/107_2b5_Pr_mc_AKGC417L.txt,.txt,133,2017-11-30T07:51:50+00:00,other
data/raw/ICBHI/107_2b5_Tc_mc_AKGC417L.txt,.txt,133,2017-11-30T07:51:52+00:00,other
data/raw/ICBHI/107_3p2_Al_mc_AKGC417L.txt,.txt,153,2017-11-30T07:51:54+00:00,other
data/raw/ICBHI/107_3p2_Ar_mc_AKGC417L.txt,.txt,153,2017-11-30T07:51:54+00:00,other
data/raw/ICBHI/107_3p2_Ll_mc_AKGC417L.txt,.txt,153,2017-11-30T07:51:56+00:00,other
data/raw/ICBHI/107_3p2_Lr_mc_AKGC417L.txt,.txt,153,2017-11-30T07:51:58+00:00,other
data/raw/ICBHI/107_3p2_Pl_mc_AKGC417L.txt,.txt,153,2017-11-30T07:52:00+00:00,other
data/raw/ICBHI/107_3p2_Pr_mc_AKGC417L.txt,.txt,153,2017-11-30T07:52:02+00:00,other
data/raw/ICBHI/107_3p2_Tc_mc_AKGC417L.txt,.txt,153,2017-11-30T07:52:04+00:00,other
data/raw/ICBHI/108_1b1_Al_sc_Meditron.txt,.txt,137,2017-11-30T07:52:04+00:00,other
data/raw/ICBHI/109_1b1_Al_sc_Litt3200.txt,.txt,155,2017-11-30T07:52:06+00:00,other
data/raw/ICBHI/109_1b1_Ar_sc_Litt3200.txt,.txt,173,2017-11-30T07:52:08+00:00,other
data/raw/ICBHI/109_1b1_Ll_sc_Litt3200.txt,.txt,139,2017-11-30T07:52:08+00:00,other
data/raw/ICBHI/109_1b1_Lr_sc_Litt3200.txt,.txt,143,2017-11-30T07:52:10+00:00,other
data/raw/ICBHI/109_1b1_Pl_sc_Litt3200.txt,.txt,153,2017-11-30T07:52:12+00:00,other
data/raw/ICBHI/109_1b1_Pr_sc_Litt3200.txt,.txt,291,2017-11-30T07:52:14+00:00,other
data/raw/ICBHI/110_1b1_Pr_sc_Meditron.txt,.txt,267,2017-11-30T07:52:16+00:00,other
data/raw/ICBHI/110_1p1_Al_sc_Meditron.txt,.txt,122,2017-11-30T07:52:16+00:00,other
data/raw/ICBHI/110_1p1_Ll_sc_Meditron.txt,.txt,122,2017-11-30T07:52:18+00:00,other
data/raw/ICBHI/110_1p1_Lr_sc_Meditron.txt,.txt,122,2017-11-30T07:52:20+00:00,other
data/raw/ICBHI/110_1p1_Pr_sc_Meditron.txt,.txt,288,2017-11-30T07:52:22+00:00,other
data/raw/ICBHI/111_1b2_Tc_sc_Meditron.txt,.txt,135,2017-11-30T07:52:24+00:00,other
data/raw/ICBHI/111_1b3_Tc_sc_Meditron.txt,.txt,149,2017-11-30T07:52:26+00:00,other
data/raw/ICBHI/112_1b1_Ar_sc_Meditron.txt,.txt,304,2017-11-30T07:52:28+00:00,other
data/raw/ICBHI/112_1b1_Lr_sc_Meditron.txt,.txt,214,2017-11-30T07:52:30+00:00,other
data/raw/ICBHI/112_1p1_Ll_sc_Litt3200.txt,.txt,174,2017-11-30T07:52:30+00:00,other
data/raw/ICBHI/112_1p1_Pl_sc_Litt3200.txt,.txt,158,2017-11-30T07:52:32+00:00,other
data/raw/ICBHI/112_1p1_Pr_sc_Litt3200.txt,.txt,156,2017-11-30T07:52:34+00:00,other
data/raw/ICBHI/113_1b1_Al_sc_Litt3200.txt,.txt,126,2017-11-30T07:52:36+00:00,other
data/raw/ICBHI/113_1b1_Ar_sc_Litt3200.txt,.txt,142,2017-11-30T07:52:36+00:00,other
data/raw/ICBHI/113_1b1_Ll_sc_Litt3200.txt,.txt,197,2017-11-30T07:52:38+00:00,other
data/raw/ICBHI/113_1b1_Lr_sc_Litt3200.txt,.txt,121,2017-11-30T07:52:40+00:00,other
data/raw/ICBHI/113_1b1_Pl_sc_Litt3200.txt,.txt,143,2017-11-30T07:52:42+00:00,other
data/raw/ICBHI/113_1b1_Pr_sc_Litt3200.txt,.txt,162,2017-11-30T07:52:44+00:00,other
data/raw/ICBHI/114_1b4_Al_mc_AKGC417L.txt,.txt,119,2017-11-30T07:52:44+00:00,other
data/raw/ICBHI/114_1b4_Ar_mc_AKGC417L.txt,.txt,119,2017-11-30T07:52:46+00:00,other
data/raw/ICBHI/114_1b4_Lr_mc_AKGC417L.txt,.txt,119,2017-11-30T07:52:48+00:00,other
data/raw/ICBHI/114_1b4_Pl_mc_AKGC417L.txt,.txt,119,2017-11-30T07:52:50+00:00,other
data/raw/ICBHI/114_1b4_Pr_mc_AKGC417L.txt,.txt,119,2017-11-30T07:52:50+00:00,other
data/raw/ICBHI/115_1b1_Ar_sc_Meditron.txt,.txt,405,2017-11-30T07:52:52+00:00,other
data/raw/ICBHI/116_1b2_Pl_sc_Meditron.txt,.txt,66,2017-11-30T07:52:54+00:00,other
data/raw/ICBHI/116_1b2_Tc_sc_Meditron.txt,.txt,69,2017-11-30T07:52:56+00:00,other
data/raw/ICBHI/117_1b2_Tc_mc_LittC2SE.txt,.txt,117,2017-11-30T07:52:58+00:00,other
data/raw/ICBHI/117_1b3_Tc_mc_LittC2SE.txt,.txt,85,2017-11-30T07:52:58+00:00,other
data/raw/ICBHI/118_1b1_Al_sc_Litt3200.txt,.txt,157,2017-11-30T07:53:00+00:00,other
data/raw/ICBHI/118_1b1_Ar_sc_Litt3200.txt,.txt,163,2017-11-30T07:53:02+00:00,other
data/raw/ICBHI/118_1b1_Ll_sc_Litt3200.txt,.txt,90,2017-11-30T07:53:04+00:00,other
data/raw/ICBHI/118_1b1_Lr_sc_Litt3200.txt,.txt,122,2017-11-30T07:53:06+00:00,other
data/raw/ICBHI/118_1b1_Pl_sc_Litt3200.txt,.txt,85,2017-11-30T07:53:08+00:00,other
data/raw/ICBHI/118_1b1_Pr_sc_Litt3200.txt,.txt,85,2017-11-30T07:53:10+00:00,other
data/raw/ICBHI/119_1b1_Ar_sc_Meditron.txt,.txt,151,2017-11-30T07:53:10+00:00,other
data/raw/ICBHI/120_1b1_Al_sc_Meditron.txt,.txt,340,2017-11-30T07:53:12+00:00,other
data/raw/ICBHI/120_1b1_Ar_sc_Meditron.txt,.txt,352,2017-11-30T07:53:14+00:00,other
data/raw/ICBHI/120_1b1_Lr_sc_Meditron.txt,.txt,580,2017-11-30T07:53:16+00:00,other
data/raw/ICBHI/120_1b1_Pl_sc_Meditron.txt,.txt,536,2017-11-30T07:53:16+00:00,other
data/raw/ICBHI/120_1b1_Pr_sc_Meditron.txt,.txt,367,2017-11-30T07:53:18+00:00,other
data/raw/ICBHI/121_1b1_Tc_sc_Meditron.txt,.txt,103,2017-11-30T07:53:20+00:00,other
data/raw/ICBHI/121_1p1_Tc_sc_Meditron.txt,.txt,132,2017-11-30T07:53:22+00:00,other
data/raw/ICBHI/122_2b1_Al_mc_LittC2SE.txt,.txt,103,2017-11-30T07:53:22+00:00,other
data/raw/ICBHI/122_2b1_Ar_mc_LittC2SE.txt,.txt,99,2017-11-30T07:53:24+00:00,other
data/raw/ICBHI/122_2b1_Tc_mc_LittC2SE.txt,.txt,103,2017-11-30T07:53:26+00:00,other
data/raw/ICBHI/122_2b2_Al_mc_LittC2SE.txt,.txt,96,2017-11-30T07:53:28+00:00,other
data/raw/ICBHI/122_2b2_Ar_mc_LittC2SE.txt,.txt,115,2017-11-30T07:53:28+00:00,other
data/raw/ICBHI/122_2b2_Tc_mc_LittC2SE.txt,.txt,100,2017-11-30T07:53:30+00:00,other
data/raw/ICBHI/122_2b3_Al_mc_LittC2SE.txt,.txt,81,2017-11-30T07:53:32+00:00,other
data/raw/ICBHI/122_2b3_Ar_mc_LittC2SE.txt,.txt,84,2017-11-30T07:53:34+00:00,other
data/raw/ICBHI/122_2b3_Tc_mc_LittC2SE.txt,.txt,83,2017-11-30T07:53:36+00:00,other
data/raw/ICBHI/123_1b1_Al_sc_Meditron.txt,.txt,134,2017-11-30T07:53:36+00:00,other
data/raw/ICBHI/124_1b1_Al_sc_Litt3200.txt,.txt,139,2017-11-30T07:53:38+00:00,other
data/raw/ICBHI/124_1b1_Ar_sc_Litt3200.txt,.txt,125,2017-11-30T07:53:40+00:00,other
data/raw/ICBHI/124_1b1_Ll_sc_Litt3200.txt,.txt,178,2017-11-30T07:53:42+00:00,other
data/raw/ICBHI/124_1b1_Lr_sc_Litt3200.txt,.txt,178,2017-11-30T07:53:42+00:00,other
data/raw/ICBHI/124_1b1_Pl_sc_Litt3200.txt,.txt,118,2017-11-30T07:53:44+00:00,other
data/raw/ICBHI/124_1b1_Pr_sc_Litt3200.txt,.txt,104,2017-11-30T07:53:46+00:00,other
data/raw/ICBHI/125_1b1_Tc_sc_Meditron.txt,.txt,100,2017-11-30T07:53:46+00:00,other
data/raw/ICBHI/126_1b1_Al_sc_Meditron.txt,.txt,179,2017-11-30T07:53:48+00:00,other
data/raw/ICBHI/127_1b1_Ar_sc_Meditron.txt,.txt,170,2017-11-30T07:53:50+00:00,other
data/raw/ICBHI/128_1b3_Tc_mc_LittC2SE.txt,.txt,81,2017-11-30T07:53:50+00:00,other
data/raw/ICBHI/129_1b1_Ar_sc_Meditron.txt,.txt,153,2017-11-30T07:53:52+00:00,other
data/raw/ICBHI/130_1p2_Al_mc_AKGC417L.txt,.txt,115,2017-11-30T07:53:54+00:00,other
data/raw/ICBHI/130_1p2_Ar_mc_AKGC417L.txt,.txt,115,2017-11-30T07:53:56+00:00,other
data/raw/ICBHI/130_1p2_Ll_mc_AKGC417L.txt,.txt,115,2017-11-30T07:54:00+00:00,other
data/raw/ICBHI/130_1p2_Lr_mc_AKGC417L.txt,.txt,115,2017-11-30T07:54:02+00:00,other
data/raw/ICBHI/130_1p2_Pl_mc_AKGC417L.txt,.txt,115,2017-11-30T07:54:02+00:00,other
data/raw/ICBHI/130_1p2_Pr_mc_AKGC417L.txt,.txt,115,2017-11-30T07:54:04+00:00,other
data/raw/ICBHI/130_1p2_Tc_mc_AKGC417L.txt,.txt,115,2017-11-30T07:54:08+00:00,other
data/raw/ICBHI/130_1p3_Al_mc_AKGC417L.txt,.txt,103,2017-11-30T07:54:10+00:00,other
data/raw/ICBHI/130_1p3_Ar_mc_AKGC417L.txt,.txt,103,2017-11-30T07:54:12+00:00,other
data/raw/ICBHI/130_1p3_Ll_mc_AKGC417L.txt,.txt,103,2017-11-30T07:54:12+00:00,other
data/raw/ICBHI/130_1p3_Lr_mc_AKGC417L.txt,.txt,103,2017-11-30T07:54:14+00:00,other
data/raw/ICBHI/130_1p3_Pl_mc_AKGC417L.txt,.txt,103,2017-11-30T07:54:16+00:00,other
data/raw/ICBHI/130_1p3_Pr_mc_AKGC417L.txt,.txt,103,2017-11-30T07:54:18+00:00,other
data/raw/ICBHI/130_1p3_Tc_mc_AKGC417L.txt,.txt,103,2017-11-30T07:54:20+00:00,other
data/raw/ICBHI/130_1p4_Al_mc_AKGC417L.txt,.txt,119,2017-11-30T07:54:20+00:00,other
data/raw/ICBHI/130_1p4_Ar_mc_AKGC417L.txt,.txt,119,2017-11-30T07:54:22+00:00,other
data/raw/ICBHI/130_1p4_Ll_mc_AKGC417L.txt,.txt,119,2017-11-30T07:54:24+00:00,other
data/raw/ICBHI/130_1p4_Lr_mc_AKGC417L.txt,.txt,119,2017-11-30T07:54:26+00:00,other
data/raw/ICBHI/130_1p4_Pl_mc_AKGC417L.txt,.txt,119,2017-11-30T07:54:26+00:00,other
data/raw/ICBHI/130_1p4_Pr_mc_AKGC417L.txt,.txt,119,2017-11-30T07:54:28+00:00,other
data/raw/ICBHI/130_1p4_Tc_mc_AKGC417L.txt,.txt,135,2017-11-30T07:54:30+00:00,other
data/raw/ICBHI/130_2b2_Al_mc_AKGC417L.txt,.txt,137,2017-11-30T07:54:32+00:00,other
data/raw/ICBHI/130_2b2_Ar_mc_AKGC417L.txt,.txt,137,2017-11-30T07:54:32+00:00,other
data/raw/ICBHI/130_2b2_Ll_mc_AKGC417L.txt,.txt,137,2017-11-30T07:54:34+00:00,other
data/raw/ICBHI/130_2b2_Lr_mc_AKGC417L.txt,.txt,137,2017-11-30T07:54:36+00:00,other
data/raw/ICBHI/130_2b2_Pl_mc_AKGC417L.txt,.txt,137,2017-11-30T07:54:36+00:00,other
data/raw/ICBHI/130_2b2_Pr_mc_AKGC417L.txt,.txt,137,2017-11-30T07:54:38+00:00,other
data/raw/ICBHI/130_2b2_Tc_mc_AKGC417L.txt,.txt,137,2017-11-30T07:54:40+00:00,other
data/raw/ICBHI/130_2b3_Al_mc_AKGC417L.txt,.txt,153,2017-11-30T07:54:42+00:00,other
data/raw/ICBHI/130_2b3_Ar_mc_AKGC417L.txt,.txt,153,2017-11-30T07:54:44+00:00,other
data/raw/ICBHI/130_2b3_Ll_mc_AKGC417L.txt,.txt,153,2017-11-30T07:54:48+00:00,other
data/raw/ICBHI/130_2b3_Lr_mc_AKGC417L.txt,.txt,153,2017-11-30T07:54:48+00:00,other
data/raw/ICBHI/130_2b3_Pl_mc_AKGC417L.txt,.txt,153,2017-11-30T07:54:52+00:00,other
data/raw/ICBHI/130_2b3_Pr_mc_AKGC417L.txt,.txt,153,2017-11-30T07:54:54+00:00,other
data/raw/ICBHI/130_2b3_Tc_mc_AKGC417L.txt,.txt,153,2017-11-30T07:54:56+00:00,other
data/raw/ICBHI/130_2b4_Al_mc_AKGC417L.txt,.txt,153,2017-11-30T07:54:56+00:00,other
data/raw/ICBHI/130_2b4_Ar_mc_AKGC417L.txt,.txt,153,2017-11-30T07:54:58+00:00,other
data/raw/ICBHI/130_2b4_Ll_mc_AKGC417L.txt,.txt,153,2017-11-30T07:55:02+00:00,other
data/raw/ICBHI/130_2b4_Lr_mc_AKGC417L.txt,.txt,153,2017-11-30T07:55:04+00:00,other
data/raw/ICBHI/130_2b4_Pl_mc_AKGC417L.txt,.txt,153,2017-11-30T07:55:06+00:00,other
data/raw/ICBHI/130_2p3_Pl_mc_AKGC417L.txt,.txt,166,2017-11-30T07:55:08+00:00,other
data/raw/ICBHI/130_2p5_Al_mc_AKGC417L.txt,.txt,183,2017-11-30T07:55:10+00:00,other
data/raw/ICBHI/130_2p5_Ar_mc_AKGC417L.txt,.txt,183,2017-11-30T07:55:12+00:00,other
data/raw/ICBHI/130_2p5_Lr_mc_AKGC417L.txt,.txt,183,2017-11-30T07:55:14+00:00,other
data/raw/ICBHI/130_2p5_Pl_mc_AKGC417L.txt,.txt,183,2017-11-30T07:55:16+00:00,other
data/raw/ICBHI/130_2p5_Pr_mc_AKGC417L.txt,.txt,183,2017-11-30T07:55:20+00:00,other
data/raw/ICBHI/130_2p5_Tc_mc_AKGC417L.txt,.txt,183,2017-11-30T07:55:22+00:00,other
data/raw/ICBHI/130_3b3_Ll_mc_AKGC417L.txt,.txt,101,2017-11-30T07:55:24+00:00,other
data/raw/ICBHI/130_3b4_Al_mc_AKGC417L.txt,.txt,85,2017-11-30T07:55:26+00:00,other
data/raw/ICBHI/130_3b4_Ar_mc_AKGC417L.txt,.txt,85,2017-11-30T07:55:28+00:00,other
data/raw/ICBHI/130_3b4_Lr_mc_AKGC417L.txt,.txt,85,2017-11-30T07:55:30+00:00,other
data/raw/ICBHI/130_3b4_Pl_mc_AKGC417L.txt,.txt,85,2017-11-30T07:55:32+00:00,other
data/raw/ICBHI/130_3b4_Pr_mc_AKGC417L.txt,.txt,85,2017-11-30T07:55:34+00:00,other
data/raw/ICBHI/130_3p2_Al_mc_AKGC417L.txt,.txt,119,2017-11-30T07:55:36+00:00,other
data/raw/ICBHI/130_3p2_Ar_mc_AKGC417L.txt,.txt,119,2017-11-30T07:55:38+00:00,other
data/raw/ICBHI/130_3p2_Pl_mc_AKGC417L.txt,.txt,119,2017-11-30T07:55:40+00:00,other
data/raw/ICBHI/130_3p2_Pr_mc_AKGC417L.txt,.txt,119,2017-11-30T07:55:42+00:00,other
data/raw/ICBHI/130_3p2_Tc_mc_AKGC417L.txt,.txt,119,2017-11-30T07:55:44+00:00,other
data/raw/ICBHI/130_3p3_Al_mc_AKGC417L.txt,.txt,117,2017-11-30T07:55:46+00:00,other
data/raw/ICBHI/130_3p3_Pl_mc_AKGC417L.txt,.txt,117,2017-11-30T07:55:48+00:00,other
data/raw/ICBHI/130_3p3_Pr_mc_AKGC417L.txt,.txt,117,2017-11-30T07:55:50+00:00,other
data/raw/ICBHI/130_3p3_Tc_mc_AKGC417L.txt,.txt,117,2017-11-30T07:55:52+00:00,other
data/raw/ICBHI/130_3p4_Al_mc_AKGC417L.txt,.txt,135,2017-11-30T07:55:54+00:00,other
data/raw/ICBHI/130_3p4_Pl_mc_AKGC417L.txt,.txt,135,2017-11-30T07:55:56+00:00,other
data/raw/ICBHI/130_3p4_Pr_mc_AKGC417L.txt,.txt,135,2017-11-30T07:55:58+00:00,other
data/raw/ICBHI/130_3p4_Tc_mc_AKGC417L.txt,.txt,135,2017-11-30T07:56:00+00:00,other
data/raw/ICBHI/131_1b1_Al_sc_Meditron.txt,.txt,185,2017-11-30T07:56:02+00:00,other
data/raw/ICBHI/132_2b1_Lr_mc_LittC2SE.txt,.txt,148,2017-11-30T07:56:04+00:00,other
data/raw/ICBHI/132_2b2_Lr_mc_LittC2SE.txt,.txt,169,2017-11-30T07:56:06+00:00,other
data/raw/ICBHI/133_2p2_Al_mc_AKGC417L.txt,.txt,153,2017-11-30T07:56:08+00:00,other
data/raw/ICBHI/133_2p2_Ar_mc_AKGC417L.txt,.txt,153,2017-11-30T07:56:10+00:00,other
data/raw/ICBHI/133_2p2_Pl_mc_AKGC417L.txt,.txt,153,2017-11-30T07:56:12+00:00,other
data/raw/ICBHI/133_2p2_Tc_mc_AKGC417L.txt,.txt,153,2017-11-30T07:56:14+00:00,other
data/raw/ICBHI/133_2p3_Al_mc_AKGC417L.txt,.txt,135,2017-11-30T07:56:16+00:00,other
data/raw/ICBHI/133_2p3_Ar_mc_AKGC417L.txt,.txt,135,2017-11-30T07:56:18+00:00,other
data/raw/ICBHI/133_2p3_Pl_mc_AKGC417L.txt,.txt,135,2017-11-30T07:56:20+00:00,other
data/raw/ICBHI/133_2p3_Pr_mc_AKGC417L.txt,.txt,135,2017-11-30T07:56:22+00:00,other
data/raw/ICBHI/133_2p3_Tc_mc_AKGC417L.txt,.txt,135,2017-11-30T07:56:24+00:00,other
data/raw/ICBHI/133_2p4_Al_mc_AKGC417L.txt,.txt,132,2017-11-30T07:56:26+00:00,other
data/raw/ICBHI/133_2p4_Ar_mc_AKGC417L.txt,.txt,132,2017-11-30T07:56:28+00:00,other
data/raw/ICBHI/133_2p4_Pl_mc_AKGC417L.txt,.txt,132,2017-11-30T07:56:28+00:00,other
data/raw/ICBHI/133_2p4_Pr_mc_AKGC417L.txt,.txt,132,2017-11-30T07:56:30+00:00,other
data/raw/ICBHI/133_2p4_Tc_mc_AKGC417L.txt,.txt,132,2017-11-30T07:56:34+00:00,other
data/raw/ICBHI/133_3p2_Al_mc_AKGC417L.txt,.txt,135,2017-11-30T07:56:36+00:00,other
data/raw/ICBHI/133_3p2_Ar_mc_AKGC417L.txt,.txt,135,2017-11-30T07:56:36+00:00,other
data/raw/ICBHI/133_3p2_Pl_mc_AKGC417L.txt,.txt,135,2017-11-30T07:56:38+00:00,other
data/raw/ICBHI/133_3p2_Pr_mc_AKGC417L.txt,.txt,135,2017-11-30T07:56:40+00:00,other
data/raw/ICBHI/133_3p4_Tc_mc_AKGC417L.txt,.txt,135,2017-11-30T07:56:42+00:00,other
data/raw/ICBHI/134_2b1_Al_mc_LittC2SE.txt,.txt,82,2017-11-30T07:56:42+00:00,other
data/raw/ICBHI/134_2b1_Ar_mc_LittC2SE.txt,.txt,83,2017-11-30T07:56:44+00:00,other
data/raw/ICBHI/134_2b2_Al_mc_LittC2SE.txt,.txt,119,2017-11-30T07:56:46+00:00,other
data/raw/ICBHI/134_2b2_Ar_mc_LittC2SE.txt,.txt,114,2017-11-30T07:56:48+00:00,other
data/raw/ICBHI/134_2b3_Ar_mc_LittC2SE.txt,.txt,100,2017-11-30T07:56:48+00:00,other
data/raw/ICBHI/135_2b1_Al_mc_LittC2SE.txt,.txt,148,2017-11-30T07:56:50+00:00,other
data/raw/ICBHI/135_2b1_Ar_mc_LittC2SE.txt,.txt,150,2017-11-30T07:56:52+00:00,other
data/raw/ICBHI/135_2b1_Pl_mc_LittC2SE.txt,.txt,152,2017-11-30T07:56:54+00:00,other
data/raw/ICBHI/135_2b1_Tc_mc_LittC2SE.txt,.txt,147,2017-11-30T07:56:54+00:00,other
data/raw/ICBHI/135_2b2_Al_mc_LittC2SE.txt,.txt,135,2017-11-30T07:56:56+00:00,other
data/raw/ICBHI/135_2b2_Ar_mc_LittC2SE.txt,.txt,135,2017-11-30T07:56:58+00:00,other
data/raw/ICBHI/135_2b2_Pl_mc_LittC2SE.txt,.txt,116,2017-11-30T07:57:02+00:00,other
data/raw/ICBHI/135_2b2_Tc_mc_LittC2SE.txt,.txt,134,2017-11-30T07:57:04+00:00,other
data/raw/ICBHI/135_2b3_Al_mc_LittC2SE.txt,.txt,153,2017-11-30T07:57:08+00:00,other
data/raw/ICBHI/135_2b3_Ar_mc_LittC2SE.txt,.txt,147,2017-11-30T07:57:10+00:00,other
data/raw/ICBHI/135_2b3_Pl_mc_LittC2SE.txt,.txt,153,2017-11-30T07:57:12+00:00,other
data/raw/ICBHI/135_2b3_Pr_mc_LittC2SE.txt,.txt,145,2017-11-30T07:57:12+00:00,other
data/raw/ICBHI/135_2b3_Tc_mc_LittC2SE.txt,.txt,149,2017-11-30T07:57:14+00:00,other
data/raw/ICBHI/136_1b1_Ar_sc_Meditron.txt,.txt,153,2017-11-30T07:57:16+00:00,other
data/raw/ICBHI/137_1b1_Ar_sc_Meditron.txt,.txt,132,2017-11-30T07:57:18+00:00,other
data/raw/ICBHI/137_1b1_Ll_sc_Meditron.txt,.txt,143,2017-11-30T07:57:20+00:00,other
data/raw/ICBHI/138_1p2_Al_mc_AKGC417L.txt,.txt,85,2017-11-30T07:57:20+00:00,other
data/raw/ICBHI/138_1p2_Ar_mc_AKGC417L.txt,.txt,85,2017-11-30T07:57:22+00:00,other
data/raw/ICBHI/138_1p2_Ll_mc_AKGC417L.txt,.txt,85,2017-11-30T07:57:24+00:00,other
data/raw/ICBHI/138_1p2_Lr_mc_AKGC417L.txt,.txt,85,2017-11-30T07:57:26+00:00,other
data/raw/ICBHI/138_1p2_Pl_mc_AKGC417L.txt,.txt,85,2017-11-30T07:57:28+00:00,other
data/raw/ICBHI/138_1p2_Pr_mc_AKGC417L.txt,.txt,85,2017-11-30T07:57:28+00:00,other
data/raw/ICBHI/138_1p2_Tc_mc_AKGC417L.txt,.txt,85,2017-11-30T07:57:30+00:00,other
data/raw/ICBHI/138_1p3_Al_mc_AKGC417L.txt,.txt,85,2017-11-30T07:57:32+00:00,other
data/raw/ICBHI/138_1p3_Ar_mc_AKGC417L.txt,.txt,85,2017-11-30T07:57:34+00:00,other
data/raw/ICBHI/138_1p3_Ll_mc_AKGC417L.txt,.txt,85,2017-11-30T07:57:36+00:00,other
data/raw/ICBHI/138_1p3_Lr_mc_AKGC417L.txt,.txt,85,2017-11-30T07:57:38+00:00,other
data/raw/ICBHI/138_1p3_Pl_mc_AKGC417L.txt,.txt,85,2017-11-30T07:57:38+00:00,other
data/raw/ICBHI/138_1p3_Pr_mc_AKGC417L.txt,.txt,85,2017-11-30T07:57:40+00:00,other
data/raw/ICBHI/138_1p3_Tc_mc_AKGC417L.txt,.txt,85,2017-11-30T07:57:42+00:00,other
data/raw/ICBHI/138_1p4_Ar_mc_AKGC417L.txt,.txt,85,2017-11-30T07:57:44+00:00,other
data/raw/ICBHI/138_1p4_Ll_mc_AKGC417L.txt,.txt,85,2017-11-30T07:57:44+00:00,other
data/raw/ICBHI/138_1p4_Lr_mc_AKGC417L.txt,.txt,85,2017-11-30T07:57:46+00:00,other
data/raw/ICBHI/138_1p4_Pl_mc_AKGC417L.txt,.txt,85,2017-11-30T07:57:48+00:00,other
data/raw/ICBHI/138_1p4_Pr_mc_AKGC417L.txt,.txt,85,2017-11-30T07:57:48+00:00,other
data/raw/ICBHI/138_1p4_Tc_mc_AKGC417L.txt,.txt,85,2017-11-30T07:57:50+00:00,other
data/raw/ICBHI/138_2p2_Al_mc_AKGC417L.txt,.txt,114,2017-11-30T07:57:54+00:00,other
data/raw/ICBHI/138_2p2_Ar_mc_AKGC417L.txt,.txt,114,2017-11-30T07:57:54+00:00,other
data/raw/ICBHI/138_2p2_Ll_mc_AKGC417L.txt,.txt,114,2017-11-30T07:57:56+00:00,other
data/raw/ICBHI/138_2p2_Lr_mc_AKGC417L.txt,.txt,114,2017-11-30T07:57:58+00:00,other
data/raw/ICBHI/138_2p2_Pl_mc_AKGC417L.txt,.txt,114,2017-11-30T07:58:00+00:00,other
data/raw/ICBHI/138_2p2_Pr_mc_AKGC417L.txt,.txt,114,2017-11-30T07:58:02+00:00,other
data/raw/ICBHI/138_2p2_Tc_mc_AKGC417L.txt,.txt,114,2017-11-30T07:58:04+00:00,other
data/raw/ICBHI/139_1b1_Al_sc_Litt3200.txt,.txt,180,2017-11-30T07:58:06+00:00,other
data/raw/ICBHI/139_1b1_Ar_sc_Litt3200.txt,.txt,161,2017-11-30T07:58:06+00:00,other
data/raw/ICBHI/139_1b1_Ll_sc_Litt3200.txt,.txt,142,2017-11-30T07:58:08+00:00,other
data/raw/ICBHI/139_1b1_Lr_sc_Litt3200.txt,.txt,109,2017-11-30T07:58:10+00:00,other
data/raw/ICBHI/139_1b1_Pl_sc_Litt3200.txt,.txt,103,2017-11-30T07:58:10+00:00,other
data/raw/ICBHI/139_1b1_Pr_sc_Litt3200.txt,.txt,120,2017-11-30T07:58:12+00:00,other
data/raw/ICBHI/140_2b2_Ll_mc_LittC2SE.txt,.txt,185,2017-11-30T07:58:14+00:00,other
data/raw/ICBHI/140_2b2_Tc_mc_LittC2SE.txt,.txt,169,2017-11-30T07:58:16+00:00,other
data/raw/ICBHI/140_2b3_Ll_mc_LittC2SE.txt,.txt,153,2017-11-30T07:58:18+00:00,other
data/raw/ICBHI/140_2b3_Tc_mc_LittC2SE.txt,.txt,167,2017-11-30T07:58:18+00:00,other
data/raw/ICBHI/141_1b1_Pr_mc_LittC2SE.txt,.txt,85,2017-11-30T07:58:20+00:00,other
data/raw/ICBHI/141_1b2_Ar_mc_LittC2SE.txt,.txt,103,2017-11-30T07:58:22+00:00,other
data/raw/ICBHI/141_1b2_Lr_mc_LittC2SE.txt,.txt,85,2017-11-30T07:58:24+00:00,other
data/raw/ICBHI/141_1b2_Pr_mc_LittC2SE.txt,.txt,99,2017-11-30T07:58:24+00:00,other
data/raw/ICBHI/141_1b2_Tc_mc_LittC2SE.txt,.txt,83,2017-11-30T07:58:26+00:00,other
data/raw/ICBHI/141_1b3_Al_mc_LittC2SE.txt,.txt,83,2017-11-30T07:58:28+00:00,other
data/raw/ICBHI/141_1b3_Ar_mc_LittC2SE.txt,.txt,85,2017-11-30T07:58:30+00:00,other
data/raw/ICBHI/141_1b3_Pr_mc_LittC2SE.txt,.txt,102,2017-11-30T07:58:30+00:00,other
data/raw/ICBHI/142_1b1_Pl_mc_LittC2SE.txt,.txt,149,2017-11-30T07:58:32+00:00,other
data/raw/ICBHI/143_1b1_Al_sc_Meditron.txt,.txt,303,2017-11-30T07:58:34+00:00,other
data/raw/ICBHI/144_1b1_Al_sc_Meditron.txt,.txt,170,2017-11-30T07:58:36+00:00,other
data/raw/ICBHI/144_1b1_Tc_sc_Meditron.txt,.txt,165,2017-11-30T07:58:38+00:00,other
data/raw/ICBHI/145_2b2_Al_mc_AKGC417L.txt,.txt,83,2017-11-30T07:58:40+00:00,other
data/raw/ICBHI/145_2b2_Ar_mc_AKGC417L.txt,.txt,83,2017-11-30T07:58:42+00:00,other
data/raw/ICBHI/145_2b2_Lr_mc_AKGC417L.txt,.txt,83,2017-11-30T07:58:44+00:00,other
data/raw/ICBHI/145_2b2_Pr_mc_AKGC417L.txt,.txt,83,2017-11-30T07:58:44+00:00,other
data/raw/ICBHI/145_3b2_Ar_mc_AKGC417L.txt,.txt,99,2017-11-30T07:58:48+00:00,other
data/raw/ICBHI/145_3b2_Lr_mc_AKGC417L.txt,.txt,99,2017-11-30T07:58:48+00:00,other
data/raw/ICBHI/145_3b4_Pl_mc_AKGC417L.txt,.txt,83,2017-11-30T07:58:50+00:00,other
data/raw/ICBHI/146_2b2_Pl_mc_AKGC417L.txt,.txt,84,2017-11-30T07:58:52+00:00,other
data/raw/ICBHI/146_2b4_Al_mc_AKGC417L.txt,.txt,102,2017-11-30T07:58:54+00:00,other
data/raw/ICBHI/146_2b4_Ar_mc_AKGC417L.txt,.txt,102,2017-11-30T07:58:54+00:00,other
data/raw/ICBHI/146_2b4_Ll_mc_AKGC417L.txt,.txt,103,2017-11-30T07:58:56+00:00,other
data/raw/ICBHI/146_2b4_Lr_mc_AKGC417L.txt,.txt,101,2017-11-30T07:58:58+00:00,other
data/raw/ICBHI/146_2b4_Pr_mc_AKGC417L.txt,.txt,102,2017-11-30T07:59:00+00:00,other
data/raw/ICBHI/146_8p3_Al_mc_AKGC417L.txt,.txt,150,2017-11-30T07:59:02+00:00,other
data/raw/ICBHI/146_8p3_Ar_mc_AKGC417L.txt,.txt,152,2017-11-30T07:59:02+00:00,other
data/raw/ICBHI/146_8p3_Lr_mc_AKGC417L.txt,.txt,151,2017-11-30T07:59:04+00:00,other
data/raw/ICBHI/146_8p3_Pl_mc_AKGC417L.txt,.txt,150,2017-11-30T07:59:06+00:00,other
data/raw/ICBHI/146_8p3_Pr_mc_AKGC417L.txt,.txt,146,2017-11-30T07:59:08+00:00,other
data/raw/ICBHI/147_1b2_Tc_mc_AKGC417L.txt,.txt,205,2017-11-30T07:59:10+00:00,other
data/raw/ICBHI/147_1b3_Tc_mc_AKGC417L.txt,.txt,183,2017-11-30T07:59:10+00:00,other
data/raw/ICBHI/147_1b4_Tc_mc_AKGC417L.txt,.txt,249,2017-11-30T07:59:12+00:00,other
data/raw/ICBHI/147_2b2_Al_mc_AKGC417L.txt,.txt,85,2017-11-30T07:59:14+00:00,other
data/raw/ICBHI/147_2b2_Ar_mc_AKGC417L.txt,.txt,85,2017-11-30T07:59:16+00:00,other
data/raw/ICBHI/147_2b2_Pl_mc_AKGC417L.txt,.txt,85,2017-11-30T07:59:16+00:00,other
data/raw/ICBHI/147_2b3_Al_mc_AKGC417L.txt,.txt,81,2017-11-30T07:59:18+00:00,other
data/raw/ICBHI/147_2b3_Ar_mc_AKGC417L.txt,.txt,81,2017-11-30T07:59:20+00:00,other
data/raw/ICBHI/147_2b3_Ll_mc_AKGC417L.txt,.txt,81,2017-11-30T07:59:22+00:00,other
data/raw/ICBHI/147_2b3_Lr_mc_AKGC417L.txt,.txt,81,2017-11-30T07:59:22+00:00,other
data/raw/ICBHI/147_2b3_Pl_mc_AKGC417L.txt,.txt,81,2017-11-30T07:59:24+00:00,other
data/raw/ICBHI/147_2b4_Al_mc_AKGC417L.txt,.txt,83,2017-11-30T07:59:26+00:00,other
data/raw/ICBHI/147_2b4_Ar_mc_AKGC417L.txt,.txt,83,2017-11-30T07:59:28+00:00,other
data/raw/ICBHI/147_2b4_Ll_mc_AKGC417L.txt,.txt,83,2017-11-30T07:59:30+00:00,other
data/raw/ICBHI/147_2b4_Lr_mc_AKGC417L.txt,.txt,83,2017-11-30T07:59:30+00:00,other
data/raw/ICBHI/147_2b4_Pl_mc_AKGC417L.txt,.txt,83,2017-11-30T07:59:32+00:00,other
data/raw/ICBHI/148_1b1_Al_sc_Meditron.txt,.txt,181,2017-11-30T07:59:34+00:00,other
data/raw/ICBHI/149_1b1_Al_sc_Meditron.txt,.txt,297,2017-11-30T07:59:34+00:00,other
data/raw/ICBHI/149_1b1_Lr_sc_Meditron.txt,.txt,266,2017-11-30T07:59:36+00:00,other
data/raw/ICBHI/149_1b1_Pl_sc_Meditron.txt,.txt,279,2017-11-30T07:59:38+00:00,other
data/raw/ICBHI/150_1b2_Al_sc_Meditron.txt,.txt,284,2017-11-30T07:59:40+00:00,other
data/raw/ICBHI/151_2p2_Al_mc_AKGC417L.txt,.txt,99,2017-11-30T07:59:42+00:00,other
data/raw/ICBHI/151_2p2_Ar_mc_AKGC417L.txt,.txt,99,2017-11-30T07:59:42+00:00,other
data/raw/ICBHI/151_2p2_Ll_mc_AKGC417L.txt,.txt,99,2017-11-30T07:59:44+00:00,other
data/raw/ICBHI/151_2p2_Lr_mc_AKGC417L.txt,.txt,99,2017-11-30T07:59:46+00:00,other
data/raw/ICBHI/151_2p2_Pl_mc_AKGC417L.txt,.txt,99,2017-11-30T07:59:48+00:00,other
data/raw/ICBHI/151_2p2_Pr_mc_AKGC417L.txt,.txt,99,2017-11-30T07:59:48+00:00,other
data/raw/ICBHI/151_2p2_Tc_mc_AKGC417L.txt,.txt,99,2017-11-30T07:59:50+00:00,other
data/raw/ICBHI/151_2p3_Al_mc_AKGC417L.txt,.txt,100,2017-11-30T07:59:52+00:00,other
data/raw/ICBHI/151_2p3_Ar_mc_AKGC417L.txt,.txt,100,2017-11-30T07:59:54+00:00,other
data/raw/ICBHI/151_2p3_Ll_mc_AKGC417L.txt,.txt,100,2017-11-30T07:59:56+00:00,other
data/raw/ICBHI/151_2p3_Lr_mc_AKGC417L.txt,.txt,100,2017-11-30T07:59:58+00:00,other
data/raw/ICBHI/151_2p3_Pl_mc_AKGC417L.txt,.txt,100,2017-11-30T07:59:58+00:00,other
data/raw/ICBHI/151_2p3_Pr_mc_AKGC417L.txt,.txt,100,2017-11-30T08:00:04+00:00,other
data/raw/ICBHI/151_2p3_Tc_mc_AKGC417L.txt,.txt,100,2017-11-30T08:00:04+00:00,other
data/raw/ICBHI/151_2p4_Al_mc_AKGC417L.txt,.txt,103,2017-11-30T08:00:06+00:00,other
data/raw/ICBHI/151_2p4_Ar_mc_AKGC417L.txt,.txt,103,2017-11-30T08:00:08+00:00,other
data/raw/ICBHI/151_2p4_Ll_mc_AKGC417L.txt,.txt,103,2017-11-30T08:00:10+00:00,other
data/raw/ICBHI/151_2p4_Lr_mc_AKGC417L.txt,.txt,103,2017-11-30T08:00:12+00:00,other
data/raw/ICBHI/151_2p4_Pl_mc_AKGC417L.txt,.txt,103,2017-11-30T08:00:12+00:00,other
data/raw/ICBHI/151_2p4_Pr_mc_AKGC417L.txt,.txt,103,2017-11-30T08:00:14+00:00,other
data/raw/ICBHI/151_2p4_Tc_mc_AKGC417L.txt,.txt,103,2017-11-30T08:00:16+00:00,other
data/raw/ICBHI/151_3p2_Al_mc_AKGC417L.txt,.txt,101,2017-11-30T08:00:18+00:00,other
data/raw/ICBHI/151_3p2_Ar_mc_AKGC417L.txt,.txt,101,2017-11-30T08:00:18+00:00,other
data/raw/ICBHI/151_3p2_Lr_mc_AKGC417L.txt,.txt,101,2017-11-30T08:00:20+00:00,other
data/raw/ICBHI/151_3p2_Pl_mc_AKGC417L.txt,.txt,101,2017-11-30T08:00:22+00:00,other
data/raw/ICBHI/151_3p2_Pr_mc_AKGC417L.txt,.txt,101,2017-11-30T08:00:24+00:00,other
data/raw/ICBHI/151_3p2_Tc_mc_AKGC417L.txt,.txt,101,2017-11-30T08:00:26+00:00,other
data/raw/ICBHI/151_3p3_Ll_mc_AKGC417L.txt,.txt,101,2017-11-30T08:00:26+00:00,other
data/raw/ICBHI/152_1b1_Al_sc_Meditron.txt,.txt,119,2017-11-30T08:00:28+00:00,other
data/raw/ICBHI/153_1b1_Al_sc_Meditron.txt,.txt,152,2017-11-30T08:00:30+00:00,other
data/raw/ICBHI/154_1b3_Al_mc_AKGC417L.txt,.txt,205,2017-11-30T08:00:32+00:00,other
data/raw/ICBHI/154_1b3_Ar_mc_AKGC417L.txt,.txt,205,2017-11-30T08:00:32+00:00,other
data/raw/ICBHI/154_1b3_Ll_mc_AKGC417L.txt,.txt,205,2017-11-30T08:00:34+00:00,other
data/raw/ICBHI/154_1b3_Lr_mc_AKGC417L.txt,.txt,205,2017-11-30T08:00:36+00:00,other
data/raw/ICBHI/154_1b3_Pl_mc_AKGC417L.txt,.txt,205,2017-11-30T08:00:38+00:00,other
data/raw/ICBHI/154_1b3_Pr_mc_AKGC417L.txt,.txt,205,2017-11-30T08:00:40+00:00,other
data/raw/ICBHI/154_1b3_Tc_mc_AKGC417L.txt,.txt,205,2017-11-30T08:00:42+00:00,other
data/raw/ICBHI/154_2b4_Al_mc_AKGC417L.txt,.txt,115,2017-11-30T08:00:44+00:00,other
data/raw/ICBHI/154_2b4_Ar_mc_AKGC417L.txt,.txt,115,2017-11-30T08:00:46+00:00,other
data/raw/ICBHI/154_2b4_Ll_mc_AKGC417L.txt,.txt,115,2017-11-30T08:00:46+00:00,other
data/raw/ICBHI/154_2b4_Lr_mc_AKGC417L.txt,.txt,115,2017-11-30T08:00:48+00:00,other
data/raw/ICBHI/154_2b4_Pl_mc_AKGC417L.txt,.txt,115,2017-11-30T08:00:50+00:00,other
data/raw/ICBHI/154_2b4_Pr_mc_AKGC417L.txt,.txt,115,2017-11-30T08:00:52+00:00,other
data/raw/ICBHI/154_2b4_Tc_mc_AKGC417L.txt,.txt,115,2017-11-30T08:00:54+00:00,other
data/raw/ICBHI/154_3b3_Al_mc_AKGC417L.txt,.txt,85,2017-11-30T08:00:54+00:00,other
data/raw/ICBHI/154_3b3_Ar_mc_AKGC417L.txt,.txt,85,2017-11-30T08:00:56+00:00,other
data/raw/ICBHI/154_3b3_Ll_mc_AKGC417L.txt,.txt,85,2017-11-30T08:00:58+00:00,other
data/raw/ICBHI/154_4b4_Al_mc_AKGC417L.txt,.txt,169,2017-11-30T08:01:00+00:00,other
data/raw/ICBHI/154_4b4_Ar_mc_AKGC417L.txt,.txt,169,2017-11-30T08:01:02+00:00,other
data/raw/ICBHI/154_4b4_Ll_mc_AKGC417L.txt,.txt,169,2017-11-30T08:01:04+00:00,other
data/raw/ICBHI/154_4b4_Lr_mc_AKGC417L.txt,.txt,169,2017-11-30T08:01:06+00:00,other
data/raw/ICBHI/154_4b4_Pl_mc_AKGC417L.txt,.txt,169,2017-11-30T08:01:08+00:00,other
data/raw/ICBHI/154_4b4_Pr_mc_AKGC417L.txt,.txt,169,2017-11-30T08:01:10+00:00,other
data/raw/ICBHI/155_2b1_Al_mc_LittC2SE.txt,.txt,101,2017-11-30T08:01:10+00:00,other
data/raw/ICBHI/156_2b3_Al_mc_AKGC417L.txt,.txt,101,2017-11-30T08:01:12+00:00,other
data/raw/ICBHI/156_2b3_Ar_mc_AKGC417L.txt,.txt,101,2017-11-30T08:01:14+00:00,other
data/raw/ICBHI/156_2b3_Ll_mc_AKGC417L.txt,.txt,101,2017-11-30T08:01:16+00:00,other
data/raw/ICBHI/156_2b3_Lr_mc_AKGC417L.txt,.txt,101,2017-11-30T08:01:18+00:00,other
data/raw/ICBHI/156_2b3_Pl_mc_AKGC417L.txt,.txt,101,2017-11-30T08:01:20+00:00,other
data/raw/ICBHI/156_2b3_Pr_mc_AKGC417L.txt,.txt,101,2017-11-30T08:01:22+00:00,other
data/raw/ICBHI/156_5b3_Al_mc_AKGC417L.txt,.txt,153,2017-11-30T08:01:24+00:00,other
data/raw/ICBHI/156_5b3_Ar_mc_AKGC417L.txt,.txt,153,2017-11-30T08:01:24+00:00,other
data/raw/ICBHI/156_5b3_Ll_mc_AKGC417L.txt,.txt,153,2017-11-30T08:01:26+00:00,other
data/raw/ICBHI/156_5b3_Lr_mc_AKGC417L.txt,.txt,153,2017-11-30T08:01:28+00:00,other
data/raw/ICBHI/156_5b3_Pl_mc_AKGC417L.txt,.txt,153,2017-11-30T08:01:30+00:00,other
data/raw/ICBHI/156_5b3_Pr_mc_AKGC417L.txt,.txt,153,2017-11-30T08:01:36+00:00,other
data/raw/ICBHI/156_8b3_Al_mc_AKGC417L.txt,.txt,137,2017-11-30T08:01:38+00:00,other
data/raw/ICBHI/156_8b3_Ar_mc_AKGC417L.txt,.txt,137,2017-11-30T08:01:40+00:00,other
data/raw/ICBHI/156_8b3_Ll_mc_AKGC417L.txt,.txt,137,2017-11-30T08:01:40+00:00,other
data/raw/ICBHI/156_8b3_Lr_mc_AKGC417L.txt,.txt,137,2017-11-30T08:01:42+00:00,other
data/raw/ICBHI/156_8b3_Pl_mc_AKGC417L.txt,.txt,137,2017-11-30T08:01:44+00:00,other
data/raw/ICBHI/157_1b1_Al_sc_Meditron.txt,.txt,263,2017-11-30T08:01:46+00:00,other
data/raw/ICBHI/157_1b1_Ar_sc_Meditron.txt,.txt,215,2017-11-30T08:01:46+00:00,other
data/raw/ICBHI/157_1b1_Lr_sc_Meditron.txt,.txt,157,2017-11-30T08:01:50+00:00,other
data/raw/ICBHI/157_1b1_Pl_sc_Meditron.txt,.txt,226,2017-11-30T08:01:52+00:00,other
data/raw/ICBHI/157_1b1_Pr_sc_Meditron.txt,.txt,262,2017-11-30T08:01:52+00:00,other
data/raw/ICBHI/158_1b3_Ar_mc_LittC2SE.txt,.txt,182,2017-11-30T08:01:54+00:00,other
data/raw/ICBHI/158_1p2_Al_mc_AKGC417L.txt,.txt,135,2017-11-30T08:01:56+00:00,other
data/raw/ICBHI/158_1p2_Ar_mc_AKGC417L.txt,.txt,135,2017-11-30T08:01:58+00:00,other
data/raw/ICBHI/158_1p2_Ll_mc_AKGC417L.txt,.txt,135,2017-11-30T08:01:58+00:00,other
data/raw/ICBHI/158_1p2_Lr_mc_AKGC417L.txt,.txt,135,2017-11-30T08:02:02+00:00,other
data/raw/ICBHI/158_1p2_Pl_mc_AKGC417L.txt,.txt,135,2017-11-30T08:02:04+00:00,other
data/raw/ICBHI/158_1p2_Pr_mc_AKGC417L.txt,.txt,135,2017-11-30T08:02:04+00:00,other
data/raw/ICBHI/158_1p2_Tc_mc_AKGC417L.txt,.txt,135,2017-11-30T08:02:06+00:00,other
data/raw/ICBHI/158_1p3_Al_mc_AKGC417L.txt,.txt,151,2017-11-30T08:02:08+00:00,other
data/raw/ICBHI/158_1p3_Ar_mc_AKGC417L.txt,.txt,151,2017-11-30T08:02:10+00:00,other
data/raw/ICBHI/158_1p3_Ll_mc_AKGC417L.txt,.txt,151,2017-11-30T08:02:12+00:00,other
data/raw/ICBHI/158_1p3_Lr_mc_AKGC417L.txt,.txt,151,2017-11-30T08:02:14+00:00,other
data/raw/ICBHI/158_1p3_Pl_mc_AKGC417L.txt,.txt,151,2017-11-30T08:02:14+00:00,other
data/raw/ICBHI/158_1p3_Pr_mc_AKGC417L.txt,.txt,151,2017-11-30T08:02:16+00:00,other
data/raw/ICBHI/158_1p3_Tc_mc_AKGC417L.txt,.txt,151,2017-11-30T08:02:18+00:00,other
data/raw/ICBHI/158_1p4_Al_mc_AKGC417L.txt,.txt,151,2017-11-30T08:02:20+00:00,other
data/raw/ICBHI/158_1p4_Ar_mc_AKGC417L.txt,.txt,151,2017-11-30T08:02:22+00:00,other
data/raw/ICBHI/158_1p4_Lr_mc_AKGC417L.txt,.txt,151,2017-11-30T08:02:24+00:00,other
data/raw/ICBHI/158_1p4_Pl_mc_AKGC417L.txt,.txt,151,2017-11-30T08:02:26+00:00,other
data/raw/ICBHI/158_1p4_Pr_mc_AKGC417L.txt,.txt,151,2017-11-30T08:02:26+00:00,other
data/raw/ICBHI/158_1p4_Tc_mc_AKGC417L.txt,.txt,151,2017-11-30T08:02:28+00:00,other
data/raw/ICBHI/158_2p2_Ar_mc_AKGC417L.txt,.txt,155,2017-11-30T08:02:30+00:00,other
data/raw/ICBHI/158_2p3_Lr_mc_AKGC417L.txt,.txt,203,2017-11-30T08:02:32+00:00,other
data/raw/ICBHI/158_2p3_Tc_mc_AKGC417L.txt,.txt,203,2017-11-30T08:02:34+00:00,other
data/raw/ICBHI/159_1b1_Al_sc_Meditron.txt,.txt,199,2017-11-30T08:02:38+00:00,other
data/raw/ICBHI/159_1b1_Ar_sc_Meditron.txt,.txt,148,2017-11-30T08:02:40+00:00,other
data/raw/ICBHI/159_1b1_Ll_sc_Meditron.txt,.txt,202,2017-11-30T08:02:40+00:00,other
data/raw/ICBHI/159_1b1_Pr_sc_Meditron.txt,.txt,151,2017-11-30T08:02:42+00:00,other
data/raw/ICBHI/160_1b2_Al_mc_AKGC417L.txt,.txt,33,2017-11-30T08:02:44+00:00,other
data/raw/ICBHI/160_1b2_Ar_mc_AKGC417L.txt,.txt,33,2017-11-30T08:02:46+00:00,other
data/raw/ICBHI/160_1b2_Lr_mc_AKGC417L.txt,.txt,33,2017-11-30T08:02:48+00:00,other
data/raw/ICBHI/160_1b2_Pl_mc_AKGC417L.txt,.txt,33,2017-11-30T08:02:48+00:00,other
data/raw/ICBHI/160_1b2_Pr_mc_AKGC417L.txt,.txt,33,2017-11-30T08:02:50+00:00,other
data/raw/ICBHI/160_1b2_Tc_mc_AKGC417L.txt,.txt,33,2017-11-30T08:02:52+00:00,other
data/raw/ICBHI/160_1b3_Al_mc_AKGC417L.txt,.txt,85,2017-11-30T08:02:54+00:00,other
data/raw/ICBHI/160_1b3_Ar_mc_AKGC417L.txt,.txt,85,2017-11-30T08:02:54+00:00,other
data/raw/ICBHI/160_1b3_Lr_mc_AKGC417L.txt,.txt,85,2017-11-30T08:02:58+00:00,other
data/raw/ICBHI/160_1b3_Pl_mc_AKGC417L.txt,.txt,85,2017-11-30T08:02:58+00:00,other
data/raw/ICBHI/160_1b3_Pr_mc_AKGC417L.txt,.txt,85,2017-11-30T08:03:02+00:00,other
data/raw/ICBHI/160_1b3_Tc_mc_AKGC417L.txt,.txt,85,2017-11-30T08:03:04+00:00,other
data/raw/ICBHI/160_1b4_Al_mc_AKGC417L.txt,.txt,67,2017-11-30T08:03:06+00:00,other
data/raw/ICBHI/160_1b4_Ar_mc_AKGC417L.txt,.txt,67,2017-11-30T08:03:08+00:00,other
data/raw/ICBHI/160_1b4_Lr_mc_AKGC417L.txt,.txt,67,2017-11-30T08:03:10+00:00,other
data/raw/ICBHI/160_1b4_Pl_mc_AKGC417L.txt,.txt,67,2017-11-30T08:03:10+00:00,other
data/raw/ICBHI/160_1b4_Pr_mc_AKGC417L.txt,.txt,67,2017-11-30T08:03:12+00:00,other
data/raw/ICBHI/160_1b4_Tc_mc_AKGC417L.txt,.txt,67,2017-11-30T08:03:14+00:00,other
data/raw/ICBHI/160_2b3_Lr_mc_AKGC417L.txt,.txt,116,2017-11-30T08:03:16+00:00,other
data/raw/ICBHI/160_2b4_Ar_mc_AKGC417L.txt,.txt,119,2017-11-30T08:03:18+00:00,other
data/raw/ICBHI/160_2b4_Pl_mc_AKGC417L.txt,.txt,119,2017-11-30T08:03:20+00:00,other
data/raw/ICBHI/160_2b4_Pr_mc_AKGC417L.txt,.txt,119,2017-11-30T08:03:22+00:00,other
data/raw/ICBHI/160_2b4_Tc_mc_AKGC417L.txt,.txt,119,2017-11-30T08:03:22+00:00,other
data/raw/ICBHI/161_1b1_Al_sc_Meditron.txt,.txt,153,2017-11-30T08:03:24+00:00,other
data/raw/ICBHI/161_1b1_Pl_sc_Meditron.txt,.txt,168,2017-11-30T08:03:26+00:00,other
data/raw/ICBHI/162_1b2_Al_mc_AKGC417L.txt,.txt,51,2017-11-30T08:03:28+00:00,other
data/raw/ICBHI/162_1b2_Ar_mc_AKGC417L.txt,.txt,51,2017-11-30T08:03:30+00:00,other
data/raw/ICBHI/162_1b2_Ll_mc_AKGC417L.txt,.txt,51,2017-11-30T08:03:32+00:00,other
data/raw/ICBHI/162_1b2_Lr_mc_AKGC417L.txt,.txt,51,2017-11-30T08:03:34+00:00,other
data/raw/ICBHI/162_1b2_Pl_mc_AKGC417L.txt,.txt,51,2017-11-30T08:03:36+00:00,other
data/raw/ICBHI/162_1b2_Pr_mc_AKGC417L.txt,.txt,51,2017-11-30T08:03:38+00:00,other
data/raw/ICBHI/162_1b2_Tc_mc_AKGC417L.txt,.txt,51,2017-11-30T08:03:38+00:00,other
data/raw/ICBHI/162_2b2_Al_mc_AKGC417L.txt,.txt,68,2017-11-30T08:03:40+00:00,other
data/raw/ICBHI/162_2b2_Ar_mc_AKGC417L.txt,.txt,68,2017-11-30T08:03:42+00:00,other
data/raw/ICBHI/162_2b2_Pl_mc_AKGC417L.txt,.txt,68,2017-11-30T08:03:44+00:00,other
data/raw/ICBHI/162_2b2_Pr_mc_AKGC417L.txt,.txt,68,2017-11-30T08:03:44+00:00,other
data/raw/ICBHI/162_2b2_Tc_mc_AKGC417L.txt,.txt,68,2017-11-30T08:03:46+00:00,other
data/raw/ICBHI/162_2b3_Al_mc_AKGC417L.txt,.txt,66,2017-11-30T08:03:48+00:00,other
data/raw/ICBHI/162_2b3_Ar_mc_AKGC417L.txt,.txt,66,2017-11-30T08:03:50+00:00,other
data/raw/ICBHI/162_2b3_Lr_mc_AKGC417L.txt,.txt,66,2017-11-30T08:03:52+00:00,other
data/raw/ICBHI/162_2b3_Pl_mc_AKGC417L.txt,.txt,66,2017-11-30T08:03:52+00:00,other
data/raw/ICBHI/162_2b3_Pr_mc_AKGC417L.txt,.txt,66,2017-11-30T08:03:54+00:00,other
data/raw/ICBHI/162_2b3_Tc_mc_AKGC417L.txt,.txt,66,2017-11-30T08:03:56+00:00,other
data/raw/ICBHI/162_2b4_Al_mc_AKGC417L.txt,.txt,69,2017-11-30T08:03:58+00:00,other
data/raw/ICBHI/162_2b4_Ar_mc_AKGC417L.txt,.txt,69,2017-11-30T08:03:58+00:00,other
data/raw/ICBHI/162_2b4_Lr_mc_AKGC417L.txt,.txt,69,2017-11-30T08:04:02+00:00,other
data/raw/ICBHI/162_2b4_Pl_mc_AKGC417L.txt,.txt,69,2017-11-30T08:04:04+00:00,other
data/raw/ICBHI/162_2b4_Pr_mc_AKGC417L.txt,.txt,69,2017-11-30T08:04:04+00:00,other
data/raw/ICBHI/162_2b4_Tc_mc_AKGC417L.txt,.txt,69,2017-11-30T08:04:06+00:00,other
data/raw/ICBHI/163_2b2_Al_mc_AKGC417L.txt,.txt,85,2017-11-30T08:04:08+00:00,other
data/raw/ICBHI/163_2b2_Ar_mc_AKGC417L.txt,.txt,85,2017-11-30T08:04:10+00:00,other
data/raw/ICBHI/163_2b2_Ll_mc_AKGC417L.txt,.txt,85,2017-11-30T08:04:12+00:00,other
data/raw/ICBHI/163_2b2_Lr_mc_AKGC417L.txt,.txt,85,2017-11-30T08:04:14+00:00,other
data/raw/ICBHI/163_2b2_Pl_mc_AKGC417L.txt,.txt,85,2017-11-30T08:04:16+00:00,other
data/raw/ICBHI/163_2b2_Pr_mc_AKGC417L.txt,.txt,85,2017-11-30T08:04:18+00:00,other
data/raw/ICBHI/163_2b2_Tc_mc_AKGC417L.txt,.txt,85,2017-11-30T08:04:18+00:00,other
data/raw/ICBHI/163_8b3_Al_mc_AKGC417L.txt,.txt,103,2017-11-30T08:04:20+00:00,other
data/raw/ICBHI/163_8b3_Ar_mc_AKGC417L.txt,.txt,103,2017-11-30T08:04:22+00:00,other
data/raw/ICBHI/163_8b3_Ll_mc_AKGC417L.txt,.txt,103,2017-11-30T08:04:24+00:00,other
data/raw/ICBHI/163_8b3_Lr_mc_AKGC417L.txt,.txt,103,2017-11-30T08:04:26+00:00,other
data/raw/ICBHI/163_8b3_Pl_mc_AKGC417L.txt,.txt,103,2017-11-30T08:04:26+00:00,other
data/raw/ICBHI/163_8b3_Pr_mc_AKGC417L.txt,.txt,103,2017-11-30T08:04:28+00:00,other
data/raw/ICBHI/164_1b1_Ll_sc_Meditron.txt,.txt,169,2017-11-30T08:04:30+00:00,other
data/raw/ICBHI/165_1b1_Ar_sc_Meditron.txt,.txt,119,2017-11-30T08:04:32+00:00,other
data/raw/ICBHI/165_1b1_Pl_sc_Meditron.txt,.txt,132,2017-11-30T08:04:32+00:00,other
data/raw/ICBHI/165_1b1_Pr_sc_Meditron.txt,.txt,135,2017-11-30T08:04:34+00:00,other
data/raw/ICBHI/166_1p1_Al_sc_Meditron.txt,.txt,299,2017-11-30T08:04:36+00:00,other
data/raw/ICBHI/166_1p1_Ar_sc_Meditron.txt,.txt,436,2017-11-30T08:04:38+00:00,other
data/raw/ICBHI/166_1p1_Ll_sc_Meditron.txt,.txt,442,2017-11-30T08:04:40+00:00,other
data/raw/ICBHI/166_1p1_Pl_sc_Meditron.txt,.txt,427,2017-11-30T08:04:42+00:00,other
data/raw/ICBHI/166_1p1_Pr_sc_Meditron.txt,.txt,425,2017-11-30T08:04:44+00:00,other
data/raw/ICBHI/167_1b1_Al_sc_Meditron.txt,.txt,213,2017-11-30T08:04:46+00:00,other
data/raw/ICBHI/167_1b1_Pr_sc_Meditron.txt,.txt,255,2017-11-30T08:04:48+00:00,other
data/raw/ICBHI/168_1b1_Al_sc_Meditron.txt,.txt,117,2017-11-30T08:04:50+00:00,other
data/raw/ICBHI/169_1b1_Lr_sc_Meditron.txt,.txt,116,2017-11-30T08:04:52+00:00,other
data/raw/ICBHI/169_1b2_Ll_sc_Meditron.txt,.txt,117,2017-11-30T08:04:52+00:00,other
data/raw/ICBHI/170_1b2_Al_mc_AKGC417L.txt,.txt,87,2017-11-30T08:04:54+00:00,other
data/raw/ICBHI/170_1b2_Ar_mc_AKGC417L.txt,.txt,87,2017-11-30T08:04:56+00:00,other
data/raw/ICBHI/170_1b2_Lr_mc_AKGC417L.txt,.txt,87,2017-11-30T08:04:58+00:00,other
data/raw/ICBHI/170_1b2_Pl_mc_AKGC417L.txt,.txt,87,2017-11-30T08:05:00+00:00,other
data/raw/ICBHI/170_1b2_Pr_mc_AKGC417L.txt,.txt,87,2017-11-30T08:05:02+00:00,other
data/raw/ICBHI/170_1b2_Tc_mc_AKGC417L.txt,.txt,87,2017-11-30T08:05:04+00:00,other
data/raw/ICBHI/170_1b3_Al_mc_AKGC417L.txt,.txt,100,2017-11-30T08:05:06+00:00,other
data/raw/ICBHI/170_1b3_Ar_mc_AKGC417L.txt,.txt,100,2017-11-30T08:05:08+00:00,other
data/raw/ICBHI/170_1b3_Ll_mc_AKGC417L.txt,.txt,100,2017-11-30T08:05:10+00:00,other
data/raw/ICBHI/170_1b3_Lr_mc_AKGC417L.txt,.txt,100,2017-11-30T08:05:10+00:00,other
data/raw/ICBHI/170_1b3_Pl_mc_AKGC417L.txt,.txt,100,2017-11-30T08:05:12+00:00,other
data/raw/ICBHI/170_1b3_Pr_mc_AKGC417L.txt,.txt,100,2017-11-30T08:05:14+00:00,other
data/raw/ICBHI/170_1b3_Tc_mc_AKGC417L.txt,.txt,100,2017-11-30T08:05:16+00:00,other
data/raw/ICBHI/170_1b4_Al_mc_AKGC417L.txt,.txt,100,2017-11-30T08:05:18+00:00,other
data/raw/ICBHI/170_1b4_Ar_mc_AKGC417L.txt,.txt,100,2017-11-30T08:05:20+00:00,other
data/raw/ICBHI/170_1b4_Lr_mc_AKGC417L.txt,.txt,100,2017-11-30T08:05:20+00:00,other
data/raw/ICBHI/170_1b4_Pl_mc_AKGC417L.txt,.txt,100,2017-11-30T08:05:22+00:00,other
data/raw/ICBHI/170_1b4_Pr_mc_AKGC417L.txt,.txt,100,2017-11-30T08:05:24+00:00,other
data/raw/ICBHI/170_1b4_Tc_mc_AKGC417L.txt,.txt,100,2017-11-30T08:05:26+00:00,other
data/raw/ICBHI/170_2b2_Al_mc_AKGC417L.txt,.txt,119,2017-11-30T08:05:28+00:00,other
data/raw/ICBHI/170_2b2_Ar_mc_AKGC417L.txt,.txt,119,2017-11-30T08:05:30+00:00,other
data/raw/ICBHI/170_2b2_Lr_mc_AKGC417L.txt,.txt,119,2017-11-30T08:05:32+00:00,other
data/raw/ICBHI/170_2b2_Pl_mc_AKGC417L.txt,.txt,119,2017-11-30T08:05:34+00:00,other
data/raw/ICBHI/170_2b2_Pr_mc_AKGC417L.txt,.txt,119,2017-11-30T08:05:36+00:00,other
data/raw/ICBHI/170_2b2_Tc_mc_AKGC417L.txt,.txt,119,2017-11-30T08:05:38+00:00,other
data/raw/ICBHI/171_1b1_Al_sc_Meditron.txt,.txt,153,2017-11-30T08:05:38+00:00,other
data/raw/ICBHI/172_1b3_Al_mc_AKGC417L.txt,.txt,117,2017-11-30T08:05:40+00:00,other
data/raw/ICBHI/172_1b3_Ar_mc_AKGC417L.txt,.txt,117,2017-11-30T08:05:42+00:00,other
data/raw/ICBHI/172_1b3_Ll_mc_AKGC417L.txt,.txt,117,2017-11-30T08:05:44+00:00,other
data/raw/ICBHI/172_1b3_Lr_mc_AKGC417L.txt,.txt,117,2017-11-30T08:05:44+00:00,other
data/raw/ICBHI/172_1b3_Pl_mc_AKGC417L.txt,.txt,117,2017-11-30T08:05:46+00:00,other
data/raw/ICBHI/172_1b3_Pr_mc_AKGC417L.txt,.txt,117,2017-11-30T08:05:48+00:00,other
data/raw/ICBHI/172_1b3_Tc_mc_AKGC417L.txt,.txt,117,2017-11-30T08:05:50+00:00,other
data/raw/ICBHI/172_1b4_Al_mc_AKGC417L.txt,.txt,103,2017-11-30T08:05:52+00:00,other
data/raw/ICBHI/172_1b4_Ar_mc_AKGC417L.txt,.txt,103,2017-11-30T08:05:52+00:00,other
data/raw/ICBHI/172_1b4_Ll_mc_AKGC417L.txt,.txt,103,2017-11-30T08:05:54+00:00,other
data/raw/ICBHI/172_1b4_Lr_mc_AKGC417L.txt,.txt,103,2017-11-30T08:05:56+00:00,other
data/raw/ICBHI/172_1b4_Pl_mc_AKGC417L.txt,.txt,103,2017-11-30T08:05:58+00:00,other
data/raw/ICBHI/172_1b4_Pr_mc_AKGC417L.txt,.txt,103,2017-11-30T08:06:00+00:00,other
data/raw/ICBHI/172_1b4_Tc_mc_AKGC417L.txt,.txt,103,2017-11-30T08:06:02+00:00,other
data/raw/ICBHI/172_1b5_Al_mc_AKGC417L.txt,.txt,118,2017-11-30T08:06:04+00:00,other
data/raw/ICBHI/172_1b5_Ar_mc_AKGC417L.txt,.txt,118,2017-11-30T08:06:06+00:00,other
data/raw/ICBHI/172_1b5_Ll_mc_AKGC417L.txt,.txt,118,2017-11-30T08:06:08+00:00,other
data/raw/ICBHI/172_1b5_Lr_mc_AKGC417L.txt,.txt,118,2017-11-30T08:06:10+00:00,other
data/raw/ICBHI/172_1b5_Pl_mc_AKGC417L.txt,.txt,118,2017-11-30T08:06:12+00:00,other
data/raw/ICBHI/172_1b5_Pr_mc_AKGC417L.txt,.txt,118,2017-11-30T08:06:14+00:00,other
data/raw/ICBHI/172_1b5_Tc_mc_AKGC417L.txt,.txt,118,2017-11-30T08:06:14+00:00,other
data/raw/ICBHI/172_2b5_Al_mc_AKGC417L.txt,.txt,102,2017-11-30T08:06:16+00:00,other
data/raw/ICBHI/172_2b5_Ar_mc_AKGC417L.txt,.txt,102,2017-11-30T08:06:18+00:00,other
data/raw/ICBHI/172_2b5_Lr_mc_AKGC417L.txt,.txt,102,2017-11-30T08:06:18+00:00,other
data/raw/ICBHI/172_2b5_Pl_mc_AKGC417L.txt,.txt,102,2017-11-30T08:06:20+00:00,other
data/raw/ICBHI/172_2b5_Pr_mc_AKGC417L.txt,.txt,102,2017-11-30T08:06:22+00:00,other
data/raw/ICBHI/172_2b5_Tc_mc_AKGC417L.txt,.txt,102,2017-11-30T08:06:24+00:00,other
data/raw/ICBHI/173_1b1_Al_sc_Meditron.txt,.txt,220,2017-11-30T08:06:26+00:00,other
data/raw/ICBHI/174_1p2_Ar_mc_AKGC417L.txt,.txt,82,2017-11-30T08:06:26+00:00,other
data/raw/ICBHI/174_1p2_Ll_mc_AKGC417L.txt,.txt,82,2017-11-30T08:06:28+00:00,other
data/raw/ICBHI/174_1p2_Lr_mc_AKGC417L.txt,.txt,82,2017-11-30T08:06:30+00:00,other
data/raw/ICBHI/174_1p2_Pl_mc_AKGC417L.txt,.txt,82,2017-11-30T08:06:32+00:00,other
data/raw/ICBHI/174_1p2_Pr_mc_AKGC417L.txt,.txt,82,2017-11-30T08:06:36+00:00,other
data/raw/ICBHI/174_1p2_Tc_mc_AKGC417L.txt,.txt,82,2017-11-30T08:06:38+00:00,other
data/raw/ICBHI/174_1p3_Ar_mc_AKGC417L.txt,.txt,80,2017-11-30T08:06:38+00:00,other
data/raw/ICBHI/174_1p3_Ll_mc_AKGC417L.txt,.txt,80,2017-11-30T08:06:40+00:00,other
data/raw/ICBHI/174_1p3_Lr_mc_AKGC417L.txt,.txt,80,2017-11-30T08:06:42+00:00,other
data/raw/ICBHI/174_1p3_Pl_mc_AKGC417L.txt,.txt,80,2017-11-30T08:06:44+00:00,other
data/raw/ICBHI/174_1p3_Pr_mc_AKGC417L.txt,.txt,80,2017-11-30T08:06:44+00:00,other
data/raw/ICBHI/174_1p3_Tc_mc_AKGC417L.txt,.txt,80,2017-11-30T08:06:46+00:00,other
data/raw/ICBHI/174_1p4_Ar_mc_AKGC417L.txt,.txt,87,2017-11-30T08:06:48+00:00,other
data/raw/ICBHI/174_1p4_Ll_mc_AKGC417L.txt,.txt,87,2017-11-30T08:06:50+00:00,other
data/raw/ICBHI/174_1p4_Lr_mc_AKGC417L.txt,.txt,87,2017-11-30T08:06:52+00:00,other
data/raw/ICBHI/174_1p4_Pl_mc_AKGC417L.txt,.txt,87,2017-11-30T08:06:54+00:00,other
data/raw/ICBHI/174_1p4_Pr_mc_AKGC417L.txt,.txt,87,2017-11-30T08:06:54+00:00,other
data/raw/ICBHI/174_1p4_Tc_mc_AKGC417L.txt,.txt,87,2017-11-30T08:06:56+00:00,other
data/raw/ICBHI/174_2p3_Al_mc_AKGC417L.txt,.txt,67,2017-11-30T08:06:58+00:00,other
data/raw/ICBHI/174_2p3_Ar_mc_AKGC417L.txt,.txt,67,2017-11-30T08:07:00+00:00,other
data/raw/ICBHI/174_2p3_Pl_mc_AKGC417L.txt,.txt,67,2017-11-30T08:07:02+00:00,other
data/raw/ICBHI/174_2p3_Pr_mc_AKGC417L.txt,.txt,67,2017-11-30T08:07:04+00:00,other
data/raw/ICBHI/174_2p3_Tc_mc_AKGC417L.txt,.txt,67,2017-11-30T08:07:04+00:00,other
data/raw/ICBHI/175_1b1_Al_sc_Litt3200.txt,.txt,70,2017-11-30T08:07:08+00:00,other
data/raw/ICBHI/175_1b1_Ar_sc_Litt3200.txt,.txt,54,2017-11-30T08:07:08+00:00,other
data/raw/ICBHI/175_1b1_Ll_sc_Litt3200.txt,.txt,71,2017-11-30T08:07:10+00:00,other
data/raw/ICBHI/175_1b1_Lr_sc_Litt3200.txt,.txt,65,2017-11-30T08:07:12+00:00,other
data/raw/ICBHI/175_1b1_Pl_sc_Litt3200.txt,.txt,70,2017-11-30T08:07:14+00:00,other
data/raw/ICBHI/175_1b1_Pr_sc_Litt3200.txt,.txt,65,2017-11-30T08:07:16+00:00,other
data/raw/ICBHI/176_1b3_Al_mc_AKGC417L.txt,.txt,99,2017-11-30T08:07:18+00:00,other
data/raw/ICBHI/176_1b3_Ar_mc_AKGC417L.txt,.txt,99,2017-11-30T08:07:18+00:00,other
data/raw/ICBHI/176_1b3_Ll_mc_AKGC417L.txt,.txt,99,2017-11-30T08:07:20+00:00,other
data/raw/ICBHI/176_1b3_Lr_mc_AKGC417L.txt,.txt,99,2017-11-30T08:07:22+00:00,other
data/raw/ICBHI/176_1b3_Pl_mc_AKGC417L.txt,.txt,99,2017-11-30T08:07:24+00:00,other
data/raw/ICBHI/176_1b3_Pr_mc_AKGC417L.txt,.txt,99,2017-11-30T08:07:26+00:00,other
data/raw/ICBHI/176_1b3_Tc_mc_AKGC417L.txt,.txt,99,2017-11-30T08:07:28+00:00,other
data/raw/ICBHI/176_1b4_Al_mc_AKGC417L.txt,.txt,99,2017-11-30T08:07:30+00:00,other
data/raw/ICBHI/176_1b4_Ar_mc_AKGC417L.txt,.txt,99,2017-11-30T08:07:32+00:00,other
data/raw/ICBHI/176_1b4_Ll_mc_AKGC417L.txt,.txt,99,2017-11-30T08:07:34+00:00,other
data/raw/ICBHI/176_1b4_Lr_mc_AKGC417L.txt,.txt,99,2017-11-30T08:07:34+00:00,other
data/raw/ICBHI/176_1b4_Pl_mc_AKGC417L.txt,.txt,99,2017-11-30T08:07:36+00:00,other
data/raw/ICBHI/176_1b4_Pr_mc_AKGC417L.txt,.txt,99,2017-11-30T08:07:38+00:00,other
data/raw/ICBHI/176_1b4_Tc_mc_AKGC417L.txt,.txt,99,2017-11-30T08:07:40+00:00,other
data/raw/ICBHI/176_2b3_Al_mc_AKGC417L.txt,.txt,115,2017-11-30T08:07:42+00:00,other
data/raw/ICBHI/176_2b3_Ar_mc_AKGC417L.txt,.txt,115,2017-11-30T08:07:44+00:00,other
data/raw/ICBHI/176_2b3_Ll_mc_AKGC417L.txt,.txt,115,2017-11-30T08:07:44+00:00,other
data/raw/ICBHI/176_2b3_Lr_mc_AKGC417L.txt,.txt,115,2017-11-30T08:07:46+00:00,other
data/raw/ICBHI/176_2b3_Pl_mc_AKGC417L.txt,.txt,115,2017-11-30T08:07:48+00:00,other
data/raw/ICBHI/176_2b3_Pr_mc_AKGC417L.txt,.txt,115,2017-11-30T08:07:50+00:00,other
data/raw/ICBHI/176_2b3_Tc_mc_AKGC417L.txt,.txt,115,2017-11-30T08:07:50+00:00,other
data/raw/ICBHI/177_1b2_Al_mc_AKGC417L.txt,.txt,69,2017-11-30T08:07:52+00:00,other
data/raw/ICBHI/177_1b2_Ar_mc_AKGC417L.txt,.txt,69,2017-11-30T08:07:54+00:00,other
data/raw/ICBHI/177_1b2_Lr_mc_AKGC417L.txt,.txt,69,2017-11-30T08:07:56+00:00,other
data/raw/ICBHI/177_1b2_Pl_mc_AKGC417L.txt,.txt,69,2017-11-30T08:07:58+00:00,other
data/raw/ICBHI/177_1b2_Pr_mc_AKGC417L.txt,.txt,69,2017-11-30T08:08:00+00:00,other
data/raw/ICBHI/177_1b2_Tc_mc_AKGC417L.txt,.txt,69,2017-11-30T08:08:02+00:00,other
data/raw/ICBHI/177_1b4_Al_mc_AKGC417L.txt,.txt,84,2017-11-30T08:08:04+00:00,other
data/raw/ICBHI/177_1b4_Ar_mc_AKGC417L.txt,.txt,84,2017-11-30T08:08:06+00:00,other
data/raw/ICBHI/177_1b4_Lr_mc_AKGC417L.txt,.txt,84,2017-11-30T08:08:08+00:00,other
data/raw/ICBHI/177_1b4_Pl_mc_AKGC417L.txt,.txt,84,2017-11-30T08:08:10+00:00,other
data/raw/ICBHI/177_1b4_Pr_mc_AKGC417L.txt,.txt,84,2017-11-30T08:08:10+00:00,other
data/raw/ICBHI/177_1b4_Tc_mc_AKGC417L.txt,.txt,84,2017-11-30T08:08:12+00:00,other
data/raw/ICBHI/177_2b4_Al_mc_AKGC417L.txt,.txt,87,2017-11-30T08:08:14+00:00,other
data/raw/ICBHI/177_2b4_Lr_mc_AKGC417L.txt,.txt,87,2017-11-30T08:08:16+00:00,other
data/raw/ICBHI/177_2b4_Pl_mc_AKGC417L.txt,.txt,87,2017-11-30T08:08:18+00:00,other
data/raw/ICBHI/177_2b4_Pr_mc_AKGC417L.txt,.txt,87,2017-11-30T08:08:22+00:00,other
data/raw/ICBHI/177_2b4_Tc_mc_AKGC417L.txt,.txt,87,2017-11-30T08:08:22+00:00,other
data/raw/ICBHI/178_1b2_Al_mc_AKGC417L.txt,.txt,201,2017-11-30T08:08:24+00:00,other
data/raw/ICBHI/178_1b2_Ar_mc_AKGC417L.txt,.txt,201,2017-11-30T08:08:26+00:00,other
data/raw/ICBHI/178_1b2_Lr_mc_AKGC417L.txt,.txt,201,2017-11-30T08:08:28+00:00,other
data/raw/ICBHI/178_1b2_Pl_mc_AKGC417L.txt,.txt,201,2017-11-30T08:08:30+00:00,other
data/raw/ICBHI/178_1b2_Pr_mc_AKGC417L.txt,.txt,201,2017-11-30T08:08:32+00:00,other
data/raw/ICBHI/178_1b2_Tc_mc_AKGC417L.txt,.txt,201,2017-11-30T08:08:34+00:00,other
data/raw/ICBHI/178_1b3_Al_mc_AKGC417L.txt,.txt,85,2017-11-30T08:08:36+00:00,other
data/raw/ICBHI/178_1b3_Ar_mc_AKGC417L.txt,.txt,85,2017-11-30T08:08:38+00:00,other
data/raw/ICBHI/178_1b3_Lr_mc_AKGC417L.txt,.txt,85,2017-11-30T08:08:40+00:00,other
data/raw/ICBHI/178_1b3_Pl_mc_AKGC417L.txt,.txt,85,2017-11-30T08:08:42+00:00,other
data/raw/ICBHI/178_1b3_Pr_mc_AKGC417L.txt,.txt,85,2017-11-30T08:08:44+00:00,other
data/raw/ICBHI/178_1b3_Tc_mc_AKGC417L.txt,.txt,85,2017-11-30T08:08:46+00:00,other
data/raw/ICBHI/178_1b6_Al_mc_AKGC417L.txt,.txt,137,2017-11-30T08:08:48+00:00,other
data/raw/ICBHI/178_1b6_Ar_mc_AKGC417L.txt,.txt,137,2017-11-30T08:08:50+00:00,other
data/raw/ICBHI/178_1b6_Ll_mc_AKGC417L.txt,.txt,137,2017-11-30T08:08:50+00:00,other
data/raw/ICBHI/178_1b6_Lr_mc_AKGC417L.txt,.txt,137,2017-11-30T08:08:54+00:00,other
data/raw/ICBHI/178_1b6_Pl_mc_AKGC417L.txt,.txt,137,2017-11-30T08:08:56+00:00,other
data/raw/ICBHI/178_1b6_Pr_mc_AKGC417L.txt,.txt,137,2017-11-30T08:08:58+00:00,other
data/raw/ICBHI/178_1b6_Tc_mc_AKGC417L.txt,.txt,137,2017-11-30T08:09:00+00:00,other
data/raw/ICBHI/178_2b2_Al_mc_AKGC417L.txt,.txt,165,2017-11-30T08:09:02+00:00,other
data/raw/ICBHI/178_2b2_Ar_mc_AKGC417L.txt,.txt,165,2017-11-30T08:09:02+00:00,other
data/raw/ICBHI/178_2b2_Lr_mc_AKGC417L.txt,.txt,165,2017-11-30T08:09:04+00:00,other
data/raw/ICBHI/178_2b2_Pr_mc_AKGC417L.txt,.txt,165,2017-11-30T08:09:06+00:00,other
data/raw/ICBHI/178_2b2_Tc_mc_AKGC417L.txt,.txt,165,2017-11-30T08:09:08+00:00,other
data/raw/ICBHI/179_1b1_Al_sc_Meditron.txt,.txt,135,2017-11-30T08:09:10+00:00,other
data/raw/ICBHI/179_1b1_Tc_sc_Meditron.txt,.txt,112,2017-11-30T08:09:12+00:00,other
data/raw/ICBHI/180_1b4_Al_mc_AKGC417L.txt,.txt,101,2017-11-30T08:09:14+00:00,other
data/raw/ICBHI/180_1b4_Ar_mc_AKGC417L.txt,.txt,101,2017-11-30T08:09:14+00:00,other
data/raw/ICBHI/180_1b4_Lr_mc_AKGC417L.txt,.txt,101,2017-11-30T08:09:16+00:00,other
data/raw/ICBHI/180_1b4_Pl_mc_AKGC417L.txt,.txt,101,2017-11-30T08:09:18+00:00,other
data/raw/ICBHI/180_1b4_Pr_mc_AKGC417L.txt,.txt,101,2017-11-30T08:09:20+00:00,other
data/raw/ICBHI/181_1b1_Ar_mc_LittC2SE.txt,.txt,69,2017-11-30T08:09:22+00:00,other
data/raw/ICBHI/181_1b1_Tc_mc_LittC2SE.txt,.txt,66,2017-11-30T08:09:24+00:00,other
data/raw/ICBHI/181_1b2_Ar_mc_LittC2SE.txt,.txt,69,2017-11-30T08:09:26+00:00,other
data/raw/ICBHI/181_1b3_Tc_mc_LittC2SE.txt,.txt,85,2017-11-30T08:09:28+00:00,other
data/raw/ICBHI/182_1b1_Tc_sc_Meditron.txt,.txt,115,2017-11-30T08:09:30+00:00,other
data/raw/ICBHI/183_1b1_Pl_sc_Meditron.txt,.txt,64,2017-11-30T08:09:32+00:00,other
data/raw/ICBHI/183_1b1_Tc_sc_Meditron.txt,.txt,67,2017-11-30T08:09:32+00:00,other
data/raw/ICBHI/184_1b1_Ar_sc_Meditron.txt,.txt,132,2017-11-30T08:09:34+00:00,other
data/raw/ICBHI/185_1b1_Al_sc_Litt3200.txt,.txt,127,2017-11-30T08:09:36+00:00,other
data/raw/ICBHI/185_1b1_Ar_sc_Litt3200.txt,.txt,188,2017-11-30T08:09:38+00:00,other
data/raw/ICBHI/185_1b1_Ll_sc_Litt3200.txt,.txt,177,2017-11-30T08:09:40+00:00,other
data/raw/ICBHI/185_1b1_Lr_sc_Litt3200.txt,.txt,122,2017-11-30T08:09:42+00:00,other
data/raw/ICBHI/185_1b1_Pl_sc_Litt3200.txt,.txt,151,2017-11-30T08:09:44+00:00,other
data/raw/ICBHI/185_1b1_Pr_sc_Litt3200.txt,.txt,190,2017-11-30T08:09:44+00:00,other
data/raw/ICBHI/186_2b2_Al_mc_AKGC417L.txt,.txt,85,2017-11-30T08:09:46+00:00,other
data/raw/ICBHI/186_2b2_Ar_mc_AKGC417L.txt,.txt,85,2017-11-30T08:09:48+00:00,other
data/raw/ICBHI/186_2b2_Lr_mc_AKGC417L.txt,.txt,85,2017-11-30T08:09:50+00:00,other
data/raw/ICBHI/186_2b2_Pl_mc_AKGC417L.txt,.txt,85,2017-11-30T08:09:52+00:00,other
data/raw/ICBHI/186_2b2_Pr_mc_AKGC417L.txt,.txt,85,2017-11-30T08:09:52+00:00,other
data/raw/ICBHI/186_2b2_Tc_mc_AKGC417L.txt,.txt,85,2017-11-30T08:09:54+00:00,other
data/raw/ICBHI/186_2b3_Al_mc_AKGC417L.txt,.txt,83,2017-11-30T08:09:56+00:00,other
data/raw/ICBHI/186_2b3_Ar_mc_AKGC417L.txt,.txt,83,2017-11-30T08:09:58+00:00,other
data/raw/ICBHI/186_2b3_Lr_mc_AKGC417L.txt,.txt,83,2017-11-30T08:10:00+00:00,other
data/raw/ICBHI/186_2b3_Pl_mc_AKGC417L.txt,.txt,83,2017-11-30T08:10:02+00:00,other
data/raw/ICBHI/186_2b3_Pr_mc_AKGC417L.txt,.txt,83,2017-11-30T08:10:04+00:00,other
data/raw/ICBHI/186_2b3_Tc_mc_AKGC417L.txt,.txt,83,2017-11-30T08:10:06+00:00,other
data/raw/ICBHI/186_2b4_Al_mc_AKGC417L.txt,.txt,85,2017-11-30T08:10:06+00:00,other
data/raw/ICBHI/186_2b4_Ar_mc_AKGC417L.txt,.txt,85,2017-11-30T08:10:08+00:00,other
data/raw/ICBHI/186_2b4_Lr_mc_AKGC417L.txt,.txt,85,2017-11-30T08:10:10+00:00,other
data/raw/ICBHI/186_2b4_Pl_mc_AKGC417L.txt,.txt,85,2017-11-30T08:10:12+00:00,other
data/raw/ICBHI/186_2b4_Pr_mc_AKGC417L.txt,.txt,85,2017-11-30T08:10:14+00:00,other
data/raw/ICBHI/186_2b4_Tc_mc_AKGC417L.txt,.txt,85,2017-11-30T08:10:16+00:00,other
data/raw/ICBHI/186_3b3_Al_mc_AKGC417L.txt,.txt,103,2017-11-30T08:10:18+00:00,other
data/raw/ICBHI/186_3b3_Ar_mc_AKGC417L.txt,.txt,103,2017-11-30T08:10:18+00:00,other
data/raw/ICBHI/186_3b3_Lr_mc_AKGC417L.txt,.txt,103,2017-11-30T08:10:20+00:00,other
data/raw/ICBHI/186_3b3_Pl_mc_AKGC417L.txt,.txt,103,2017-11-30T08:10:22+00:00,other
data/raw/ICBHI/186_3b3_Pr_mc_AKGC417L.txt,.txt,103,2017-11-30T08:10:24+00:00,other
data/raw/ICBHI/186_3b3_Tc_mc_AKGC417L.txt,.txt,103,2017-11-30T08:10:26+00:00,other
data/raw/ICBHI/187_1b1_Ll_sc_Meditron.txt,.txt,275,2017-11-30T08:10:28+00:00,other
data/raw/ICBHI/188_1b1_Al_sc_Meditron.txt,.txt,249,2017-11-30T08:10:30+00:00,other
data/raw/ICBHI/188_1b1_Ar_sc_Meditron.txt,.txt,281,2017-11-30T08:10:32+00:00,other
data/raw/ICBHI/188_1b1_Pl_sc_Meditron.txt,.txt,232,2017-11-30T08:10:32+00:00,other
data/raw/ICBHI/188_1b1_Tc_sc_Meditron.txt,.txt,269,2017-11-30T08:10:34+00:00,other
data/raw/ICBHI/189_1b2_Lr_mc_LittC2SE.txt,.txt,85,2017-11-30T08:10:36+00:00,other
data/raw/ICBHI/190_1b1_Tc_sc_Meditron.txt,.txt,63,2017-11-30T08:10:38+00:00,other
data/raw/ICBHI/191_2b1_Pl_mc_LittC2SE.txt,.txt,134,2017-11-30T08:10:40+00:00,other
data/raw/ICBHI/191_2b1_Pr_mc_LittC2SE.txt,.txt,136,2017-11-30T08:10:42+00:00,other
data/raw/ICBHI/191_2b2_Tc_mc_LittC2SE.txt,.txt,137,2017-11-30T08:10:44+00:00,other
data/raw/ICBHI/192_2b1_Al_mc_LittC2SE.txt,.txt,135,2017-11-30T08:10:46+00:00,other
data/raw/ICBHI/192_2b1_Ar_mc_LittC2SE.txt,.txt,133,2017-11-30T08:10:48+00:00,other
data/raw/ICBHI/192_2b2_Al_mc_LittC2SE.txt,.txt,131,2017-11-30T08:10:48+00:00,other
data/raw/ICBHI/192_2b2_Ar_mc_LittC2SE.txt,.txt,134,2017-11-30T08:10:50+00:00,other
data/raw/ICBHI/192_2b3_Al_mc_LittC2SE.txt,.txt,117,2017-11-30T08:10:52+00:00,other
data/raw/ICBHI/192_2b3_Ar_mc_LittC2SE.txt,.txt,116,2017-11-30T08:10:54+00:00,other
data/raw/ICBHI/193_1b2_Al_mc_AKGC417L.txt,.txt,201,2017-11-30T08:10:56+00:00,other
data/raw/ICBHI/193_1b2_Ar_mc_AKGC417L.txt,.txt,201,2017-11-30T08:10:58+00:00,other
data/raw/ICBHI/193_1b2_Ll_mc_AKGC417L.txt,.txt,201,2017-11-30T08:11:00+00:00,other
data/raw/ICBHI/193_1b2_Pl_mc_AKGC417L.txt,.txt,201,2017-11-30T08:11:02+00:00,other
data/raw/ICBHI/193_1b2_Pr_mc_AKGC417L.txt,.txt,201,2017-11-30T08:11:04+00:00,other
data/raw/ICBHI/193_1b2_Tc_mc_AKGC417L.txt,.txt,201,2017-11-30T08:11:06+00:00,other
data/raw/ICBHI/193_1b4_Lr_mc_AKGC417L.txt,.txt,165,2017-11-30T08:11:08+00:00,other
data/raw/ICBHI/193_7b3_Al_mc_AKGC417L.txt,.txt,131,2017-11-30T08:11:10+00:00,other
data/raw/ICBHI/193_7b3_Ar_mc_AKGC417L.txt,.txt,131,2017-11-30T08:11:12+00:00,other
data/raw/ICBHI/193_7b3_Ll_mc_AKGC417L.txt,.txt,131,2017-11-30T08:11:14+00:00,other
data/raw/ICBHI/193_7b3_Lr_mc_AKGC417L.txt,.txt,131,2017-11-30T08:11:16+00:00,other
data/raw/ICBHI/193_7b3_Pl_mc_AKGC417L.txt,.txt,131,2017-11-30T08:11:18+00:00,other
data/raw/ICBHI/193_7b3_Pr_mc_AKGC417L.txt,.txt,131,2017-11-30T08:11:18+00:00,other
data/raw/ICBHI/193_7b3_Tc_mc_AKGC417L.txt,.txt,131,2017-11-30T08:11:20+00:00,other
data/raw/ICBHI/194_1b1_Lr_sc_Meditron.txt,.txt,151,2017-11-30T08:11:22+00:00,other
data/raw/ICBHI/194_1b1_Pr_sc_Meditron.txt,.txt,149,2017-11-30T08:11:24+00:00,other
data/raw/ICBHI/195_1b1_Al_sc_Litt3200.txt,.txt,214,2017-11-30T08:11:26+00:00,other
data/raw/ICBHI/195_1b1_Ar_sc_Litt3200.txt,.txt,302,2017-11-30T08:11:28+00:00,other
data/raw/ICBHI/195_1b1_Ll_sc_Litt3200.txt,.txt,194,2017-11-30T08:11:30+00:00,other
data/raw/ICBHI/195_1b1_Lr_sc_Litt3200.txt,.txt,151,2017-11-30T08:11:32+00:00,other
data/raw/ICBHI/195_1b1_Pl_sc_Litt3200.txt,.txt,160,2017-11-30T08:11:34+00:00,other
data/raw/ICBHI/195_1b1_Pr_sc_Litt3200.txt,.txt,297,2017-11-30T08:11:36+00:00,other
data/raw/ICBHI/196_1b1_Pr_sc_Meditron.txt,.txt,102,2017-11-30T08:11:38+00:00,other
data/raw/ICBHI/197_1b1_Al_sc_Meditron.txt,.txt,51,2017-11-30T08:11:40+00:00,other
data/raw/ICBHI/197_1b1_Tc_sc_Meditron.txt,.txt,85,2017-11-30T08:11:40+00:00,other
data/raw/ICBHI/198_1b5_Al_mc_AKGC417L.txt,.txt,117,2017-11-30T08:11:42+00:00,other
data/raw/ICBHI/198_1b5_Ar_mc_AKGC417L.txt,.txt,117,2017-11-30T08:11:44+00:00,other
data/raw/ICBHI/198_1b5_Ll_mc_AKGC417L.txt,.txt,117,2017-11-30T08:11:46+00:00,other
data/raw/ICBHI/198_1b5_Lr_mc_AKGC417L.txt,.txt,117,2017-11-30T08:11:48+00:00,other
data/raw/ICBHI/198_1b5_Pl_mc_AKGC417L.txt,.txt,117,2017-11-30T08:11:50+00:00,other
data/raw/ICBHI/198_1b5_Pr_mc_AKGC417L.txt,.txt,117,2017-11-30T08:11:50+00:00,other
data/raw/ICBHI/198_1b5_Tc_mc_AKGC417L.txt,.txt,117,2017-11-30T08:11:52+00:00,other
data/raw/ICBHI/198_6p1_Al_mc_AKGC417L.txt,.txt,117,2017-11-30T08:11:54+00:00,other
data/raw/ICBHI/198_6p1_Ar_mc_AKGC417L.txt,.txt,101,2017-11-30T08:11:56+00:00,other
data/raw/ICBHI/198_6p1_Ll_mc_AKGC417L.txt,.txt,119,2017-11-30T08:11:58+00:00,other
data/raw/ICBHI/198_6p1_Lr_mc_AKGC417L.txt,.txt,117,2017-11-30T08:11:58+00:00,other
data/raw/ICBHI/198_6p1_Pl_mc_AKGC417L.txt,.txt,119,2017-11-30T08:12:02+00:00,other
data/raw/ICBHI/198_6p1_Pr_mc_AKGC417L.txt,.txt,117,2017-11-30T08:12:04+00:00,other
data/raw/ICBHI/198_6p1_Tc_mc_AKGC417L.txt,.txt,137,2017-11-30T08:12:06+00:00,other
data/raw/ICBHI/199_2b1_Ll_mc_LittC2SE.txt,.txt,148,2017-11-30T08:12:08+00:00,other
data/raw/ICBHI/199_2b3_Ll_mc_LittC2SE.txt,.txt,148,2017-11-30T08:12:10+00:00,other
data/raw/ICBHI/200_2p2_Al_mc_AKGC417L.txt,.txt,85,2017-11-30T08:12:14+00:00,other
data/raw/ICBHI/200_2p2_Ar_mc_AKGC417L.txt,.txt,85,2017-11-30T08:12:16+00:00,other
data/raw/ICBHI/200_2p2_Lr_mc_AKGC417L.txt,.txt,85,2017-11-30T08:12:16+00:00,other
data/raw/ICBHI/200_2p2_Pl_mc_AKGC417L.txt,.txt,85,2017-11-30T08:12:18+00:00,other
data/raw/ICBHI/200_2p2_Pr_mc_AKGC417L.txt,.txt,85,2017-11-30T08:12:20+00:00,other
data/raw/ICBHI/200_2p2_Tc_mc_AKGC417L.txt,.txt,85,2017-11-30T08:12:22+00:00,other
data/raw/ICBHI/200_2p3_Al_mc_AKGC417L.txt,.txt,51,2017-11-30T08:12:24+00:00,other
data/raw/ICBHI/200_2p3_Ar_mc_AKGC417L.txt,.txt,51,2017-11-30T08:12:26+00:00,other
data/raw/ICBHI/200_2p3_Lr_mc_AKGC417L.txt,.txt,51,2017-11-30T08:12:28+00:00,other
data/raw/ICBHI/200_2p3_Pl_mc_AKGC417L.txt,.txt,51,2017-11-30T08:12:28+00:00,other
data/raw/ICBHI/200_2p3_Pr_mc_AKGC417L.txt,.txt,51,2017-11-30T08:12:30+00:00,other
data/raw/ICBHI/200_2p3_Tc_mc_AKGC417L.txt,.txt,51,2017-11-30T08:12:32+00:00,other
data/raw/ICBHI/200_2p4_Al_mc_AKGC417L.txt,.txt,85,2017-11-30T08:12:34+00:00,other
data/raw/ICBHI/200_2p4_Ar_mc_AKGC417L.txt,.txt,85,2017-11-30T08:12:36+00:00,other
data/raw/ICBHI/200_2p4_Lr_mc_AKGC417L.txt,.txt,85,2017-11-30T08:12:38+00:00,other
data/raw/ICBHI/200_2p4_Pl_mc_AKGC417L.txt,.txt,85,2017-11-30T08:12:40+00:00,other
data/raw/ICBHI/200_2p4_Pr_mc_AKGC417L.txt,.txt,85,2017-11-30T08:12:42+00:00,other
data/raw/ICBHI/200_2p4_Tc_mc_AKGC417L.txt,.txt,85,2017-11-30T08:12:44+00:00,other
data/raw/ICBHI/200_3p4_Al_mc_AKGC417L.txt,.txt,67,2017-11-30T08:12:46+00:00,other
data/raw/ICBHI/200_3p4_Ar_mc_AKGC417L.txt,.txt,67,2017-11-30T08:12:48+00:00,other
data/raw/ICBHI/200_3p4_Pl_mc_AKGC417L.txt,.txt,67,2017-11-30T08:12:48+00:00,other
data/raw/ICBHI/200_3p4_Pr_mc_AKGC417L.txt,.txt,67,2017-11-30T08:12:50+00:00,other
data/raw/ICBHI/200_3p4_Tc_mc_AKGC417L.txt,.txt,67,2017-11-30T08:12:52+00:00,other
data/raw/ICBHI/201_1b1_Al_sc_Meditron.txt,.txt,116,2017-11-30T08:12:54+00:00,other
data/raw/ICBHI/201_1b1_Ar_sc_Meditron.txt,.txt,116,2017-11-30T08:12:56+00:00,other
data/raw/ICBHI/201_1b2_Al_sc_Meditron.txt,.txt,119,2017-11-30T08:12:58+00:00,other
data/raw/ICBHI/201_1b2_Ar_sc_Meditron.txt,.txt,114,2017-11-30T08:13:00+00:00,other
data/raw/ICBHI/201_1b3_Al_sc_Meditron.txt,.txt,99,2017-11-30T08:13:02+00:00,other
data/raw/ICBHI/201_1b3_Ar_sc_Meditron.txt,.txt,117,2017-11-30T08:13:04+00:00,other
data/raw/ICBHI/202_1b1_Ar_sc_Meditron.txt,.txt,169,2017-11-30T08:13:06+00:00,other
data/raw/ICBHI/203_1p2_Al_mc_AKGC417L.txt,.txt,169,2017-11-30T08:13:06+00:00,other
data/raw/ICBHI/203_1p2_Ar_mc_AKGC417L.txt,.txt,169,2017-11-30T08:13:08+00:00,other
data/raw/ICBHI/203_1p2_Lr_mc_AKGC417L.txt,.txt,169,2017-11-30T08:13:10+00:00,other
data/raw/ICBHI/203_1p2_Pl_mc_AKGC417L.txt,.txt,169,2017-11-30T08:13:12+00:00,other
data/raw/ICBHI/203_1p2_Pr_mc_AKGC417L.txt,.txt,169,2017-11-30T08:13:14+00:00,other
data/raw/ICBHI/203_1p2_Tc_mc_AKGC417L.txt,.txt,169,2017-11-30T08:13:16+00:00,other
data/raw/ICBHI/203_1p3_Al_mc_AKGC417L.txt,.txt,167,2017-11-30T08:13:18+00:00,other
data/raw/ICBHI/203_1p3_Ar_mc_AKGC417L.txt,.txt,167,2017-11-30T08:13:18+00:00,other
data/raw/ICBHI/203_1p3_Pl_mc_AKGC417L.txt,.txt,167,2017-11-30T08:13:20+00:00,other
data/raw/ICBHI/203_1p3_Pr_mc_AKGC417L.txt,.txt,167,2017-11-30T08:13:22+00:00,other
data/raw/ICBHI/203_1p3_Tc_mc_AKGC417L.txt,.txt,167,2017-11-30T08:13:24+00:00,other
data/raw/ICBHI/203_1p4_Al_mc_AKGC417L.txt,.txt,150,2017-11-30T08:13:26+00:00,other
data/raw/ICBHI/203_1p4_Ar_mc_AKGC417L.txt,.txt,150,2017-11-30T08:13:28+00:00,other
data/raw/ICBHI/203_1p4_Pl_mc_AKGC417L.txt,.txt,150,2017-11-30T08:13:32+00:00,other
data/raw/ICBHI/203_1p4_Pr_mc_AKGC417L.txt,.txt,150,2017-11-30T08:13:34+00:00,other
data/raw/ICBHI/203_1p4_Tc_mc_AKGC417L.txt,.txt,150,2017-11-30T08:13:36+00:00,other
data/raw/ICBHI/203_2p3_Al_mc_AKGC417L.txt,.txt,99,2017-11-30T08:13:38+00:00,other
data/raw/ICBHI/203_2p3_Ar_mc_AKGC417L.txt,.txt,99,2017-11-30T08:13:40+00:00,other
data/raw/ICBHI/203_2p3_Pl_mc_AKGC417L.txt,.txt,99,2017-11-30T08:13:42+00:00,other
data/raw/ICBHI/203_2p3_Pr_mc_AKGC417L.txt,.txt,99,2017-11-30T08:13:44+00:00,other
data/raw/ICBHI/203_2p3_Tc_mc_AKGC417L.txt,.txt,99,2017-11-30T08:13:46+00:00,other
data/raw/ICBHI/204_2b5_Al_mc_AKGC417L.txt,.txt,119,2017-11-30T08:13:48+00:00,other
data/raw/ICBHI/204_2b5_Ar_mc_AKGC417L.txt,.txt,119,2017-11-30T08:13:50+00:00,other
data/raw/ICBHI/204_2b5_Ll_mc_AKGC417L.txt,.txt,116,2017-11-30T08:13:52+00:00,other
data/raw/ICBHI/204_7p5_Al_mc_AKGC417L.txt,.txt,119,2017-11-30T08:13:56+00:00,other
data/raw/ICBHI/204_7p5_Ar_mc_AKGC417L.txt,.txt,119,2017-11-30T08:13:56+00:00,other
data/raw/ICBHI/204_7p5_Ll_mc_AKGC417L.txt,.txt,119,2017-11-30T08:13:58+00:00,other
data/raw/ICBHI/204_7p5_Lr_mc_AKGC417L.txt,.txt,119,2017-11-30T08:14:02+00:00,other
data/raw/ICBHI/204_7p5_Pr_mc_AKGC417L.txt,.txt,119,2017-11-30T08:14:02+00:00,other
data/raw/ICBHI/204_7p5_Tc_mc_AKGC417L.txt,.txt,119,2017-11-30T08:14:04+00:00,other
data/raw/ICBHI/205_1b3_Al_mc_AKGC417L.txt,.txt,103,2017-11-30T08:14:06+00:00,other
data/raw/ICBHI/205_1b3_Ar_mc_AKGC417L.txt,.txt,103,2017-11-30T08:14:08+00:00,other
data/raw/ICBHI/205_1b3_Ll_mc_AKGC417L.txt,.txt,103,2017-11-30T08:14:10+00:00,other
data/raw/ICBHI/205_1b3_Lr_mc_AKGC417L.txt,.txt,103,2017-11-30T08:14:12+00:00,other
data/raw/ICBHI/205_1b3_Pl_mc_AKGC417L.txt,.txt,103,2017-11-30T08:14:14+00:00,other
data/raw/ICBHI/205_1b3_Pr_mc_AKGC417L.txt,.txt,103,2017-11-30T08:14:16+00:00,other
data/raw/ICBHI/205_2b2_Pr_mc_AKGC417L.txt,.txt,84,2017-11-30T08:14:16+00:00,other
data/raw/ICBHI/205_2b3_Al_mc_AKGC417L.txt,.txt,82,2017-11-30T08:14:20+00:00,other
data/raw/ICBHI/205_2b3_Ar_mc_AKGC417L.txt,.txt,82,2017-11-30T08:14:22+00:00,other
data/raw/ICBHI/205_2b3_Ll_mc_AKGC417L.txt,.txt,82,2017-11-30T08:14:24+00:00,other
data/raw/ICBHI/205_2b4_Pl_mc_AKGC417L.txt,.txt,85,2017-11-30T08:14:24+00:00,other
data/raw/ICBHI/205_3b4_Al_mc_AKGC417L.txt,.txt,69,2017-11-30T08:14:26+00:00,other
data/raw/ICBHI/205_3b4_Ar_mc_AKGC417L.txt,.txt,69,2017-11-30T08:14:28+00:00,other
data/raw/ICBHI/205_3b4_Pl_mc_AKGC417L.txt,.txt,69,2017-11-30T08:14:30+00:00,other
data/raw/ICBHI/205_3b4_Pr_mc_AKGC417L.txt,.txt,69,2017-11-30T08:14:32+00:00,other
data/raw/ICBHI/205_4b2_Al_mc_AKGC417L.txt,.txt,85,2017-11-30T08:14:34+00:00,other
data/raw/ICBHI/205_4b2_Ar_mc_AKGC417L.txt,.txt,85,2017-11-30T08:14:34+00:00,other
data/raw/ICBHI/205_4b2_Lr_mc_AKGC417L.txt,.txt,85,2017-11-30T08:14:36+00:00,other
data/raw/ICBHI/205_4b2_Pl_mc_AKGC417L.txt,.txt,85,2017-11-30T08:14:38+00:00,other
data/raw/ICBHI/205_4b2_Pr_mc_AKGC417L.txt,.txt,85,2017-11-30T08:14:40+00:00,other
data/raw/ICBHI/206_1b1_Ar_sc_Meditron.txt,.txt,183,2017-11-30T08:14:44+00:00,other
data/raw/ICBHI/206_1b1_Lr_sc_Meditron.txt,.txt,133,2017-11-30T08:14:46+00:00,other
data/raw/ICBHI/206_1b1_Pl_sc_Meditron.txt,.txt,137,2017-11-30T08:14:52+00:00,other
data/raw/ICBHI/207_2b2_Al_mc_AKGC417L.txt,.txt,101,2017-11-30T08:14:54+00:00,other
data/raw/ICBHI/207_2b2_Ar_mc_AKGC417L.txt,.txt,101,2017-11-30T08:14:56+00:00,other
data/raw/ICBHI/207_2b2_Pl_mc_AKGC417L.txt,.txt,101,2017-11-30T08:14:58+00:00,other
data/raw/ICBHI/207_2b2_Pr_mc_AKGC417L.txt,.txt,101,2017-11-30T08:15:00+00:00,other
data/raw/ICBHI/207_2b2_Tc_mc_AKGC417L.txt,.txt,101,2017-11-30T08:15:02+00:00,other
data/raw/ICBHI/207_2b3_Al_mc_AKGC417L.txt,.txt,99,2017-11-30T08:15:04+00:00,other
data/raw/ICBHI/207_2b3_Ar_mc_AKGC417L.txt,.txt,99,2017-11-30T08:15:06+00:00,other
data/raw/ICBHI/207_2b3_Pl_mc_AKGC417L.txt,.txt,99,2017-11-30T08:15:08+00:00,other
data/raw/ICBHI/207_2b3_Pr_mc_AKGC417L.txt,.txt,99,2017-11-30T08:15:08+00:00,other
data/raw/ICBHI/207_2b3_Tc_mc_AKGC417L.txt,.txt,99,2017-11-30T08:15:14+00:00,other
data/raw/ICBHI/207_2b4_Al_mc_AKGC417L.txt,.txt,85,2017-11-30T08:15:16+00:00,other
data/raw/ICBHI/207_2b4_Ar_mc_AKGC417L.txt,.txt,85,2017-11-30T08:15:16+00:00,other
data/raw/ICBHI/207_2b4_Pl_mc_AKGC417L.txt,.txt,85,2017-11-30T08:15:18+00:00,other
data/raw/ICBHI/207_2b4_Pr_mc_AKGC417L.txt,.txt,85,2017-11-30T08:15:20+00:00,other
data/raw/ICBHI/207_2b4_Tc_mc_AKGC417L.txt,.txt,85,2017-11-30T08:15:22+00:00,other
data/raw/ICBHI/207_3b2_Al_mc_AKGC417L.txt,.txt,153,2017-11-30T08:15:24+00:00,other
data/raw/ICBHI/207_3b2_Ar_mc_AKGC417L.txt,.txt,153,2017-11-30T08:15:26+00:00,other
data/raw/ICBHI/207_3b2_Lr_mc_AKGC417L.txt,.txt,153,2017-11-30T08:15:28+00:00,other
data/raw/ICBHI/207_3b2_Pl_mc_AKGC417L.txt,.txt,153,2017-11-30T08:15:30+00:00,other
data/raw/ICBHI/207_3b2_Pr_mc_AKGC417L.txt,.txt,153,2017-11-30T08:15:32+00:00,other
data/raw/ICBHI/207_3b2_Tc_mc_AKGC417L.txt,.txt,153,2017-11-30T08:15:34+00:00,other
data/raw/ICBHI/208_1b1_Ll_sc_Meditron.txt,.txt,219,2017-11-30T08:15:36+00:00,other
data/raw/ICBHI/209_1b1_Tc_sc_Meditron.txt,.txt,67,2017-11-30T08:15:36+00:00,other
data/raw/ICBHI/210_1b1_Al_sc_Meditron.txt,.txt,304,2017-11-30T08:15:38+00:00,other
data/raw/ICBHI/210_1b1_Ar_sc_Meditron.txt,.txt,223,2017-11-30T08:15:40+00:00,other
data/raw/ICBHI/211_1p2_Ar_mc_AKGC417L.txt,.txt,221,2017-11-30T08:15:42+00:00,other
data/raw/ICBHI/211_1p2_Pl_mc_AKGC417L.txt,.txt,219,2017-11-30T08:15:44+00:00,other
data/raw/ICBHI/211_1p2_Pr_mc_AKGC417L.txt,.txt,219,2017-11-30T08:15:46+00:00,other
data/raw/ICBHI/211_1p3_Ar_mc_AKGC417L.txt,.txt,236,2017-11-30T08:15:48+00:00,other
data/raw/ICBHI/211_1p5_Ar_mc_AKGC417L.txt,.txt,233,2017-11-30T08:15:52+00:00,other
data/raw/ICBHI/211_2p2_Tc_mc_AKGC417L.txt,.txt,221,2017-11-30T08:15:54+00:00,other
data/raw/ICBHI/211_2p3_Tc_mc_AKGC417L.txt,.txt,269,2017-11-30T08:15:56+00:00,other
data/raw/ICBHI/211_2p4_Tc_mc_AKGC417L.txt,.txt,253,2017-11-30T08:15:58+00:00,other
data/raw/ICBHI/212_2b2_Tc_mc_LittC2SE.txt,.txt,118,2017-11-30T08:16:00+00:00,other
data/raw/ICBHI/213_1p2_Al_mc_AKGC417L.txt,.txt,102,2017-11-30T08:16:02+00:00,other
data/raw/ICBHI/213_1p2_Ar_mc_AKGC417L.txt,.txt,102,2017-11-30T08:16:04+00:00,other
data/raw/ICBHI/213_1p2_Lr_mc_AKGC417L.txt,.txt,102,2017-11-30T08:16:06+00:00,other
data/raw/ICBHI/213_1p2_Pl_mc_AKGC417L.txt,.txt,102,2017-11-30T08:16:08+00:00,other
data/raw/ICBHI/213_1p2_Pr_mc_AKGC417L.txt,.txt,102,2017-11-30T08:16:10+00:00,other
data/raw/ICBHI/213_1p2_Tc_mc_AKGC417L.txt,.txt,102,2017-11-30T08:16:12+00:00,other
data/raw/ICBHI/213_1p3_Al_mc_AKGC417L.txt,.txt,121,2017-11-30T08:16:14+00:00,other
data/raw/ICBHI/213_1p3_Ar_mc_AKGC417L.txt,.txt,121,2017-11-30T08:16:14+00:00,other
data/raw/ICBHI/213_1p3_Pl_mc_AKGC417L.txt,.txt,121,2017-11-30T08:16:16+00:00,other
data/raw/ICBHI/213_1p3_Pr_mc_AKGC417L.txt,.txt,121,2017-11-30T08:16:18+00:00,other
data/raw/ICBHI/213_1p5_Al_mc_AKGC417L.txt,.txt,105,2017-11-30T08:16:20+00:00,other
data/raw/ICBHI/213_1p5_Ar_mc_AKGC417L.txt,.txt,105,2017-11-30T08:16:22+00:00,other
data/raw/ICBHI/213_1p5_Pl_mc_AKGC417L.txt,.txt,105,2017-11-30T08:16:24+00:00,other
data/raw/ICBHI/213_1p5_Pr_mc_AKGC417L.txt,.txt,105,2017-11-30T08:16:26+00:00,other
data/raw/ICBHI/213_1p5_Tc_mc_AKGC417L.txt,.txt,105,2017-11-30T08:16:28+00:00,other
data/raw/ICBHI/213_2p2_Al_mc_AKGC417L.txt,.txt,118,2017-11-30T08:16:30+00:00,other
data/raw/ICBHI/213_2p2_Ar_mc_AKGC417L.txt,.txt,118,2017-11-30T08:16:32+00:00,other
data/raw/ICBHI/213_2p2_Pl_mc_AKGC417L.txt,.txt,118,2017-11-30T08:16:34+00:00,other
data/raw/ICBHI/213_2p2_Pr_mc_AKGC417L.txt,.txt,118,2017-11-30T08:16:36+00:00,other
data/raw/ICBHI/213_2p2_Tc_mc_AKGC417L.txt,.txt,118,2017-11-30T08:16:38+00:00,other
data/raw/ICBHI/214_1b1_Ar_sc_Meditron.txt,.txt,118,2017-11-30T08:16:40+00:00,other
data/raw/ICBHI/215_1b2_Ar_sc_Meditron.txt,.txt,82,2017-11-30T08:16:42+00:00,other
data/raw/ICBHI/215_1b3_Tc_sc_Meditron.txt,.txt,103,2017-11-30T08:16:42+00:00,other
data/raw/ICBHI/216_1b1_Al_sc_Meditron.txt,.txt,201,2017-11-30T08:16:46+00:00,other
data/raw/ICBHI/216_1b1_Pl_sc_Meditron.txt,.txt,166,2017-11-30T08:16:48+00:00,other
data/raw/ICBHI/217_1b1_Tc_sc_Meditron.txt,.txt,185,2017-11-30T08:16:48+00:00,other
data/raw/ICBHI/218_1b1_Al_sc_Meditron.txt,.txt,268,2017-11-30T08:16:50+00:00,other
data/raw/ICBHI/218_1b1_Ar_sc_Meditron.txt,.txt,284,2017-11-30T08:16:52+00:00,other
data/raw/ICBHI/218_1b1_Lr_sc_Meditron.txt,.txt,338,2017-11-30T08:16:54+00:00,other
data/raw/ICBHI/218_1b1_Pl_sc_Meditron.txt,.txt,314,2017-11-30T08:16:56+00:00,other
data/raw/ICBHI/218_1b1_Pr_sc_Meditron.txt,.txt,316,2017-11-30T08:16:58+00:00,other
data/raw/ICBHI/218_1p1_Ar_sc_Litt3200.txt,.txt,107,2017-11-30T08:17:00+00:00,other
data/raw/ICBHI/218_1p1_Pl_sc_Litt3200.txt,.txt,135,2017-11-30T08:17:02+00:00,other
data/raw/ICBHI/218_1p1_Pr_sc_Litt3200.txt,.txt,125,2017-11-30T08:17:04+00:00,other
data/raw/ICBHI/219_2b1_Ar_mc_LittC2SE.txt,.txt,85,2017-11-30T08:17:06+00:00,other
data/raw/ICBHI/219_2b1_Tc_mc_LittC2SE.txt,.txt,85,2017-11-30T08:17:08+00:00,other
data/raw/ICBHI/219_2b2_Ar_mc_LittC2SE.txt,.txt,83,2017-11-30T08:17:12+00:00,other
data/raw/ICBHI/219_2b2_Tc_mc_LittC2SE.txt,.txt,98,2017-11-30T08:17:14+00:00,other
data/raw/ICBHI/219_2b3_Tc_mc_LittC2SE.txt,.txt,83,2017-11-30T08:17:16+00:00,other
data/raw/ICBHI/220_1b1_Tc_mc_LittC2SE.txt,.txt,118,2017-11-30T08:17:18+00:00,other
data/raw/ICBHI/220_1b2_Al_mc_LittC2SE.txt,.txt,115,2017-11-30T08:17:20+00:00,other
data/raw/ICBHI/221_2b1_Al_mc_LittC2SE.txt,.txt,83,2017-11-30T08:17:22+00:00,other
data/raw/ICBHI/221_2b1_Ar_mc_LittC2SE.txt,.txt,85,2017-11-30T08:17:24+00:00,other
data/raw/ICBHI/221_2b1_Lr_mc_LittC2SE.txt,.txt,85,2017-11-30T08:17:24+00:00,other
data/raw/ICBHI/221_2b1_Pl_mc_LittC2SE.txt,.txt,84,2017-11-30T08:17:26+00:00,other
data/raw/ICBHI/221_2b2_Al_mc_LittC2SE.txt,.txt,99,2017-11-30T08:17:28+00:00,other
data/raw/ICBHI/221_2b2_Ar_mc_LittC2SE.txt,.txt,98,2017-11-30T08:17:30+00:00,other
data/raw/ICBHI/221_2b2_Lr_mc_LittC2SE.txt,.txt,85,2017-11-30T08:17:32+00:00,other
data/raw/ICBHI/221_2b2_Pl_mc_LittC2SE.txt,.txt,101,2017-11-30T08:17:34+00:00,other
data/raw/ICBHI/221_2b3_Al_mc_LittC2SE.txt,.txt,85,2017-11-30T08:17:34+00:00,other
data/raw/ICBHI/221_2b3_Ar_mc_LittC2SE.txt,.txt,83,2017-11-30T08:17:36+00:00,other
data/raw/ICBHI/221_2b3_Lr_mc_LittC2SE.txt,.txt,85,2017-11-30T08:17:38+00:00,other
data/raw/ICBHI/221_2b3_Pr_mc_LittC2SE.txt,.txt,81,2017-11-30T08:17:40+00:00,other
data/raw/ICBHI/222_1b1_Ar_sc_Meditron.txt,.txt,177,2017-11-30T08:17:42+00:00,other
data/raw/ICBHI/222_1b1_Lr_sc_Meditron.txt,.txt,357,2017-11-30T08:17:44+00:00,other
data/raw/ICBHI/222_1b1_Pr_sc_Meditron.txt,.txt,268,2017-11-30T08:17:44+00:00,other
data/raw/ICBHI/223_1b1_Al_sc_Meditron.txt,.txt,176,2017-11-30T08:17:46+00:00,other
data/raw/ICBHI/223_1b1_Ar_sc_Meditron.txt,.txt,176,2017-11-30T08:17:48+00:00,other
data/raw/ICBHI/223_1b1_Ll_sc_Meditron.txt,.txt,176,2017-11-30T08:17:50+00:00,other
data/raw/ICBHI/223_1b1_Lr_sc_Meditron.txt,.txt,178,2017-11-30T08:17:52+00:00,other
data/raw/ICBHI/223_1b1_Pl_sc_Meditron.txt,.txt,194,2017-11-30T08:17:54+00:00,other
data/raw/ICBHI/223_1b1_Pr_sc_Meditron.txt,.txt,178,2017-11-30T08:17:56+00:00,other
data/raw/ICBHI/224_1b1_Tc_sc_Meditron.txt,.txt,119,2017-11-30T08:18:02+00:00,other
data/raw/ICBHI/224_1b2_Al_sc_Meditron.txt,.txt,119,2017-11-30T08:18:02+00:00,other
data/raw/ICBHI/225_1b1_Pl_sc_Meditron.txt,.txt,229,2017-11-30T08:18:04+00:00,other
data/raw/ICBHI/226_1b1_Al_sc_Meditron.txt,.txt,169,2017-11-30T08:18:08+00:00,other
data/raw/ICBHI/226_1b1_Ll_sc_Meditron.txt,.txt,162,2017-11-30T08:18:10+00:00,other
data/raw/ICBHI/226_1b1_Pl_sc_LittC2SE.txt,.txt,183,2017-11-30T08:18:10+00:00,other
data/raw/ICBHI/filename_differences.txt,.txt,2275,2019-01-09T21:51:27+00:00,other
data/raw/ICBHI/filename_format.txt,.txt,443,2017-12-04T14:36:06+00:00,other
data/raw/ICBHI/metadata/demographic.csv,.csv,3389,2026-10-08T12:17:24.968807+00:00,tabular_data_or_results
data/raw/ICBHI/metadata/diagnosis.csv,.csv,1389,2026-10-08T12:10:51.821186+00:00,tabular_data_or_results
data/raw/ICBHI/metadata/official_split.csv,.csv,26318,2026-10-08T12:25:07.996508+00:00,tabular_data_or_results
notebooks/01_dataset_understanding.ipynb,.ipynb,231040,2026-10-09T06:00:37.275578+00:00,notebook
notebooks/02_data_cleaning.ipynb,.ipynb,101331,2026-10-09T06:01:18.277267+00:00,notebook
notebooks/03_eda.ipynb,.ipynb,397667,2026-10-09T06:02:13.668099+00:00,notebook
notebooks/04_audio_preprocessing.ipynb,.ipynb,296019,2026-10-09T09:50:14.135480+00:00,notebook
notebooks/05_feature_engineering.ipynb,.ipynb,63139,2026-10-08T17:25:02.841213+00:00,notebook
notebooks/06_feature_analysis.ipynb,.ipynb,1124631,2026-10-08T17:25:07.165891+00:00,notebook
notebooks/07_feature_selection.ipynb,.ipynb,384391,2026-10-08T17:52:02.523726+00:00,notebook
notebooks/08_pca_and_clustering.ipynb,.ipynb,405406,2026-10-09T09:42:32.330103+00:00,notebook
notebooks/09_classical_ml.ipynb,.ipynb,344685,2026-10-08T18:29:50.169130+00:00,notebook
notebooks/10_deep_learning_data_preparation.ipynb,.ipynb,234544,2026-10-08T18:48:35.028375+00:00,notebook
notebooks/11_cnn_baseline.ipynb,.ipynb,366662,2026-10-08T19:36:46.586342+00:00,notebook
notebooks/12_multifeature_cnn.ipynb,.ipynb,367638,2026-10-08T20:23:46.121956+00:00,notebook
notebooks/13_cnn_lstm_optional.ipynb,.ipynb,69928,2026-10-08T20:45:53.861295+00:00,notebook
notebooks/14_patient_level_prediction.ipynb,.ipynb,64071,2026-10-08T20:57:49.779866+00:00,notebook
notebooks/15_xai.ipynb,.ipynb,92815,2026-10-08T21:03:56.090838+00:00,notebook
notebooks/16_final_model_comparison.ipynb,.ipynb,202956,2026-10-08T21:17:20.865044+00:00,notebook
notebooks/17_Final_Artifact_Generation_and_Validation.ipynb,.ipynb,19892,2026-10-09T18:04:53.407264+00:00,notebook
reports/results/current_state_audit_2026-10-09.md,.md,1,2026-10-09T17:57:22.100516+00:00,report
reports/results/repository_audit.md,.md,17739,2026-10-09T12:20:54.446749+00:00,report
requirements-post-05-optional.txt,.txt,326,2026-10-08T16:30:01.944373+00:00,other
requirements.txt,.txt,2349,2026-10-08T10:25:53.463270+00:00,other
