archive_path,size_bytes,sha256
models/saved_models/cnn_lstm/best_cnn_lstm.pt,373412,b9857e691d87c8c6be563002838f66346da2ef9a8ba6ccd441b8fcb0a32253b7
models/saved_models/cnn_lstm/cnn_lstm_test_predictions.csv,210365,81fa11385d52f773e0c33996fdaa8f695a2cc111d92908348b862e8284973be2
models/saved_models/cnn_lstm/cnn_lstm_training_config.json,682,475dbef065fa1e926fd84a4d4e11581ed29a6d5393f86aa7bea312d9f8808ec3
models/saved_models/cnn_lstm/cnn_lstm_training_history.csv,1335,3155e5b21cf8737fc05431ec57164d50b52f25a3179899e38c6667fcab6fcd16
models/saved_models/cnn_lstm/logmel_train_normalization.csv,62,8704674c3456062030052cab13cb362f061a783efec4ab8824ab4708e5fa0c5e
models/saved_models/lightweight_mel_cnn/best_lightweight_mel_cnn.pt,310935,a4ab3323f2db471810cfbee86cc3f490db58ee2bb62797936a5eff44a4def651
models/saved_models/lightweight_mel_cnn/cnn_test_predictions.csv,223653,9f8434e2c56cb326cf46fa61fb9964eaae480ca32b507e2234faffb84ae53466
models/saved_models/lightweight_mel_cnn/cnn_training_config.json,459,262022167bf08f6c1f26b6c113923bcd4373824af5f3c3e8812eb2dfe14814bb
models/saved_models/lightweight_mel_cnn/cnn_training_history.csv,3380,075181a6b7e8640681ece640391f40689f76fbe163d937b35298a23df34bd9e7
models/saved_models/lightweight_mel_cnn/logmel_train_normalization.csv,62,8704674c3456062030052cab13cb362f061a783efec4ab8824ab4708e5fa0c5e
models/saved_models/multifeature_cnn/best_multifeature_cnn.pt,464538,dc0d51c55c48bb222b54c10a5f520bd4ca27c7d7483bcd30025f5208f425a51e
models/saved_models/multifeature_cnn/multifeature_cnn_test_predictions.csv,167848,dabcd8198c3e0475f3372a32746d24b3fed9468dcff0e91cdb8031efd3eccfc6
models/saved_models/multifeature_cnn/multifeature_cnn_training_config.json,528,afb07d114992fb14f87e6031585c2532e66f66d594ce7c0e3c17143834e3e848
models/saved_models/multifeature_cnn/multifeature_cnn_training_history.csv,369,3b08546830d43705ef50ec2a790d3f045613ddfb25a128ad7c03f2eaaa222b6a
models/saved_models/multifeature_cnn/multifeature_train_normalization.csv,182,66761249ca7cb0d970f5dfd4adac560a3fd8b6aded15f0c2a187128290f158f1
models/saved_models/regularized_multifeature_cnn/best_regularized_multifeature_cnn.pt,465550,dc62347524cca4deaec06b7c5d993889db3dc04ca949dc717ae8c49d4db0f8fb
models/saved_models/regularized_multifeature_cnn/test_predictions.csv,146993,64ac1f0e26859290cc46b3a7b15f14b19593e7401298c8041ed9e70ca7d927a8
models/saved_models/regularized_multifeature_cnn/training_config.json,600,7bc6d4a0b44a1d4185c82cbdb11861bb37c764d2eb52245322df16986a394398
models/saved_models/regularized_multifeature_cnn/training_history.csv,837,e074b9c021b6dd8aba61b8e07d1fb155c224f38bcde10942c013aae1736259af
notebooks/17_Final_Artifact_Generation_and_Validation.ipynb,287639,d8b92d5196e8c9502b8bf7cfc1fac626d49934d53358f909b7f5ee0309766dc3
reports/final_artifacts/architecture_compatibility_check.csv,427,6e505e5d8796569b72783923ce286337b2a9c2bfad7df2b5f0949a42cf76ec68
reports/final_artifacts/architecture_inference_validation.csv,308,dd2429f7b42dc94ae3e23f8469abd57880a1fe0a554bda5a3bdae018cd5b4ca0
reports/final_artifacts/artifact_file_manifest.csv,2684,ab3d450ae42c71fc35945a9952301cc0fd13391e8583dceab37f99a67e995357
reports/final_artifacts/artifact_inventory.csv,1153468,a58bbbdd8bfadd8ef8e4be177792e1ba9d78192a1f942421319510d6af5c68db
reports/final_artifacts/checkpoint_integrity_check.csv,6293,e79a35d3529cee38930242461015200a77f3287ad58d664c8f92632f6dc4d1f5
reports/final_artifacts/cnn_lstm_original_metric_recheck.csv,457,e94b64b259a5cb9ea0467872fdcfe15bd0f7e0ee6b5ae776cad756515669bb3d
reports/final_artifacts/comparison_manifest.json,590,8bb9c3a8bc4e37de7fee8ee2e7bb49d92e5915fba334399394f5e78ed62a8756
reports/final_artifacts/cycle_level_model_comparison.csv,2175,fdefc2c21f8da0ff652902767a43398feeb3c5f5899b8b4a917ab8758534de5a
reports/final_artifacts/final_project_validation.csv,2853,31725665f1f09896a3cbdbcd49f3d85b67604836edf4aaa96b8ed01a14c5fc7a
reports/final_artifacts/final_project_validation.json,5175,4da6086899b51979dfd80c293b94fae11cd8bbb56bcc2fff50fe8aa249c90dbc
reports/final_artifacts/final_results_report.md,15082,f7ed98fc3b6576c5aabc7435c175364de52b91f8e29d10bffea66f839e211d8f
reports/final_artifacts/final_results_source_inventory.csv,1522,863ed7a9b15829d38f29484851edd9cc64ddffaab45970cec5cb40d6aa8b05f8
reports/final_artifacts/model_artifact_registry.csv,2293,2e6181c65da037a9aa22465418a7e3d69c0602f08d0e33ac24564ef45865450e
reports/final_artifacts/model_package_copy_log.csv,3767,8b69bf9c1f5468b0ec92e4a54c45304809bf593532d3eb718daedbe7b11504a6
reports/final_artifacts/model_package_manifest.csv,3822,086adadf6df4b5787e4f436dd89e8b874bcc341e258187ecbd31022a1d8d9000
reports/final_artifacts/model_package_manifest.json,6197,84a5f2739976f67ff9409470e2b0d14fc19ecd8f14219b93ff56165e9d694797
reports/final_artifacts/model_registry.csv,2243,025dc330113fa24a96486d5d88cdf5061b2acabb82bac82effe5be202c259d9a
reports/final_artifacts/patient_level_model_comparison.csv,512,31efbd60bf80b3e749bdddab714544ae49a300638a3e2296cc048d47623391cc
reports/final_artifacts/prediction_metric_count_checks.csv,309,9e9f1a0680561fb5ee0d58b8cd2cda4d27473da97b7a6c01716ddc5f896d4ca5
reports/final_artifacts/prediction_metric_reproduction_check.csv,869,4af46e06db8878278d9ba4233d1989799c12883c70e43a3f86072bb987021e29
reports/final_artifacts/prediction_validation.csv,1992,e993fb12d5a18042bebfb97d0b1dafcd07afebd3fa475017c4db9c4a42724c54
reports/final_artifacts/real_inference_prerequisite_check.csv,819,f881a704d445aa6fdecc1c3e4297202819b08e80397a2e2d0155aaa9cfa96f6c
