source_file,rows,columns,read_status
data/processed/classical_ml/classical_ml_model_comparison.csv,3,8,READABLE
data/processed/classical_ml/final_classical_ml_comparison.csv,3,8,READABLE
data/processed/deep_learning/cnn_baseline/cnn_baseline_metrics.csv,1,11,READABLE
data/processed/deep_learning/cnn_lstm/cnn_lstm_metrics.csv,1,12,READABLE
data/processed/deep_learning/cnn_lstm/cnn_model_comparison.csv,4,8,READABLE
data/processed/deep_learning/final_deep_learning_comparison.csv,4,7,READABLE
data/processed/deep_learning/multifeature_cnn/cnn_baseline_vs_multifeature_comparison.csv,6,4,READABLE
data/processed/deep_learning/multifeature_cnn/disease_level_cnn_comparison.csv,8,6,READABLE
data/processed/deep_learning/multifeature_cnn/final_cnn_experiment_comparison.csv,3,9,READABLE
data/processed/deep_learning/multifeature_cnn/multifeature_cnn_metrics.csv,1,10,READABLE
data/processed/deep_learning/multifeature_cnn_12b/metrics.csv,1,10,READABLE
data/processed/deep_learning/patient_level_prediction/final_patient_level_comparison.csv,2,8,READABLE
data/processed/deep_learning/patient_level_prediction/patient_aggregation_comparison.csv,2,8,READABLE
reports/final_artifacts/cnn_lstm_original_metric_recheck.csv,6,5,READABLE
reports/final_artifacts/cycle_level_model_comparison.csv,7,17,READABLE
reports/final_artifacts/patient_level_model_comparison.csv,2,10,READABLE
reports/final_artifacts/prediction_metric_count_checks.csv,4,7,READABLE
reports/final_artifacts/prediction_metric_reproduction_check.csv,4,10,READABLE
