model_id,artifact,source,destination,status
lightweight_mel_cnn,checkpoint,data/processed/deep_learning/cnn_baseline/best_lightweight_mel_cnn.pt,models/saved_models/lightweight_mel_cnn/best_lightweight_mel_cnn.pt,COPIED_OR_ALREADY_PRESENT
lightweight_mel_cnn,config,data/processed/deep_learning/cnn_baseline/cnn_training_config.json,models/saved_models/lightweight_mel_cnn/cnn_training_config.json,COPIED_OR_ALREADY_PRESENT
lightweight_mel_cnn,predictions,data/processed/deep_learning/cnn_baseline/cnn_test_predictions.csv,models/saved_models/lightweight_mel_cnn/cnn_test_predictions.csv,COPIED_OR_ALREADY_PRESENT
lightweight_mel_cnn,history,data/processed/deep_learning/cnn_baseline/cnn_training_history.csv,models/saved_models/lightweight_mel_cnn/cnn_training_history.csv,COPIED_OR_ALREADY_PRESENT
lightweight_mel_cnn,normalization,data/processed/deep_learning/logmel_train_normalization.csv,models/saved_models/lightweight_mel_cnn/logmel_train_normalization.csv,COPIED_OR_ALREADY_PRESENT
cnn_lstm,checkpoint,data/processed/deep_learning/cnn_lstm/best_cnn_lstm.pt,models/saved_models/cnn_lstm/best_cnn_lstm.pt,COPIED_OR_ALREADY_PRESENT
cnn_lstm,config,data/processed/deep_learning/cnn_lstm/cnn_lstm_training_config.json,models/saved_models/cnn_lstm/cnn_lstm_training_config.json,COPIED_OR_ALREADY_PRESENT
cnn_lstm,predictions,data/processed/deep_learning/cnn_lstm/cnn_lstm_test_predictions.csv,models/saved_models/cnn_lstm/cnn_lstm_test_predictions.csv,COPIED_OR_ALREADY_PRESENT
cnn_lstm,history,data/processed/deep_learning/cnn_lstm/cnn_lstm_training_history.csv,models/saved_models/cnn_lstm/cnn_lstm_training_history.csv,COPIED_OR_ALREADY_PRESENT
cnn_lstm,normalization,data/processed/deep_learning/logmel_train_normalization.csv,models/saved_models/cnn_lstm/logmel_train_normalization.csv,COPIED_OR_ALREADY_PRESENT
multifeature_cnn,checkpoint,data/processed/deep_learning/multifeature_cnn/best_multifeature_cnn.pt,models/saved_models/multifeature_cnn/best_multifeature_cnn.pt,COPIED_OR_ALREADY_PRESENT
multifeature_cnn,config,data/processed/deep_learning/multifeature_cnn/multifeature_cnn_training_config.json,models/saved_models/multifeature_cnn/multifeature_cnn_training_config.json,COPIED_OR_ALREADY_PRESENT
multifeature_cnn,predictions,data/processed/deep_learning/multifeature_cnn/multifeature_cnn_test_predictions.csv,models/saved_models/multifeature_cnn/multifeature_cnn_test_predictions.csv,COPIED_OR_ALREADY_PRESENT
multifeature_cnn,history,data/processed/deep_learning/multifeature_cnn/multifeature_cnn_training_history.csv,models/saved_models/multifeature_cnn/multifeature_cnn_training_history.csv,COPIED_OR_ALREADY_PRESENT
multifeature_cnn,normalization,data/processed/deep_learning/multifeature_cnn/multifeature_train_normalization.csv,models/saved_models/multifeature_cnn/multifeature_train_normalization.csv,COPIED_OR_ALREADY_PRESENT
regularized_multifeature_cnn,checkpoint,data/processed/deep_learning/multifeature_cnn_12b/best_regularized_multifeature_cnn.pt,models/saved_models/regularized_multifeature_cnn/best_regularized_multifeature_cnn.pt,COPIED_OR_ALREADY_PRESENT
regularized_multifeature_cnn,config,data/processed/deep_learning/multifeature_cnn_12b/training_config.json,models/saved_models/regularized_multifeature_cnn/training_config.json,COPIED_OR_ALREADY_PRESENT
regularized_multifeature_cnn,predictions,data/processed/deep_learning/multifeature_cnn_12b/test_predictions.csv,models/saved_models/regularized_multifeature_cnn/test_predictions.csv,COPIED_OR_ALREADY_PRESENT
regularized_multifeature_cnn,history,data/processed/deep_learning/multifeature_cnn_12b/training_history.csv,models/saved_models/regularized_multifeature_cnn/training_history.csv,COPIED_OR_ALREADY_PRESENT
regularized_multifeature_cnn,normalization,,,NOT_SPECIFIED
