feature,anova_f_score,anova_p_value
mfcc_11_mean,117.69004449531276,4.915905838409716e-158
spectral_entropy,104.42795379634757,3.5568861008888807e-141
mfcc_13_mean,97.98085461477645,7.21721350421378e-133
mfcc_1_mean,71.30184738799703,1.0749093675584032e-97
zero_crossing_rate,59.10235613802592,3.540494436067773e-81
peak_to_peak,50.37191469420955,3.437150305063057e-69
spectral_centroid,49.49364818034226,5.61846323264061e-68
spectral_bandwidth,46.76137062504885,3.4133098827018916e-64
wavelet_entropy,44.76099543182123,2.048271524427383e-61
mfcc_8_mean,44.31271460145541,8.608218173766783e-61
mfcc_3_mean,41.87518497988115,2.1439653797202866e-57
min,40.8671271782967,5.478256156942782e-56
dominant_frequency,39.20044805093823,1.1727361921613856e-53
mfcc_5_mean,37.18366754912108,7.854703457355878e-51
spectral_rolloff,34.02805517504319,2.1329464728775113e-46
spectral_flatness,33.979499898680075,2.49640121419456e-46
mfcc_7_mean,32.31848263736201,5.456000051285584e-44
mfcc_12_mean,30.920490408144786,5.1137419009840564e-42
wavelet_std,25.056855051930018,1.0063912991389868e-33
rms,25.028766352651733,1.1029896382079347e-33
std,24.35121217940742,1.0066777702774005e-32
mfcc_9_mean,21.88960705594728,3.1169709334688883e-29
band_energy_500_1000,18.422572724109745,2.578960700202247e-24
variance,16.262645238412016,2.9624707752873243e-21
mfcc_6_mean,16.048040658481472,5.961998037148178e-21
mfcc_2_mean,15.267933996293289,7.56552477208692e-20
wavelet_energy,13.953683167839582,5.430877264506727e-18
energy,13.863987564792284,7.267371491650007e-18
skewness,13.267369174546962,5.037568751711559e-17
band_energy_0_500,12.179116600844308,1.7086672780508595e-15
band_energy_1000_1500,11.597449364857148,1.1183246448786019e-14
kurtosis,10.77859532277646,1.5636516054814883e-13
mfcc_4_mean,9.989062395192684,1.9708378951568903e-12
spectral_energy,9.269405007074182,1.9659025806347028e-11
mfcc_10_mean,6.567080281813126,9.806447558607967e-08
max,6.281618451263175,2.3724780988235274e-07
median,0.8580656055495998,0.539080613239691
band_energy_1500_2000,0.6524548056574735,0.7125840196156219
mean,0.12177873030377358,0.9968661176246985
