feature,anova_f_score,anova_p_value,mutual_information,rf_importance,anova_rank,mi_rank,rf_rank,average_rank,anova_score_norm,mi_score_norm,rf_score_norm,consensus_score
spectral_entropy,104.42795379634757,3.5568861008888807e-141,0.1921658599462066,0.09114108064437224,2.0,1.0,1.0,1.3333333333333333,0.9743589743589743,1.0,1.0,0.9914529914529915
mfcc_11_mean,117.69004449531276,4.915905838409716e-158,0.13834052964159782,0.05297206908332549,1.0,3.0,3.0,2.3333333333333335,1.0,0.9487179487179487,0.9487179487179487,0.9658119658119658
zero_crossing_rate,59.10235613802592,3.540494436067773e-81,0.12247830450046959,0.041214076207397234,5.0,4.0,4.0,4.333333333333333,0.8974358974358975,0.9230769230769231,0.9230769230769231,0.9145299145299145
dominant_frequency,39.20044805093823,1.1727361921613856e-53,0.1386368148349726,0.056177613376044426,13.0,2.0,2.0,5.666666666666667,0.6923076923076923,0.9743589743589743,0.9743589743589743,0.8803418803418803
mfcc_13_mean,97.98085461477645,7.21721350421378e-133,0.10134399038663378,0.03656029797442577,3.0,7.0,8.0,6.0,0.9487179487179487,0.8461538461538461,0.8205128205128205,0.8717948717948717
wavelet_entropy,44.76099543182123,2.048271524427383e-61,0.10594468466953244,0.035129328048915456,9.0,5.0,9.0,7.666666666666667,0.7948717948717948,0.8974358974358975,0.7948717948717948,0.8290598290598291
mfcc_1_mean,71.30184738799703,1.0749093675584032e-97,0.09762874614245587,0.0318766303086716,4.0,8.0,14.0,8.666666666666666,0.9230769230769231,0.8205128205128205,0.6666666666666666,0.8034188034188033
spectral_centroid,49.49364818034226,5.61846323264061e-68,0.10254388472167619,0.0271997493192232,7.0,6.0,16.0,9.666666666666666,0.8461538461538461,0.8717948717948718,0.6153846153846154,0.7777777777777778
spectral_bandwidth,46.76137062504885,3.4133098827018916e-64,0.08382257212772992,0.03256169017005501,8.0,9.0,13.0,10.0,0.8205128205128205,0.7948717948717948,0.6923076923076923,0.7692307692307692
spectral_rolloff,34.02805517504319,2.1329464728775113e-46,0.07497556967442387,0.03956925504824251,15.0,11.0,6.0,10.666666666666666,0.6410256410256411,0.7435897435897436,0.8717948717948718,0.7521367521367521
mfcc_5_mean,37.18366754912108,7.854703457355878e-51,0.06577039312338462,0.032990742033466816,14.0,13.0,11.0,12.666666666666666,0.6666666666666666,0.6923076923076923,0.7435897435897436,0.7008547008547009
mfcc_3_mean,41.87518497988115,2.1439653797202866e-57,0.07619819609303091,0.027164001970569906,11.0,10.0,17.0,12.666666666666666,0.7435897435897436,0.7692307692307693,0.5897435897435898,0.7008547008547009
mfcc_8_mean,44.31271460145541,8.608218173766783e-61,0.05684124098507071,0.032659448972709997,10.0,19.0,12.0,13.666666666666666,0.7692307692307693,0.5384615384615384,0.717948717948718,0.6752136752136751
peak_to_peak,50.37191469420955,3.437150305063057e-69,0.06393156958682433,0.012679621745158886,6.0,14.0,32.0,17.333333333333332,0.8717948717948718,0.6666666666666666,0.20512820512820512,0.5811965811965811
mfcc_9_mean,21.88960705594728,3.1169709334688883e-29,0.06624198063110542,0.0187030457117554,22.0,12.0,22.0,18.666666666666668,0.46153846153846156,0.717948717948718,0.46153846153846156,0.547008547008547
mfcc_12_mean,30.920490408144786,5.1137419009840564e-42,0.03778512983366533,0.041164248520006726,18.0,34.0,5.0,19.0,0.5641025641025641,0.15384615384615385,0.8974358974358975,0.5384615384615384
mfcc_7_mean,32.31848263736201,5.456000051285584e-44,0.05671960207137805,0.020137030910969106,17.0,20.0,20.0,19.0,0.5897435897435898,0.5128205128205128,0.5128205128205128,0.5384615384615384
mfcc_2_mean,15.267933996293289,7.56552477208692e-20,0.048691888549706075,0.036795522159049264,26.0,27.0,7.0,20.0,0.358974358974359,0.3333333333333333,0.8461538461538461,0.5128205128205128
energy,13.863987564792284,7.267371491650007e-18,0.06390068564413376,0.023834826249435576,28.0,15.0,18.0,20.333333333333332,0.3076923076923077,0.6410256410256411,0.5641025641025641,0.5042735042735043
rms,25.028766352651733,1.1029896382079347e-33,0.05190868405215543,0.016901420820673564,20.0,22.0,25.0,22.333333333333332,0.5128205128205128,0.46153846153846156,0.38461538461538464,0.452991452991453
mfcc_6_mean,16.048040658481472,5.961998037148178e-21,0.04207594213008048,0.030357934900972307,25.0,30.0,15.0,23.333333333333332,0.38461538461538464,0.2564102564102564,0.6410256410256411,0.42735042735042733
wavelet_energy,13.953683167839582,5.430877264506727e-18,0.04932126558686578,0.021467316997102186,27.0,24.0,19.0,23.333333333333332,0.3333333333333333,0.41025641025641024,0.5384615384615384,0.42735042735042733
wavelet_std,25.056855051930018,1.0063912991389868e-33,0.04384003794677693,0.01764587688498351,19.0,29.0,24.0,24.0,0.5384615384615384,0.28205128205128205,0.41025641025641024,0.4102564102564103
band_energy_500_1000,18.422572724109745,2.578960700202247e-24,0.055327420753324974,0.013958402645873546,23.0,21.0,29.0,24.333333333333332,0.4358974358974359,0.48717948717948717,0.28205128205128205,0.4017094017094018
spectral_flatness,33.979499898680075,2.49640121419456e-46,0.05059052128190089,0.010953664775746991,16.0,23.0,34.0,24.333333333333332,0.6153846153846154,0.4358974358974359,0.15384615384615385,0.4017094017094018
std,24.35121217940742,1.0066777702774005e-32,0.04881981257655599,0.014367356333116444,21.0,25.0,27.0,24.333333333333332,0.48717948717948717,0.38461538461538464,0.3333333333333333,0.40170940170940167
spectral_energy,9.269405007074182,1.9659025806347028e-11,0.06271311726767714,0.01861147540697309,34.0,17.0,23.0,24.666666666666668,0.15384615384615385,0.5897435897435898,0.4358974358974359,0.39316239316239315
band_energy_0_500,12.179116600844308,1.7086672780508595e-15,0.06307740571804943,0.013432892143315273,30.0,16.0,30.0,25.333333333333332,0.2564102564102564,0.6153846153846154,0.2564102564102564,0.37606837606837606
variance,16.262645238412016,2.9624707752873243e-21,0.048715223230325844,0.01662467496747452,24.0,26.0,26.0,25.333333333333332,0.41025641025641024,0.358974358974359,0.358974358974359,0.37606837606837606
mfcc_4_mean,9.989062395192684,1.9708378951568903e-12,0.040142595379041524,0.034203126715627495,33.0,33.0,10.0,25.333333333333332,0.1794871794871795,0.1794871794871795,0.7692307692307693,0.37606837606837606
band_energy_1000_1500,11.597449364857148,1.1183246448786019e-14,0.057256864240502914,0.014336714878981893,31.0,18.0,28.0,25.666666666666668,0.23076923076923078,0.5641025641025641,0.3076923076923077,0.36752136752136755
min,40.8671271782967,5.478256156942782e-56,0.04094617126686706,0.007292348924489453,12.0,31.0,38.0,27.0,0.717948717948718,0.23076923076923078,0.05128205128205128,0.3333333333333333
mfcc_10_mean,6.567080281813126,9.806447558607967e-08,0.04026476009288271,0.018718988678534325,35.0,32.0,21.0,29.333333333333332,0.1282051282051282,0.20512820512820512,0.48717948717948717,0.2735042735042735
skewness,13.267369174546962,5.037568751711559e-17,0.03544987656584597,0.012704143644476622,29.0,36.0,31.0,32.0,0.28205128205128205,0.10256410256410256,0.23076923076923078,0.20512820512820515
mean,0.12177873030377358,0.9968661176246985,0.044753373456741796,0.012291030618920508,39.0,28.0,33.0,33.333333333333336,0.02564102564102564,0.3076923076923077,0.1794871794871795,0.17094017094017097
kurtosis,10.77859532277646,1.5636516054814883e-13,0.029853728922653477,0.010887128153642511,32.0,38.0,35.0,35.0,0.20512820512820512,0.05128205128205128,0.1282051282051282,0.1282051282051282
median,0.8580656055495998,0.539080613239691,0.03588610883120413,0.010793288746921485,37.0,35.0,36.0,36.0,0.07692307692307693,0.1282051282051282,0.10256410256410256,0.10256410256410257
band_energy_1500_2000,0.6524548056574735,0.7125840196156219,0.02991695733187605,0.008820822955748861,38.0,37.0,37.0,37.333333333333336,0.05128205128205128,0.07692307692307693,0.07692307692307693,0.06837606837606837
max,6.281618451263175,2.3724780988235274e-07,0.01702451355353607,0.005101112352631027,36.0,39.0,39.0,38.0,0.10256410256410256,0.02564102564102564,0.02564102564102564,0.05128205128205127
