feature,mutual_information
spectral_entropy,0.1921658599462066
dominant_frequency,0.1386368148349726
mfcc_11_mean,0.13834052964159782
zero_crossing_rate,0.12247830450046959
wavelet_entropy,0.10594468466953244
spectral_centroid,0.10254388472167619
mfcc_13_mean,0.10134399038663378
mfcc_1_mean,0.09762874614245587
spectral_bandwidth,0.08382257212772992
mfcc_3_mean,0.07619819609303091
spectral_rolloff,0.07497556967442387
mfcc_9_mean,0.06624198063110542
mfcc_5_mean,0.06577039312338462
peak_to_peak,0.06393156958682433
energy,0.06390068564413376
band_energy_0_500,0.06307740571804943
spectral_energy,0.06271311726767714
band_energy_1000_1500,0.057256864240502914
mfcc_8_mean,0.05684124098507071
mfcc_7_mean,0.05671960207137805
band_energy_500_1000,0.055327420753324974
rms,0.05190868405215543
spectral_flatness,0.05059052128190089
wavelet_energy,0.04932126558686578
std,0.04881981257655599
variance,0.048715223230325844
mfcc_2_mean,0.048691888549706075
mean,0.044753373456741796
wavelet_std,0.04384003794677693
mfcc_6_mean,0.04207594213008048
min,0.04094617126686706
mfcc_10_mean,0.04026476009288271
mfcc_4_mean,0.040142595379041524
mfcc_12_mean,0.03778512983366533
median,0.03588610883120413
skewness,0.03544987656584597
band_energy_1500_2000,0.02991695733187605
kurtosis,0.029853728922653477
max,0.01702451355353607
