feature,rf_importance
spectral_entropy,0.09114108064437224
dominant_frequency,0.056177613376044426
mfcc_11_mean,0.05297206908332549
zero_crossing_rate,0.041214076207397234
mfcc_12_mean,0.041164248520006726
spectral_rolloff,0.03956925504824251
mfcc_2_mean,0.036795522159049264
mfcc_13_mean,0.03656029797442577
wavelet_entropy,0.035129328048915456
mfcc_4_mean,0.034203126715627495
mfcc_5_mean,0.032990742033466816
mfcc_8_mean,0.032659448972709997
spectral_bandwidth,0.03256169017005501
mfcc_1_mean,0.0318766303086716
mfcc_6_mean,0.030357934900972307
spectral_centroid,0.0271997493192232
mfcc_3_mean,0.027164001970569906
energy,0.023834826249435576
wavelet_energy,0.021467316997102186
mfcc_7_mean,0.020137030910969106
mfcc_10_mean,0.018718988678534325
mfcc_9_mean,0.0187030457117554
spectral_energy,0.01861147540697309
wavelet_std,0.01764587688498351
rms,0.016901420820673564
variance,0.01662467496747452
std,0.014367356333116444
band_energy_1000_1500,0.014336714878981893
band_energy_500_1000,0.013958402645873546
band_energy_0_500,0.013432892143315273
skewness,0.012704143644476622
peak_to_peak,0.012679621745158886
mean,0.012291030618920508
spectral_flatness,0.010953664775746991
kurtosis,0.010887128153642511
median,0.010793288746921485
band_energy_1500_2000,0.008820822955748861
min,0.007292348924489453
max,0.005101112352631027
