epoch,train_loss,train_accuracy,val_loss,val_accuracy,learning_rate
1,1.8311983107873657,0.41985078001356546,1.7392391623762036,0.4026258205689278,0.001
2,1.6497602392962527,0.5715577662220213,1.585101532466563,0.4824945295404814,0.001
3,1.5513064640020586,0.5403572236038887,1.9306498327714348,0.2210065645514223,0.001
4,1.4770669101078586,0.5457834049287814,1.6325821704363666,0.41466083150984684,0.001
5,1.4267435998580262,0.5426181324892607,1.652602682750126,0.3862144420131291,0.001
6,1.3782789921183782,0.5577662220212526,1.5616190683919962,0.5153172866520788,0.001
7,1.3020784866478334,0.5726882206647073,1.580762460925647,0.4551422319474836,0.001
8,1.3135140999770936,0.5765317657698394,1.7087717669276232,0.37089715536105033,0.001
9,1.2395407300768408,0.601853945286005,1.6523072276125852,0.3304157549234136,0.001
10,1.1794378179353529,0.6131584897128646,1.4743597345748667,0.5,0.001
11,1.155683420482276,0.6323762152385259,1.6469343465057975,0.462800875273523,0.001
12,1.1589778042502623,0.5968799457381867,1.5152912395527378,0.4726477024070022,0.001
13,1.0978595401107147,0.6287587610219308,1.6882007792429017,0.44638949671772427,0.001
14,1.074962007630176,0.6540809405380963,1.3899622046973565,0.5350109409190372,0.001
15,1.0537562874979005,0.6269500339136332,1.4530962316942946,0.5350109409190372,0.001
16,1.0314280498682737,0.6224282161428895,1.4379362478297961,0.49015317286652077,0.001
17,1.0384335261029463,0.6554374858693195,1.4742488266341796,0.5382932166301969,0.001
18,0.9992166308830583,0.6610897580827493,1.50676666255592,0.4923413566739606,0.0005
19,0.9155171892908723,0.6857336649333032,1.3235186033228032,0.5601750547045952,0.0005
20,0.9385010273160639,0.685507574044766,1.3660709443186252,0.563457330415755,0.0005
21,0.922826241677416,0.7004295726882207,1.3790579598633415,0.574398249452954,0.0005
22,0.8794259558348211,0.7144472077775266,1.2778163608367386,0.6028446389496718,0.0005
23,0.8909614905900285,0.7144472077775266,1.5094148810113286,0.45842450765864334,0.0005
24,0.8846822544484286,0.7103775717838571,1.43641008120397,0.5087527352297593,0.0005
25,0.8566346459062073,0.7119602080036175,1.3482446701834447,0.5842450765864332,0.0005
26,0.8477997895066565,0.7214560253221796,1.2159191263061122,0.62472647702407,0.0005
27,0.8594028817267809,0.7074383902328736,1.2550624118592077,0.6181619256017505,0.0005
28,0.8288354162929448,0.7228125706534027,1.363221330767909,0.5109409190371991,0.0005
29,0.8315798149048514,0.7241691159846259,1.3018149309659162,0.5678336980306345,0.0005
30,0.8423250092927509,0.7191951164368076,1.4834933771346277,0.49781181619256015,0.00025
31,0.7829575960301394,0.7286909337553696,1.2444038273729954,0.6181619256017505,0.00025
32,0.7823678304942625,0.73027356997513,1.2070167528983018,0.6159737417943107,0.00025
33,0.75509867632036,0.7404476599593036,1.2279726433806137,0.6301969365426696,0.00025
34,0.7579403448763165,0.7558218403798327,1.2490074168931473,0.6597374179431073,0.00025
35,0.7583913230098213,0.7474564775039566,1.2390875876341136,0.6039387308533917,0.00025
36,0.7492578432566974,0.7485869319466425,1.3092281333205475,0.6159737417943107,0.000125
37,0.7342061383837951,0.7463260230612706,1.2249937232265848,0.6028446389496718,0.000125
38,0.7216330489744678,0.7574044765995931,1.2457425701279088,0.5973741794310722,0.000125
39,0.6956106035142847,0.7569522948225187,1.2549750047126536,0.6236323851203501,0.000125
