patient_id,diagnosis,recording_count,cycle_count
101,URTI,2,23
102,Healthy,1,13
103,Asthma,1,6
104,COPD,6,55
105,URTI,1,8
106,COPD,2,18
107,COPD,28,231
108,LRTI,1,8
109,COPD,6,61
110,COPD,5,52
111,Bronchiectasis,2,17
112,COPD,5,57
113,COPD,6,50
114,COPD,5,35
115,LRTI,1,24
116,Bronchiectasis,2,8
117,COPD,2,12
118,COPD,6,40
119,URTI,1,9
120,COPD,5,123
121,Healthy,2,14
122,Pneumonia,9,52
123,Healthy,1,8
124,COPD,6,48
125,Healthy,1,6
126,Healthy,1,11
127,Healthy,1,10
128,COPD,1,5
129,URTI,1,9
130,COPD,66,507
131,URTI,1,11
132,COPD,2,19
133,COPD,19,156
134,COPD,5,30
135,Pneumonia,13,112
136,Healthy,1,9
137,URTI,2,17
138,COPD,27,149
139,COPD,6,46
140,Pneumonia,4,40
141,COPD,8,43
142,COPD,1,9
143,Healthy,1,18
144,Healthy,2,20
145,COPD,7,37
146,COPD,11,80
147,COPD,16,103
148,URTI,1,11
149,Bronchiolitis,3,51
150,URTI,1,17
151,COPD,28,168
152,Healthy,1,7
153,Healthy,1,9
154,COPD,23,208
155,COPD,1,6
156,COPD,17,130
157,COPD,5,64
158,COPD,24,217
159,Healthy,4,42
160,COPD,23,101
161,Bronchiolitis,2,19
162,COPD,24,89
163,COPD,13,71
164,URTI,1,10
165,URTI,3,23
166,COPD,5,115
167,Bronchiolitis,2,28
168,Bronchiectasis,1,7
169,Bronchiectasis,2,14
170,COPD,25,150
171,Healthy,1,9
172,COPD,27,176
173,Bronchiolitis,1,13
174,COPD,23,110
175,COPD,6,23
176,COPD,21,133
177,COPD,17,79
178,COPD,24,208
179,Healthy,2,15
180,COPD,5,30
181,COPD,4,17
182,Healthy,1,7
183,Healthy,2,8
184,Healthy,1,8
185,COPD,6,55
186,COPD,24,126
187,Healthy,1,17
188,URTI,4,62
189,COPD,1,5
190,URTI,1,4
191,Pneumonia,3,24
192,COPD,6,46
193,COPD,14,138
194,Healthy,2,18
195,COPD,6,75
196,Bronchiectasis,1,6
197,URTI,2,8
198,COPD,14,98
199,COPD,2,18
200,COPD,23,98
201,Bronchiectasis,6,41
202,Healthy,1,10
203,COPD,21,185
204,COPD,9,63
205,COPD,20,102
206,Bronchiolitis,3,27
207,COPD,21,139
208,Healthy,1,13
209,Healthy,1,4
210,URTI,2,31
211,COPD,8,111
212,COPD,1,7
213,COPD,20,129
214,Healthy,1,7
215,Bronchiectasis,2,11
216,Bronchiolitis,2,22
217,Healthy,1,11
218,COPD,8,107
219,Pneumonia,5,26
220,COPD,2,14
221,COPD,12,63
222,COPD,3,45
223,COPD,6,61
224,Healthy,2,14
225,Healthy,1,14
226,Pneumonia,3,31
