epoch,train_loss,train_accuracy,validation_loss,validation_accuracy,learning_rate
1,2.053983271539737,0.3346145150350441,1.7052816426467061,0.7614879649890591,0.0001
2,1.986770996324029,0.6543070314266335,1.3322009372502501,0.7614879649890591,0.0001
3,1.8883078071884027,0.7115080262265431,1.4379393918769887,0.7614879649890591,0.0001
4,1.792064675184065,0.683246665159394,1.6482730537848609,0.7614879649890591,0.0001
5,1.6903891537541478,0.5808274926520461,1.5916294403357891,0.7614879649890591,0.0001
6,1.5992244118456116,0.5448790413746326,1.7800877885954125,0.7582056892778993,5e-05
7,1.54807717151133,0.5790187655437485,1.7183744589139909,0.7549234135667396,5e-05
8,1.5192288941666467,0.5536965860275831,1.7221843417676845,0.7582056892778993,5e-05
9,1.5177120442792569,0.5604793126836989,1.7968299859723065,0.7571115973741794,5e-05
