model_id,disease,precision,recall,f1,metric_status,support_patients,support_recordings
logistic_regression,Asthma,,,,no held-out support,0,0
logistic_regression,Bronchiectasis,1.0,0.5,0.6666666666666666,measured,2,3
logistic_regression,Bronchiolitis,0.0,0.0,0.0,measured,1,1
logistic_regression,COPD,0.8125,1.0,0.896551724137931,measured,13,37
logistic_regression,Healthy,0.5,0.2,0.2857142857142857,measured,5,6
logistic_regression,LRTI,,,,no held-out support,0,0
logistic_regression,Pneumonia,0.0,0.0,0.0,measured,1,3
logistic_regression,URTI,0.3333333333333333,0.3333333333333333,0.3333333333333333,measured,3,3
svm,Asthma,,,,no held-out support,0,0
svm,Bronchiectasis,0.0,0.0,0.0,measured,2,3
svm,Bronchiolitis,0.0,0.0,0.0,measured,1,1
svm,COPD,0.8125,1.0,0.896551724137931,measured,13,37
svm,Healthy,0.6,0.6,0.6,measured,5,6
svm,LRTI,,,,no held-out support,0,0
svm,Pneumonia,0.0,0.0,0.0,measured,1,3
svm,URTI,0.25,0.3333333333333333,0.2857142857142857,measured,3,3
random_forest,Asthma,,,,no held-out support,0,0
random_forest,Bronchiectasis,0.0,0.0,0.0,measured,2,3
random_forest,Bronchiolitis,0.0,0.0,0.0,measured,1,1
random_forest,COPD,0.6842105263157895,1.0,0.8125,measured,13,37
random_forest,Healthy,0.75,0.6,0.6666666666666666,measured,5,6
random_forest,LRTI,,,,no held-out support,0,0
random_forest,Pneumonia,0.0,0.0,0.0,measured,1,3
random_forest,URTI,0.5,0.3333333333333333,0.4,measured,3,3
lightweight_mel_cnn,Asthma,,,,no held-out support,0,0
lightweight_mel_cnn,Bronchiectasis,0.0,0.0,0.0,measured,2,3
lightweight_mel_cnn,Bronchiolitis,0.25,1.0,0.4,measured,1,1
lightweight_mel_cnn,COPD,0.8125,1.0,0.896551724137931,measured,13,37
lightweight_mel_cnn,Healthy,0.0,0.0,0.0,measured,5,6
lightweight_mel_cnn,LRTI,,,,no held-out support,0,0
lightweight_mel_cnn,Pneumonia,0.0,0.0,0.0,measured,1,3
lightweight_mel_cnn,URTI,0.0,0.0,0.0,measured,3,3
multifeature_cnn,Asthma,,,,no held-out support,0,0
multifeature_cnn,Bronchiectasis,0.0,0.0,0.0,measured,2,3
multifeature_cnn,Bronchiolitis,0.0,0.0,0.0,measured,1,1
multifeature_cnn,COPD,0.52,1.0,0.6842105263157895,measured,13,37
multifeature_cnn,Healthy,0.0,0.0,0.0,measured,5,6
multifeature_cnn,LRTI,,,,no held-out support,0,0
multifeature_cnn,Pneumonia,0.0,0.0,0.0,measured,1,3
multifeature_cnn,URTI,0.0,0.0,0.0,measured,3,3
regularized_multifeature_cnn,Asthma,,,,no held-out support,0,0
regularized_multifeature_cnn,Bronchiectasis,0.0,0.0,0.0,measured,2,3
regularized_multifeature_cnn,Bronchiolitis,0.0,0.0,0.0,measured,1,1
regularized_multifeature_cnn,COPD,0.52,1.0,0.6842105263157895,measured,13,37
regularized_multifeature_cnn,Healthy,0.0,0.0,0.0,measured,5,6
regularized_multifeature_cnn,LRTI,,,,no held-out support,0,0
regularized_multifeature_cnn,Pneumonia,0.0,0.0,0.0,measured,1,3
regularized_multifeature_cnn,URTI,0.0,0.0,0.0,measured,3,3
cnn_lstm,Asthma,,,,no held-out support,0,0
cnn_lstm,Bronchiectasis,0.0,0.0,0.0,measured,2,3
cnn_lstm,Bronchiolitis,0.0,0.0,0.0,measured,1,1
cnn_lstm,COPD,0.5217391304347826,0.9230769230769231,0.6666666666666666,measured,13,37
cnn_lstm,Healthy,0.0,0.0,0.0,measured,5,6
cnn_lstm,LRTI,,,,no held-out support,0,0
cnn_lstm,Pneumonia,0.0,0.0,0.0,measured,1,3
cnn_lstm,URTI,0.0,0.0,0.0,measured,3,3
