patient_id,true_label,predicted_label,true_disease,predicted_disease,model_id,recordings,cycles
101,7,7,URTI,URTI,logistic_regression,1,23
106,3,3,COPD,COPD,logistic_regression,1,18
107,3,3,COPD,COPD,logistic_regression,4,231
119,7,4,URTI,Healthy,logistic_regression,1,9
121,4,4,Healthy,Healthy,logistic_regression,2,14
122,6,3,Pneumonia,COPD,logistic_regression,3,52
125,4,7,Healthy,URTI,logistic_regression,1,6
145,3,3,COPD,COPD,logistic_regression,3,37
147,3,3,COPD,COPD,logistic_regression,6,103
150,7,5,URTI,LRTI,logistic_regression,1,17
152,4,3,Healthy,COPD,logistic_regression,1,7
158,3,3,COPD,COPD,logistic_regression,6,217
159,4,2,Healthy,Bronchiolitis,logistic_regression,1,42
161,2,7,Bronchiolitis,URTI,logistic_regression,1,19
169,1,3,Bronchiectasis,COPD,logistic_regression,2,14
172,3,3,COPD,COPD,logistic_regression,4,176
175,3,3,COPD,COPD,logistic_regression,1,23
177,3,3,COPD,COPD,logistic_regression,3,79
179,4,5,Healthy,LRTI,logistic_regression,1,15
185,3,3,COPD,COPD,logistic_regression,1,55
196,1,1,Bronchiectasis,Bronchiectasis,logistic_regression,1,6
203,3,3,COPD,COPD,logistic_regression,4,185
218,3,3,COPD,COPD,logistic_regression,2,107
222,3,3,COPD,COPD,logistic_regression,1,45
223,3,3,COPD,COPD,logistic_regression,1,61
101,7,7,URTI,URTI,svm,1,23
106,3,3,COPD,COPD,svm,1,18
107,3,3,COPD,COPD,svm,4,231
119,7,4,URTI,Healthy,svm,1,9
121,4,4,Healthy,Healthy,svm,2,14
122,6,3,Pneumonia,COPD,svm,3,52
125,4,7,Healthy,URTI,svm,1,6
145,3,3,COPD,COPD,svm,3,37
147,3,3,COPD,COPD,svm,6,103
150,7,4,URTI,Healthy,svm,1,17
152,4,7,Healthy,URTI,svm,1,7
158,3,3,COPD,COPD,svm,6,217
159,4,4,Healthy,Healthy,svm,1,42
161,2,7,Bronchiolitis,URTI,svm,1,19
169,1,3,Bronchiectasis,COPD,svm,2,14
172,3,3,COPD,COPD,svm,4,176
175,3,3,COPD,COPD,svm,1,23
177,3,3,COPD,COPD,svm,3,79
179,4,4,Healthy,Healthy,svm,1,15
185,3,3,COPD,COPD,svm,1,55
196,1,3,Bronchiectasis,COPD,svm,1,6
203,3,3,COPD,COPD,svm,4,185
218,3,3,COPD,COPD,svm,2,107
222,3,3,COPD,COPD,svm,1,45
223,3,3,COPD,COPD,svm,1,61
101,7,7,URTI,URTI,random_forest,1,23
106,3,3,COPD,COPD,random_forest,1,18
107,3,3,COPD,COPD,random_forest,4,231
119,7,4,URTI,Healthy,random_forest,1,9
121,4,3,Healthy,COPD,random_forest,2,14
122,6,3,Pneumonia,COPD,random_forest,3,52
125,4,3,Healthy,COPD,random_forest,1,6
145,3,3,COPD,COPD,random_forest,3,37
147,3,3,COPD,COPD,random_forest,6,103
150,7,3,URTI,COPD,random_forest,1,17
152,4,4,Healthy,Healthy,random_forest,1,7
158,3,3,COPD,COPD,random_forest,6,217
159,4,4,Healthy,Healthy,random_forest,1,42
161,2,7,Bronchiolitis,URTI,random_forest,1,19
169,1,3,Bronchiectasis,COPD,random_forest,2,14
172,3,3,COPD,COPD,random_forest,4,176
175,3,3,COPD,COPD,random_forest,1,23
177,3,3,COPD,COPD,random_forest,3,79
179,4,4,Healthy,Healthy,random_forest,1,15
185,3,3,COPD,COPD,random_forest,1,55
196,1,3,Bronchiectasis,COPD,random_forest,1,6
203,3,3,COPD,COPD,random_forest,4,185
218,3,3,COPD,COPD,random_forest,2,107
222,3,3,COPD,COPD,random_forest,1,45
223,3,3,COPD,COPD,random_forest,1,61
101,7,2,URTI,Bronchiolitis,lightweight_mel_cnn,1,23
106,3,3,COPD,COPD,lightweight_mel_cnn,1,18
107,3,3,COPD,COPD,lightweight_mel_cnn,4,231
119,7,4,URTI,Healthy,lightweight_mel_cnn,1,9
121,4,7,Healthy,URTI,lightweight_mel_cnn,2,14
122,6,3,Pneumonia,COPD,lightweight_mel_cnn,3,52
125,4,7,Healthy,URTI,lightweight_mel_cnn,1,6
145,3,3,COPD,COPD,lightweight_mel_cnn,3,37
147,3,3,COPD,COPD,lightweight_mel_cnn,6,103
150,7,2,URTI,Bronchiolitis,lightweight_mel_cnn,1,17
152,4,7,Healthy,URTI,lightweight_mel_cnn,1,7
158,3,3,COPD,COPD,lightweight_mel_cnn,6,217
159,4,2,Healthy,Bronchiolitis,lightweight_mel_cnn,1,42
161,2,2,Bronchiolitis,Bronchiolitis,lightweight_mel_cnn,1,19
169,1,3,Bronchiectasis,COPD,lightweight_mel_cnn,2,14
172,3,3,COPD,COPD,lightweight_mel_cnn,4,176
175,3,3,COPD,COPD,lightweight_mel_cnn,1,23
177,3,3,COPD,COPD,lightweight_mel_cnn,3,79
179,4,7,Healthy,URTI,lightweight_mel_cnn,1,15
185,3,3,COPD,COPD,lightweight_mel_cnn,1,55
196,1,3,Bronchiectasis,COPD,lightweight_mel_cnn,1,6
203,3,3,COPD,COPD,lightweight_mel_cnn,4,185
218,3,3,COPD,COPD,lightweight_mel_cnn,2,107
222,3,3,COPD,COPD,lightweight_mel_cnn,1,45
223,3,3,COPD,COPD,lightweight_mel_cnn,1,61
101,7,3,URTI,COPD,multifeature_cnn,1,23
106,3,3,COPD,COPD,multifeature_cnn,1,18
107,3,3,COPD,COPD,multifeature_cnn,4,231
119,7,3,URTI,COPD,multifeature_cnn,1,9
121,4,3,Healthy,COPD,multifeature_cnn,2,14
122,6,3,Pneumonia,COPD,multifeature_cnn,3,52
125,4,3,Healthy,COPD,multifeature_cnn,1,6
145,3,3,COPD,COPD,multifeature_cnn,3,37
147,3,3,COPD,COPD,multifeature_cnn,6,103
150,7,3,URTI,COPD,multifeature_cnn,1,17
152,4,3,Healthy,COPD,multifeature_cnn,1,7
158,3,3,COPD,COPD,multifeature_cnn,6,217
159,4,3,Healthy,COPD,multifeature_cnn,1,42
161,2,3,Bronchiolitis,COPD,multifeature_cnn,1,19
169,1,3,Bronchiectasis,COPD,multifeature_cnn,2,14
172,3,3,COPD,COPD,multifeature_cnn,4,176
175,3,3,COPD,COPD,multifeature_cnn,1,23
177,3,3,COPD,COPD,multifeature_cnn,3,79
179,4,3,Healthy,COPD,multifeature_cnn,1,15
185,3,3,COPD,COPD,multifeature_cnn,1,55
196,1,3,Bronchiectasis,COPD,multifeature_cnn,1,6
203,3,3,COPD,COPD,multifeature_cnn,4,185
218,3,3,COPD,COPD,multifeature_cnn,2,107
222,3,3,COPD,COPD,multifeature_cnn,1,45
223,3,3,COPD,COPD,multifeature_cnn,1,61
101,7,3,URTI,COPD,regularized_multifeature_cnn,1,23
106,3,3,COPD,COPD,regularized_multifeature_cnn,1,18
107,3,3,COPD,COPD,regularized_multifeature_cnn,4,231
119,7,3,URTI,COPD,regularized_multifeature_cnn,1,9
121,4,3,Healthy,COPD,regularized_multifeature_cnn,2,14
122,6,3,Pneumonia,COPD,regularized_multifeature_cnn,3,52
125,4,3,Healthy,COPD,regularized_multifeature_cnn,1,6
145,3,3,COPD,COPD,regularized_multifeature_cnn,3,37
147,3,3,COPD,COPD,regularized_multifeature_cnn,6,103
150,7,3,URTI,COPD,regularized_multifeature_cnn,1,17
152,4,3,Healthy,COPD,regularized_multifeature_cnn,1,7
158,3,3,COPD,COPD,regularized_multifeature_cnn,6,217
159,4,3,Healthy,COPD,regularized_multifeature_cnn,1,42
161,2,3,Bronchiolitis,COPD,regularized_multifeature_cnn,1,19
169,1,3,Bronchiectasis,COPD,regularized_multifeature_cnn,2,14
172,3,3,COPD,COPD,regularized_multifeature_cnn,4,176
175,3,3,COPD,COPD,regularized_multifeature_cnn,1,23
177,3,3,COPD,COPD,regularized_multifeature_cnn,3,79
179,4,3,Healthy,COPD,regularized_multifeature_cnn,1,15
185,3,3,COPD,COPD,regularized_multifeature_cnn,1,55
196,1,3,Bronchiectasis,COPD,regularized_multifeature_cnn,1,6
203,3,3,COPD,COPD,regularized_multifeature_cnn,4,185
218,3,3,COPD,COPD,regularized_multifeature_cnn,2,107
222,3,3,COPD,COPD,regularized_multifeature_cnn,1,45
223,3,3,COPD,COPD,regularized_multifeature_cnn,1,61
101,7,3,URTI,COPD,cnn_lstm,1,23
106,3,3,COPD,COPD,cnn_lstm,1,18
107,3,3,COPD,COPD,cnn_lstm,4,231
119,7,3,URTI,COPD,cnn_lstm,1,9
121,4,3,Healthy,COPD,cnn_lstm,2,14
122,6,3,Pneumonia,COPD,cnn_lstm,3,52
125,4,3,Healthy,COPD,cnn_lstm,1,6
145,3,3,COPD,COPD,cnn_lstm,3,37
147,3,3,COPD,COPD,cnn_lstm,6,103
150,7,3,URTI,COPD,cnn_lstm,1,17
152,4,3,Healthy,COPD,cnn_lstm,1,7
158,3,3,COPD,COPD,cnn_lstm,6,217
159,4,3,Healthy,COPD,cnn_lstm,1,42
161,2,3,Bronchiolitis,COPD,cnn_lstm,1,19
169,1,3,Bronchiectasis,COPD,cnn_lstm,2,14
172,3,3,COPD,COPD,cnn_lstm,4,176
175,3,3,COPD,COPD,cnn_lstm,1,23
177,3,3,COPD,COPD,cnn_lstm,3,79
179,4,0,Healthy,Asthma,cnn_lstm,1,15
185,3,3,COPD,COPD,cnn_lstm,1,55
196,1,3,Bronchiectasis,COPD,cnn_lstm,1,6
203,3,3,COPD,COPD,cnn_lstm,4,185
218,3,3,COPD,COPD,cnn_lstm,2,107
222,3,3,COPD,COPD,cnn_lstm,1,45
223,3,6,COPD,Pneumonia,cnn_lstm,1,61
